[{"model": "accounts.cardstatus", "fields": {"position": 7, "card": 1, "deck": 5, "player": 1, "status": "deck", "played": false, "targetDeck": null}, "pk": 9}, {"model": "accounts.cardstatus", "fields": {"position": 6, "card": 2, "deck": 5, "player": 1, "status": "deck", "played": false, "targetDeck": null}, "pk": 10}, {"model": "accounts.cardstatus", "fields": {"position": 5, "card": 3, "deck": 5, "player": 1, "status": "deck", "played": false, "targetDeck": null}, "pk": 11}, {"model": "accounts.cardstatus", "fields": {"position": 2, "card": 4, "deck": 5, "player": 1, "status": "deck", "played": false, "targetDeck": null}, "pk": 12}, {"model": "accounts.cardstatus", "fields": {"position": 3, "card": 5, "deck": 5, "player": 1, "status": "deck", "played": false, "targetDeck": null}, "pk": 13}, {"model": "accounts.cardstatus", "fields": {"position": 4, "card": 6, "deck": 5, "player": 1, "status": "deck", "played": false, "targetDeck": null}, "pk": 14}, {"model": "accounts.cardstatus", "fields": {"position": 1, "card": 7, "deck": 5, "player": 1, "status": "deck", "played": false, "targetDeck": null}, "pk": 15}, {"model": "accounts.cardstatus", "fields": {"position": 0, "card": 8, "deck": 5, "player": 1, "status": "deck", "played": false, "targetDeck": null}, "pk": 16}, {"model": "accounts.deckstatus", "fields": {"player": 1, "initialized": true, "event": null, "deck": 1}, "pk": 5}, {"model": "accounts.deckstatus", "fields": {"player": 1, "initialized": false, "event": 19, "deck": 13}, "pk": 7}, {"model": "accounts.player", "fields": {"dash": 2, "user": 1, "power": 0, "force": 3, "resist": 2, "money": 0, "wisdom": 0, "charm": 1, "deck": 1}, "pk": 1}, {"model": "accounts.player", "fields": {"dash": 2, "user": 2, "power": 0, "force": 3, "resist": 2, "money": 0, "wisdom": 0, "charm": 1, "deck": 2}, "pk": 2}, {"model": "accounts.player", "fields": {"dash": 2, "user": 3, "power": 0, "force": 3, "resist": 2, "money": 0, "wisdom": 0, "charm": 1, "deck": 3}, "pk": 3}, {"model": "events.event", "fields": {"generic_result": null, "content": "", "created": "2015-03-15T18:11:10.847Z", "description": "", "title": "Prospect Heights", "auto": false, "slug": "prospect_heights", "tolog": false, "npc": null, "deck": 8, "blocking": false, "published": true, "locationDeck": null, "canshuffle": false}, "pk": 2}, {"model": "events.event", "fields": {"generic_result": null, "content": "You arrive at the house of the Chief of Police. {steve_home?It looks like her husband is home.:}", "created": "2015-03-15T18:24:30.473Z", "description": "", "title": "Chief's House", "auto": false, "slug": "chiefs_house", "tolog": true, "npc": 1, "deck": 17, "blocking": false, "published": true, "locationDeck": null, "canshuffle": false}, "pk": 3}, {"model": "events.event", "fields": {"generic_result": null, "content": "You see Steve Carmell enter the house.", "created": "2015-03-15T18:25:44.877Z", "description": "", "title": "Steve Arrives", "auto": true, "slug": "steve_arrives", "tolog": true, "npc": null, "deck": null, "blocking": false, "published": true, "locationDeck": null, "canshuffle": false}, "pk": 4}, {"model": "events.event", "fields": {"generic_result": null, "content": "You see Steve Carmell leave the house.", "created": "2015-03-15T18:26:30.495Z", "description": "", "title": "Steve Departs", "auto": true, "slug": "steve_departs", "tolog": true, "npc": null, "deck": null, "blocking": false, "published": true, "locationDeck": null, "canshuffle": false}, "pk": 5}, {"model": "events.event", "fields": {"generic_result": null, "content": "", "created": "2015-03-15T18:28:14.134Z", "description": "", "title": "Chief Sitting Room", "auto": false, "slug": "chief_sitting_room", "tolog": true, "npc": null, "deck": null, "blocking": false, "published": true, "locationDeck": 18, "canshuffle": false}, "pk": 6}, {"model": "events.event", "fields": {"generic_result": null, "content": "{steve_home?{night?The lights turn on suddenly. :}Steve is standing in the bedroom, looking both perplexed and increasingly angry. :The Chief's bedroom looks more practical than functional, but perhaps you'll be able to find something here.}", "created": "2015-03-15T18:29:15.155Z", "description": "", "title": "Chief Bedroom", "auto": false, "slug": "chief_bedroom", "tolog": true, "npc": null, "deck": null, "blocking": false, "published": true, "locationDeck": 22, "canshuffle": false}, "pk": 7}, {"model": "events.event", "fields": {"generic_result": null, "content": "The Chief's husband looks out from behind the door. \"Can I help you?\"", "created": "2015-03-15T18:30:28.836Z", "description": "", "title": "Steve at the Threshold", "auto": false, "slug": "steve_at_threshold", "tolog": true, "npc": 2, "deck": null, "blocking": false, "published": true, "locationDeck": null, "canshuffle": false}, "pk": 8}, {"model": "events.event", "fields": {"generic_result": null, "content": "", "created": "2015-03-15T18:33:05.581Z", "description": "", "title": "Fight with Steve", "auto": false, "slug": "fight_with_steve", "tolog": true, "npc": 2, "deck": null, "blocking": false, "published": true, "locationDeck": null, "canshuffle": false}, "pk": 9}, {"model": "events.event", "fields": {"generic_result": 18, "content": "", "created": "2015-03-15T18:39:36.289Z", "description": "", "title": "Knock Steve Unconscious", "auto": true, "slug": "steve_unconscious", "tolog": true, "npc": null, "deck": null, "blocking": false, "published": true, "locationDeck": null, "canshuffle": false}, "pk": 10}, {"model": "events.event", "fields": {"generic_result": 21, "content": "", "created": "2015-03-15T18:56:36.569Z", "description": "", "title": "Break into Bedroom", "auto": true, "slug": "break_into_bedroom", "tolog": true, "npc": null, "deck": null, "blocking": false, "published": true, "locationDeck": null, "canshuffle": false}, "pk": 11}, {"model": "events.event", "fields": {"generic_result": 22, "content": "", "created": "2015-03-15T18:57:07.986Z", "description": "", "title": "Break into Sitting Room", "auto": true, "slug": "break_into_sitting", "tolog": true, "npc": null, "deck": null, "blocking": false, "published": true, "locationDeck": null, "canshuffle": false}, "pk": 12}, {"model": "events.event", "fields": {"generic_result": null, "content": "", "created": "2015-03-15T19:05:14.897Z", "description": "", "title": "Pain", "auto": true, "slug": "pain", "tolog": true, "npc": null, "deck": null, "blocking": false, "published": true, "locationDeck": null, "canshuffle": false}, "pk": 13}, {"model": "events.event", "fields": {"generic_result": null, "content": "You find some documents that look quite thoroughly suspicious. The documents have many romantic flourishes and all share the signed initials RL. From the letters, you gather that this RL was previously in the Black Hand and has been trying to leave for years. You doubt that the initials would be enough to locate her, though.", "created": "2015-03-15T19:20:46.709Z", "description": "", "title": "Incriminating Documents", "auto": true, "slug": "incriminating_documents", "tolog": true, "npc": null, "deck": null, "blocking": false, "published": true, "locationDeck": null, "canshuffle": false}, "pk": 14}, {"model": "events.event", "fields": {"generic_result": null, "content": "The bookcase looks to be a complete mess. It's probably going to take you a while to try to search it.", "created": "2015-03-15T19:20:52.099Z", "description": "", "title": "Bookcase", "auto": false, "slug": "bookcase", "tolog": true, "npc": 3, "deck": null, "blocking": false, "published": true, "locationDeck": 21, "canshuffle": false}, "pk": 15}, {"model": "events.event", "fields": {"generic_result": null, "content": "", "created": "2015-03-15T21:29:58.878Z", "description": "", "title": "Home", "auto": false, "slug": "home", "tolog": false, "npc": null, "deck": 14, "blocking": false, "published": true, "locationDeck": null, "canshuffle": true}, "pk": 18}, {"model": "events.event", "fields": {"generic_result": null, "content": "", "created": "2015-03-15T21:36:09.547Z", "description": "", "title": "Prospect Heights", "auto": false, "slug": "prospect_heights_2", "tolog": false, "npc": null, "deck": null, "blocking": false, "published": true, "locationDeck": 13, "canshuffle": false}, "pk": 19}, {"model": "events.event", "fields": {"generic_result": null, "content": "Steve sits in his armchair, waiting for your questions.", "created": "2015-03-21T01:07:14.564Z", "description": "", "title": "Heart to Heart", "auto": false, "slug": "heart_to_heart", "tolog": true, "npc": 2, "deck": 19, "blocking": false, "published": true, "locationDeck": null, "canshuffle": false}, "pk": 20}, {"model": "events.event", "fields": {"generic_result": null, "content": "With a choked sob, Steve confesses to his affair, telling you the name of his mistress: Renee Lilac. He swears he'll break it off if you don't tell the Chief.", "created": "2015-03-26T16:20:12.946Z", "description": "Steve confesses his Affair", "title": "Confessions", "auto": false, "slug": "confessions", "tolog": true, "npc": null, "deck": 20, "blocking": false, "published": true, "locationDeck": null, "canshuffle": false}, "pk": 21}, {"model": "events.event", "fields": {"generic_result": null, "content": "You find a picture deep in the drawers of a woman of Italian descent. You take it with you. You could probably identify her if you saw her, but you have no idea where to start looking.", "created": "2015-03-26T17:29:52.456Z", "description": "Picture in the Drawers", "title": "Picture", "auto": true, "slug": "picture", "tolog": true, "npc": null, "deck": null, "blocking": false, "published": true, "locationDeck": null, "canshuffle": false}, "pk": 22}, {"model": "events.eventtrigger", "fields": {"threshold": 0, "npcthreshold": true, "event": 3, "helper": "", "template": 8, "localOnly": false, "originalEvent": 2, "result": "switch", "conditions": "", "onlyWhenNotPlayed": false, "content": ""}, "pk": 1}, {"model": "events.eventtrigger", "fields": {"threshold": -1, "npcthreshold": true, "event": 4, "helper": "", "template": 7, "localOnly": false, "originalEvent": 2, "result": null, "conditions": "not steve_home", "onlyWhenNotPlayed": false, "content": ""}, "pk": 2}, {"model": "events.eventtrigger", "fields": {"threshold": -1, "npcthreshold": true, "event": 5, "helper": "", "template": 7, "localOnly": false, "originalEvent": 2, "result": null, "conditions": "steve_home", "onlyWhenNotPlayed": false, "content": ""}, "pk": 3}, {"model": "events.eventtrigger", "fields": {"threshold": 99, "npcthreshold": true, "event": null, "helper": "", "template": 1, "localOnly": true, "originalEvent": 3, "result": null, "conditions": "", "onlyWhenNotPlayed": false, "content": "That's one sturdy door."}, "pk": 5}, {"model": "events.eventtrigger", "fields": {"threshold": 0, "npcthreshold": true, "event": 7, "helper": "Climb the fire escape", "template": 2, "localOnly": true, "originalEvent": 3, "result": null, "conditions": "", "onlyWhenNotPlayed": false, "content": "You climb the fire escape and head into the second story window."}, "pk": 6}, {"model": "events.eventtrigger", "fields": {"threshold": 99, "npcthreshold": true, "event": null, "helper": "", "template": 2, "localOnly": true, "originalEvent": 3, "result": null, "conditions": "", "onlyWhenNotPlayed": false, "content": "You can't quite reach the fire escape."}, "pk": 7}, {"model": "events.eventtrigger", "fields": {"threshold": 0, "npcthreshold": true, "event": 8, "helper": "Knock on the door", "template": 11, "localOnly": true, "originalEvent": 3, "result": null, "conditions": "steve_home", "onlyWhenNotPlayed": false, "content": "You knock on the door, and hear an unlatching sound as Steve Carmell answers the door."}, "pk": 8}, {"model": "events.eventtrigger", "fields": {"threshold": 0, "npcthreshold": true, "event": null, "helper": "Leave the premises", "template": 12, "localOnly": false, "originalEvent": 3, "result": "resolve", "conditions": "", "onlyWhenNotPlayed": false, "content": "You leave the premises."}, "pk": 9}, {"model": "events.eventtrigger", "fields": {"threshold": 0, "npcthreshold": true, "event": null, "helper": "Knock on the door", "template": 11, "localOnly": true, "originalEvent": 3, "result": null, "conditions": "not steve_home", "onlyWhenNotPlayed": false, "content": "No one answers."}, "pk": 10}, {"model": "events.eventtrigger", "fields": {"threshold": 0, "npcthreshold": true, "event": 12, "helper": "Break down the door", "template": 1, "localOnly": true, "originalEvent": 3, "result": "resolve", "conditions": "steve_home", "onlyWhenNotPlayed": false, "content": "You break down the door."}, "pk": 11}, {"model": "events.eventtrigger", "fields": {"threshold": 2, "npcthreshold": true, "event": 6, "helper": "Intimidate", "template": 1, "localOnly": false, "originalEvent": 8, "result": "switch", "conditions": "", "onlyWhenNotPlayed": false, "content": "\"Look, I'm a busy fella. I just have a few questions. Let me in, and we can resolve this quickly.\""}, "pk": 12}, {"model": "events.eventtrigger", "fields": {"threshold": 0, "npcthreshold": true, "event": 6, "helper": "Knock him out", "template": 2, "localOnly": false, "originalEvent": 8, "result": "switch", "conditions": "", "onlyWhenNotPlayed": false, "content": "Would have thought that the Chief of Police's husband would have had better self defense training. Oh well. You drag him into a corner of the sitting room."}, "pk": 13}, {"model": "events.eventtrigger", "fields": {"threshold": 3, "npcthreshold": true, "event": 6, "helper": "Seduce him", "template": 4, "localOnly": false, "originalEvent": 8, "result": "switch", "conditions": "", "onlyWhenNotPlayed": false, "content": "\"Don't suppose you could let me in to talk, sweetie? It's a bit chilly out here.\" With a sly grin, he steps aside."}, "pk": 14}, {"model": "events.eventtrigger", "fields": {"threshold": 99, "npcthreshold": true, "event": null, "helper": "", "template": 1, "localOnly": false, "originalEvent": 8, "result": null, "conditions": "", "onlyWhenNotPlayed": false, "content": "\"Umm... You know, I can get pretty scary when I get angry, so maybe you could just let me in, please...?\" He doesn't look convinced."}, "pk": 15}, {"model": "events.eventtrigger", "fields": {"threshold": 99, "npcthreshold": true, "event": null, "helper": "", "template": 2, "localOnly": false, "originalEvent": 8, "result": null, "conditions": "", "onlyWhenNotPlayed": false, "content": "\"What's that behind you!\" He eyes you suspiciously."}, "pk": 16}, {"model": "events.eventtrigger", "fields": {"threshold": 99, "npcthreshold": true, "event": null, "helper": "", "template": 4, "localOnly": false, "originalEvent": 8, "result": null, "conditions": "", "onlyWhenNotPlayed": false, "content": "\"Don't suppose you could let me in to talk, sweetie? It's a bit chilly out here.\"\r\n\r\n\"I'm not interested.\""}, "pk": 17}, {"model": "events.eventtrigger", "fields": {"threshold": 0, "npcthreshold": true, "event": 6, "helper": "", "template": 8, "localOnly": false, "originalEvent": 10, "result": "resolve", "conditions": "", "onlyWhenNotPlayed": false, "content": ""}, "pk": 18}, {"model": "events.eventtrigger", "fields": {"threshold": 0, "npcthreshold": true, "event": 10, "helper": "", "template": 1, "localOnly": false, "originalEvent": 9, "result": "switch", "conditions": "", "onlyWhenNotPlayed": false, "content": ""}, "pk": 19}, {"model": "events.eventtrigger", "fields": {"threshold": 0, "npcthreshold": true, "event": 10, "helper": "", "template": 2, "localOnly": false, "originalEvent": 9, "result": "switch", "conditions": "", "onlyWhenNotPlayed": false, "content": ""}, "pk": 20}, {"model": "events.eventtrigger", "fields": {"threshold": 0, "npcthreshold": true, "event": 7, "helper": "", "template": 7, "localOnly": false, "originalEvent": 11, "result": "resolve", "conditions": "", "onlyWhenNotPlayed": false, "content": ""}, "pk": 21}, {"model": "events.eventtrigger", "fields": {"threshold": 0, "npcthreshold": true, "event": 6, "helper": "", "template": 7, "localOnly": true, "originalEvent": 12, "result": "resolve", "conditions": "", "onlyWhenNotPlayed": false, "content": ""}, "pk": 22}, {"model": "events.eventtrigger", "fields": {"threshold": 0, "npcthreshold": false, "event": 9, "helper": "", "template": null, "localOnly": false, "originalEvent": 6, "result": null, "conditions": "steve_home and break_in and not steve_unconscious", "onlyWhenNotPlayed": false, "content": "Looks like Steve is not taking kindly to your break in. That's awfully inconsiderate."}, "pk": 23}, {"model": "events.eventtrigger", "fields": {"threshold": 0, "npcthreshold": false, "event": 9, "helper": "", "template": null, "localOnly": false, "originalEvent": 7, "result": null, "conditions": "steve_home and break_in and not steve_unconscious", "onlyWhenNotPlayed": false, "content": ""}, "pk": 24}, {"model": "events.eventtrigger", "fields": {"threshold": 0, "npcthreshold": true, "event": 13, "helper": "", "template": null, "localOnly": false, "originalEvent": 9, "result": null, "conditions": "", "onlyWhenNotPlayed": true, "content": ""}, "pk": 28}, {"model": "events.eventtrigger", "fields": {"threshold": 3, "npcthreshold": true, "event": 14, "helper": "", "template": 3, "localOnly": false, "originalEvent": 15, "result": "resolve", "conditions": "", "onlyWhenNotPlayed": false, "content": "After a methodical search, you find some papers of interest."}, "pk": 31}, {"model": "events.eventtrigger", "fields": {"threshold": 1, "npcthreshold": false, "event": 15, "helper": "", "template": 9, "localOnly": false, "originalEvent": 6, "result": null, "conditions": "not night", "onlyWhenNotPlayed": false, "content": "The bookcase catches your attention."}, "pk": 32}, {"model": "events.eventtrigger", "fields": {"threshold": 2, "npcthreshold": false, "event": 15, "helper": "", "template": 9, "localOnly": false, "originalEvent": 6, "result": null, "conditions": "night", "onlyWhenNotPlayed": false, "content": "You stumble across a bookcase in the dark."}, "pk": 33}, {"model": "events.eventtrigger", "fields": {"threshold": 0, "npcthreshold": false, "event": 3, "helper": "", "template": 7, "localOnly": false, "originalEvent": 19, "result": "resolve", "conditions": "", "onlyWhenNotPlayed": false, "content": ""}, "pk": 34}, {"model": "events.eventtrigger", "fields": {"threshold": 1, "npcthreshold": false, "event": 5, "helper": "", "template": 7, "localOnly": false, "originalEvent": 19, "result": "resolve", "conditions": "steve_home", "onlyWhenNotPlayed": false, "content": ""}, "pk": 35}, {"model": "events.eventtrigger", "fields": {"threshold": 1, "npcthreshold": false, "event": 4, "helper": "", "template": 7, "localOnly": false, "originalEvent": 19, "result": "resolve", "conditions": "not steve_home", "onlyWhenNotPlayed": false, "content": ""}, "pk": 36}, {"model": "events.eventtrigger", "fields": {"threshold": 0, "npcthreshold": false, "event": 20, "helper": "", "template": 8, "localOnly": false, "originalEvent": 6, "result": null, "conditions": "steve_home and not steve_unconscious and not break_in", "onlyWhenNotPlayed": false, "content": "\"You wanted to talk? Let's talk.\""}, "pk": 37}, {"model": "events.eventtrigger", "fields": {"threshold": 0, "npcthreshold": false, "event": 4, "helper": "", "template": 8, "localOnly": false, "originalEvent": 6, "result": null, "conditions": "not steve_home", "onlyWhenNotPlayed": false, "content": "Well, it looks like your time is up. Steve walks in the door and sees you."}, "pk": 40}, {"model": "events.eventtrigger", "fields": {"threshold": 0, "npcthreshold": false, "event": null, "helper": "", "template": 13, "localOnly": false, "originalEvent": 19, "result": null, "conditions": "", "onlyWhenNotPlayed": false, "content": "You find nothing of interest."}, "pk": 41}, {"model": "events.eventtrigger", "fields": {"threshold": 0, "npcthreshold": false, "event": null, "helper": "", "template": 9, "localOnly": false, "originalEvent": 6, "result": null, "conditions": "", "onlyWhenNotPlayed": false, "content": "Your search reveals nothing."}, "pk": 42}, {"model": "events.eventtrigger", "fields": {"threshold": 0, "npcthreshold": false, "event": null, "helper": "Why did you do it?", "template": 11, "localOnly": false, "originalEvent": 21, "result": null, "conditions": "", "onlyWhenNotPlayed": false, "content": "\"Why did you do it?\"<br>\r\n\r\nAccording to his account, she's a member of  some gang and has been trying desperately to leave. In his haste to help her, the two developed a bond."}, "pk": 43}, {"model": "events.eventtrigger", "fields": {"threshold": 0, "npcthreshold": false, "event": null, "helper": "I can't promise anything.", "template": 12, "localOnly": false, "originalEvent": 21, "result": "resolve", "conditions": "", "onlyWhenNotPlayed": false, "content": "\"I can't promise anything.\"<br>\r\n\r\nYou make no promises and leave the man to his grief."}, "pk": 44}, {"model": "events.eventtrigger", "fields": {"threshold": 1, "npcthreshold": false, "event": null, "helper": "Where can I find her?", "template": 11, "localOnly": false, "originalEvent": 21, "result": null, "conditions": "", "onlyWhenNotPlayed": false, "content": "\"Where can I find her?\"<br>\r\n\r\nHe isn't sure, but she first approached him near the docks."}, "pk": 45}, {"model": "events.eventtrigger", "fields": {"threshold": 0, "npcthreshold": false, "event": null, "helper": "I don't want either of you to get hurt.", "template": 14, "localOnly": false, "originalEvent": 21, "result": "resolve", "conditions": "", "onlyWhenNotPlayed": false, "content": "\"I don't want either of you to get hurt.\"<br>\r\n\r\nHe looks immensely relieved."}, "pk": 46}, {"model": "events.eventtrigger", "fields": {"threshold": 0, "npcthreshold": true, "event": 21, "helper": "Intimidate him", "template": 1, "localOnly": false, "originalEvent": 20, "result": "switch", "conditions": "", "onlyWhenNotPlayed": false, "content": "\"I really don't have time to sit around and exchange pleasantries. Tell me about the affair.\""}, "pk": 47}, {"model": "events.eventtrigger", "fields": {"threshold": 99, "npcthreshold": true, "event": null, "helper": "", "template": 1, "localOnly": false, "originalEvent": 20, "result": null, "conditions": "", "onlyWhenNotPlayed": false, "content": "You begin a tirade, but in the middle of it, your voice cracks. He doesn't look very intimidated."}, "pk": 48}, {"model": "events.eventtrigger", "fields": {"threshold": 0, "npcthreshold": true, "event": 10, "helper": "Knock him unconscious", "template": 2, "localOnly": false, "originalEvent": 20, "result": "resolve", "conditions": "", "onlyWhenNotPlayed": false, "content": "Before he can get another word in, you hit him over the head with a candelabra. He slumps to the ground."}, "pk": 49}, {"model": "events.eventtrigger", "fields": {"threshold": 99, "npcthreshold": true, "event": 9, "helper": "", "template": 2, "localOnly": false, "originalEvent": 20, "result": "switch", "conditions": "", "onlyWhenNotPlayed": false, "content": ""}, "pk": 50}, {"model": "events.eventtrigger", "fields": {"threshold": 0, "npcthreshold": true, "event": 21, "helper": "Persuade him to come clean.", "template": 4, "localOnly": false, "originalEvent": 20, "result": "switch", "conditions": "", "onlyWhenNotPlayed": false, "content": "\"The Chief knows what's been going on. She sent me to resolve this quietly. Let's just get this out into the open so that we can figure out how to resolve this.\""}, "pk": 51}, {"model": "events.eventtrigger", "fields": {"threshold": 99, "npcthreshold": true, "event": null, "helper": "", "template": 4, "localOnly": false, "originalEvent": 20, "result": null, "conditions": "", "onlyWhenNotPlayed": false, "content": "\"Well... you know that most married couples are happier when they're honest with each other, right? ...I suppose not that I would know from personal experience...\""}, "pk": 52}, {"model": "events.eventtrigger", "fields": {"threshold": 0, "npcthreshold": true, "event": 20, "helper": "", "template": 8, "localOnly": false, "originalEvent": 15, "result": "switch", "conditions": "not steve_unconscious and steve_home and not night", "onlyWhenNotPlayed": false, "content": "\"I thought you wanted to talk, not peruse our collection of books.\" He eyes you suspiciously and gestures to one of the seats."}, "pk": 53}, {"model": "events.eventtrigger", "fields": {"threshold": 4, "npcthreshold": true, "event": 22, "helper": "", "template": 3, "localOnly": false, "originalEvent": 7, "result": null, "conditions": "", "onlyWhenNotPlayed": false, "content": ""}, "pk": 54}, {"model": "events.eventeffect", "fields": {"event": 4, "effect": 1}, "pk": 1}, {"model": "events.eventeffect", "fields": {"event": 5, "effect": 2}, "pk": 2}, {"model": "events.eventeffect", "fields": {"event": 10, "effect": 3}, "pk": 3}, {"model": "events.eventeffect", "fields": {"event": 11, "effect": 5}, "pk": 4}, {"model": "events.eventeffect", "fields": {"event": 12, "effect": 5}, "pk": 5}, {"model": "events.eventeffect", "fields": {"event": 13, "effect": 4}, "pk": 6}, {"model": "events.eventeffect", "fields": {"event": 14, "effect": 6}, "pk": 7}, {"model": "events.eventeffect", "fields": {"event": 21, "effect": 7}, "pk": 8}, {"model": "events.eventeffect", "fields": {"event": 22, "effect": 8}, "pk": 9}, {"model": "flags.flag", "fields": {"name": "night", "temporary": false}, "pk": 1}, {"model": "flags.flag", "fields": {"name": "steve_home", "temporary": false}, "pk": 2}, {"model": "flags.flag", "fields": {"name": "steve_unconscious", "temporary": false}, "pk": 3}, {"model": "flags.flag", "fields": {"name": "affair_revealed", "temporary": false}, "pk": 4}, {"model": "flags.flag", "fields": {"name": "break_in", "temporary": false}, "pk": 5}, {"model": "flags.playerflag", "fields": {"player": 1, "state": 0, "flag": 1}, "pk": 1}, {"model": "locations.location", "fields": {}, "pk": 19}, {"model": "locations.location", "fields": {}, "pk": 18}, {"model": "npcs.npc", "fields": {"dash": 0, "power": 0, "name": "Carmell House", "force": 0, "resist": 0, "deck": null, "wisdom": 0, "charm": 0, "card": 73, "slug": "carmell_house"}, "pk": 1}, {"model": "npcs.npc", "fields": {"dash": 0, "power": 0, "name": "Steve Carmell", "force": 0, "resist": 0, "deck": 9, "wisdom": 0, "charm": 0, "card": 70, "slug": "steve_carmell"}, "pk": 2}, {"model": "npcs.npc", "fields": {"dash": 0, "power": 0, "name": "Bookcase", "force": 0, "resist": 0, "deck": null, "wisdom": 0, "charm": 0, "card": 72, "slug": "bookcase"}, "pk": 3}, {"model": "npcs.npc", "fields": {"dash": 0, "power": 0, "name": "Renee Lilac", "force": 0, "resist": 0, "deck": null, "wisdom": 0, "charm": 0, "card": 71, "slug": "renee_lilac"}, "pk": 4}, {"model": "npcs.npclink", "fields": {"npc": 1, "event": 2}, "pk": 1}, {"model": "npcs.npclink", "fields": {"npc": 1, "event": 19}, "pk": 3}]