[
{
    "pk": 1,
    "fields": {
        "model": "stattemplate",
        "name": "stat template",
        "app_label": "cards"
    },
    "model": "contenttypes.contenttype"
},
{
    "pk": 2,
    "fields": {
        "model": "playercard",
        "name": "player card",
        "app_label": "cards"
    },
    "model": "contenttypes.contenttype"
},
{
    "pk": 3,
    "fields": {
        "model": "permission",
        "name": "permission",
        "app_label": "auth"
    },
    "model": "contenttypes.contenttype"
},
{
    "pk": 4,
    "fields": {
        "model": "group",
        "name": "group",
        "app_label": "auth"
    },
    "model": "contenttypes.contenttype"
},
{
    "pk": 5,
    "fields": {
        "model": "user",
        "name": "user",
        "app_label": "auth"
    },
    "model": "contenttypes.contenttype"
},
{
    "pk": 6,
    "fields": {
        "model": "contenttype",
        "name": "content type",
        "app_label": "contenttypes"
    },
    "model": "contenttypes.contenttype"
},
{
    "pk": 7,
    "fields": {
        "model": "session",
        "name": "session",
        "app_label": "sessions"
    },
    "model": "contenttypes.contenttype"
},
{
    "pk": 8,
    "fields": {
        "model": "logentry",
        "name": "log entry",
        "app_label": "admin"
    },
    "model": "contenttypes.contenttype"
},
{
    "pk": 9,
    "fields": {
        "model": "cardtemplate",
        "name": "card template",
        "app_label": "cards"
    },
    "model": "contenttypes.contenttype"
},
{
    "pk": 10,
    "fields": {
        "model": "itemtemplate",
        "name": "item template",
        "app_label": "cards"
    },
    "model": "contenttypes.contenttype"
},
{
    "pk": 11,
    "fields": {
        "model": "npctemplate",
        "name": "npc template",
        "app_label": "cards"
    },
    "model": "contenttypes.contenttype"
},
{
    "pk": 12,
    "fields": {
        "model": "deck",
        "name": "deck",
        "app_label": "cards"
    },
    "model": "contenttypes.contenttype"
},
{
    "pk": 13,
    "fields": {
        "model": "basecard",
        "name": "base card",
        "app_label": "cards"
    },
    "model": "contenttypes.contenttype"
},
{
    "pk": 14,
    "fields": {
        "model": "card",
        "name": "card",
        "app_label": "cards"
    },
    "model": "contenttypes.contenttype"
},
{
    "pk": 15,
    "fields": {
        "model": "itemcard",
        "name": "item card",
        "app_label": "cards"
    },
    "model": "contenttypes.contenttype"
},
{
    "pk": 16,
    "fields": {
        "model": "npccard",
        "name": "npc card",
        "app_label": "cards"
    },
    "model": "contenttypes.contenttype"
},
{
    "pk": 17,
    "fields": {
        "model": "effect",
        "name": "effect",
        "app_label": "cards"
    },
    "model": "contenttypes.contenttype"
},
{
    "pk": 18,
    "fields": {
        "model": "healeffect",
        "name": "heal effect",
        "app_label": "cards"
    },
    "model": "contenttypes.contenttype"
},
{
    "pk": 19,
    "fields": {
        "model": "statuschangeeffect",
        "name": "status change effect",
        "app_label": "cards"
    },
    "model": "contenttypes.contenttype"
},
{
    "pk": 20,
    "fields": {
        "model": "effectlink",
        "name": "effect link",
        "app_label": "cards"
    },
    "model": "contenttypes.contenttype"
},
{
    "pk": 21,
    "fields": {
        "model": "event",
        "name": "event",
        "app_label": "events"
    },
    "model": "contenttypes.contenttype"
},
{
    "pk": 22,
    "fields": {
        "model": "eventtrigger",
        "name": "event trigger",
        "app_label": "events"
    },
    "model": "contenttypes.contenttype"
},
{
    "pk": 23,
    "fields": {
        "model": "location",
        "name": "location",
        "app_label": "locations"
    },
    "model": "contenttypes.contenttype"
},
{
    "pk": 24,
    "fields": {
        "model": "globaleventtrigger",
        "name": "global event trigger",
        "app_label": "locations"
    },
    "model": "contenttypes.contenttype"
},
{
    "pk": 25,
    "fields": {
        "model": "locationtrigger",
        "name": "location trigger",
        "app_label": "locations"
    },
    "model": "contenttypes.contenttype"
},
{
    "pk": 26,
    "fields": {
        "model": "cardstatus",
        "name": "card status",
        "app_label": "accounts"
    },
    "model": "contenttypes.contenttype"
},
{
    "pk": 27,
    "fields": {
        "model": "deckstatus",
        "name": "deck status",
        "app_label": "accounts"
    },
    "model": "contenttypes.contenttype"
},
{
    "pk": 28,
    "fields": {
        "model": "player",
        "name": "player",
        "app_label": "accounts"
    },
    "model": "contenttypes.contenttype"
},
{
    "pk": 29,
    "fields": {
        "model": "log",
        "name": "log",
        "app_label": "accounts"
    },
    "model": "contenttypes.contenttype"
},
{
    "pk": 30,
    "fields": {
        "model": "triggerlog",
        "name": "trigger log",
        "app_label": "accounts"
    },
    "model": "contenttypes.contenttype"
},
{
    "pk": 31,
    "fields": {
        "model": "activeevent",
        "name": "active event",
        "app_label": "accounts"
    },
    "model": "contenttypes.contenttype"
},
{
    "pk": 32,
    "fields": {
        "model": "npc",
        "name": "npc",
        "app_label": "npcs"
    },
    "model": "contenttypes.contenttype"
},
{
    "pk": 33,
    "fields": {
        "model": "npcinstance",
        "name": "npc instance",
        "app_label": "npcs"
    },
    "model": "contenttypes.contenttype"
},
{
    "pk": 34,
    "fields": {
        "model": "npclink",
        "name": "npc link",
        "app_label": "npcs"
    },
    "model": "contenttypes.contenttype"
},
{
    "pk": "sn9xkkpy6r668yoh9osjokh0e9ssrc4r",
    "fields": {
        "expire_date": "2015-01-18T04:52:53.470Z",
        "session_data": "NzI2MDBhNWY1NDczNWY2OGI3MGVlZWY3MWZjYjU1YmUzODcyZDQwMTp7Il9hdXRoX3VzZXJfYmFja2VuZCI6ImRqYW5nby5jb250cmliLmF1dGguYmFja2VuZHMuTW9kZWxCYWNrZW5kIiwiX2F1dGhfdXNlcl9oYXNoIjoiNjJmZGNkNDZjM2E1NzM5ZTMyMGRiYzg2ODI5N2ZlOWRmMTI2NGM2MyIsIl9tZXNzYWdlcyI6IltbXCJfX2pzb25fbWVzc2FnZVwiLDAsMjUsXCJUaGUgbG9jYXRpb24gXFxcIkhvbWVcXFwiIHdhcyBhZGRlZCBzdWNjZXNzZnVsbHkuXCJdLFtcIl9fanNvbl9tZXNzYWdlXCIsMCwyNSxcIlRoZSBsb2NhdGlvbiBcXFwiUHJvc3BlY3QgSGVpZ2h0c1xcXCIgd2FzIGFkZGVkIHN1Y2Nlc3NmdWxseS5cIl0sW1wiX19qc29uX21lc3NhZ2VcIiwwLDI1LFwiVGhlIG5wYyB0ZW1wbGF0ZSBcXFwiSG91c2UgVGVtcGxhdGVcXFwiIHdhcyBhZGRlZCBzdWNjZXNzZnVsbHkuXCJdLFtcIl9fanNvbl9tZXNzYWdlXCIsMCwyNSxcIlRoZSBsb2NhdGlvbiBcXFwiUHJvc3BlY3QgSGVpZ2h0c1xcXCIgd2FzIGNoYW5nZWQgc3VjY2Vzc2Z1bGx5LlwiXSxbXCJfX2pzb25fbWVzc2FnZVwiLDAsMjUsXCJUaGUgZXZlbnQgXFxcIkhPVVNFXFxcIiB3YXMgY2hhbmdlZCBzdWNjZXNzZnVsbHkuXCJdLFtcIl9fanNvbl9tZXNzYWdlXCIsMCwyNSxcIlRoZSBldmVudCBcXFwiTGl2aW5nIFJvb21cXFwiIHdhcyBjaGFuZ2VkIHN1Y2Nlc3NmdWxseS5cIl0sW1wiX19qc29uX21lc3NhZ2VcIiwwLDI1LFwiVGhlIGV2ZW50IFxcXCJSYW5zYWNrZWRcXFwiIHdhcyBjaGFuZ2VkIHN1Y2Nlc3NmdWxseS5cIl0sW1wiX19qc29uX21lc3NhZ2VcIiwwLDI1LFwiVGhlIGV2ZW50IFxcXCJEcmF3ZXJcXFwiIHdhcyBjaGFuZ2VkIHN1Y2Nlc3NmdWxseS5cIl0sW1wiX19qc29uX21lc3NhZ2VcIiwwLDI1LFwiVGhlIGxvY2F0aW9uIFxcXCJQcm9zcGVjdCBIZWlnaHRzXFxcIiB3YXMgY2hhbmdlZCBzdWNjZXNzZnVsbHkuXCJdXSIsIl9hdXRoX3VzZXJfaWQiOjF9"
    },
    "model": "sessions.session"
},
{
    "pk": 1,
    "fields": {
        "requiresTarget": false,
        "polymorphic_ctype": 1,
        "name": "Force"
    },
    "model": "cards.cardtemplate"
},
{
    "pk": 2,
    "fields": {
        "requiresTarget": false,
        "polymorphic_ctype": 1,
        "name": "Dash"
    },
    "model": "cards.cardtemplate"
},
{
    "pk": 3,
    "fields": {
        "requiresTarget": false,
        "polymorphic_ctype": 1,
        "name": "Resist"
    },
    "model": "cards.cardtemplate"
},
{
    "pk": 4,
    "fields": {
        "requiresTarget": false,
        "polymorphic_ctype": 1,
        "name": "Charm"
    },
    "model": "cards.cardtemplate"
},
{
    "pk": 5,
    "fields": {
        "requiresTarget": false,
        "polymorphic_ctype": 1,
        "name": "Wisdom"
    },
    "model": "cards.cardtemplate"
},
{
    "pk": 6,
    "fields": {
        "requiresTarget": false,
        "polymorphic_ctype": 1,
        "name": "Power"
    },
    "model": "cards.cardtemplate"
},
{
    "pk": 7,
    "fields": {
        "requiresTarget": false,
        "polymorphic_ctype": 11,
        "name": "House"
    },
    "model": "cards.cardtemplate"
},
{
    "pk": 1,
    "fields": {
        "statistic": "force"
    },
    "model": "cards.stattemplate"
},
{
    "pk": 2,
    "fields": {
        "statistic": "dash"
    },
    "model": "cards.stattemplate"
},
{
    "pk": 3,
    "fields": {
        "statistic": "resist"
    },
    "model": "cards.stattemplate"
},
{
    "pk": 4,
    "fields": {
        "statistic": "charm"
    },
    "model": "cards.stattemplate"
},
{
    "pk": 5,
    "fields": {
        "statistic": "wisdom"
    },
    "model": "cards.stattemplate"
},
{
    "pk": 6,
    "fields": {
        "statistic": "power"
    },
    "model": "cards.stattemplate"
},
{
    "pk": 7,
    "fields": {
        "npc": 1
    },
    "model": "cards.npctemplate"
},
{
    "pk": 1,
    "fields": {},
    "model": "cards.deck"
},
{
    "pk": 2,
    "fields": {},
    "model": "cards.deck"
},
{
    "pk": 3,
    "fields": {},
    "model": "cards.deck"
},
{
    "pk": 4,
    "fields": {},
    "model": "cards.deck"
},
{
    "pk": 1,
    "fields": {
        "polymorphic_ctype": 2,
        "description": null,
        "deck": 1,
        "modifier": 1
    },
    "model": "cards.basecard"
},
{
    "pk": 2,
    "fields": {
        "polymorphic_ctype": 2,
        "description": null,
        "deck": 1,
        "modifier": 2
    },
    "model": "cards.basecard"
},
{
    "pk": 3,
    "fields": {
        "polymorphic_ctype": 2,
        "description": null,
        "deck": 1,
        "modifier": 3
    },
    "model": "cards.basecard"
},
{
    "pk": 4,
    "fields": {
        "polymorphic_ctype": 2,
        "description": null,
        "deck": 1,
        "modifier": 1
    },
    "model": "cards.basecard"
},
{
    "pk": 5,
    "fields": {
        "polymorphic_ctype": 2,
        "description": null,
        "deck": 1,
        "modifier": 2
    },
    "model": "cards.basecard"
},
{
    "pk": 6,
    "fields": {
        "polymorphic_ctype": 2,
        "description": null,
        "deck": 1,
        "modifier": 1
    },
    "model": "cards.basecard"
},
{
    "pk": 7,
    "fields": {
        "polymorphic_ctype": 2,
        "description": null,
        "deck": 1,
        "modifier": 2
    },
    "model": "cards.basecard"
},
{
    "pk": 8,
    "fields": {
        "polymorphic_ctype": 2,
        "description": null,
        "deck": 1,
        "modifier": 1
    },
    "model": "cards.basecard"
},
{
    "pk": 9,
    "fields": {
        "polymorphic_ctype": 2,
        "description": null,
        "deck": 2,
        "modifier": 1
    },
    "model": "cards.basecard"
},
{
    "pk": 10,
    "fields": {
        "polymorphic_ctype": 2,
        "description": null,
        "deck": 2,
        "modifier": 2
    },
    "model": "cards.basecard"
},
{
    "pk": 11,
    "fields": {
        "polymorphic_ctype": 2,
        "description": null,
        "deck": 2,
        "modifier": 3
    },
    "model": "cards.basecard"
},
{
    "pk": 12,
    "fields": {
        "polymorphic_ctype": 2,
        "description": null,
        "deck": 2,
        "modifier": 1
    },
    "model": "cards.basecard"
},
{
    "pk": 13,
    "fields": {
        "polymorphic_ctype": 2,
        "description": null,
        "deck": 2,
        "modifier": 2
    },
    "model": "cards.basecard"
},
{
    "pk": 14,
    "fields": {
        "polymorphic_ctype": 2,
        "description": null,
        "deck": 2,
        "modifier": 1
    },
    "model": "cards.basecard"
},
{
    "pk": 15,
    "fields": {
        "polymorphic_ctype": 2,
        "description": null,
        "deck": 2,
        "modifier": 2
    },
    "model": "cards.basecard"
},
{
    "pk": 16,
    "fields": {
        "polymorphic_ctype": 2,
        "description": null,
        "deck": 2,
        "modifier": 1
    },
    "model": "cards.basecard"
},
{
    "pk": 17,
    "fields": {
        "polymorphic_ctype": 2,
        "description": null,
        "deck": 3,
        "modifier": 1
    },
    "model": "cards.basecard"
},
{
    "pk": 18,
    "fields": {
        "polymorphic_ctype": 2,
        "description": null,
        "deck": 3,
        "modifier": 2
    },
    "model": "cards.basecard"
},
{
    "pk": 19,
    "fields": {
        "polymorphic_ctype": 2,
        "description": null,
        "deck": 3,
        "modifier": 3
    },
    "model": "cards.basecard"
},
{
    "pk": 20,
    "fields": {
        "polymorphic_ctype": 2,
        "description": null,
        "deck": 3,
        "modifier": 1
    },
    "model": "cards.basecard"
},
{
    "pk": 21,
    "fields": {
        "polymorphic_ctype": 2,
        "description": null,
        "deck": 3,
        "modifier": 2
    },
    "model": "cards.basecard"
},
{
    "pk": 22,
    "fields": {
        "polymorphic_ctype": 2,
        "description": null,
        "deck": 3,
        "modifier": 1
    },
    "model": "cards.basecard"
},
{
    "pk": 23,
    "fields": {
        "polymorphic_ctype": 2,
        "description": null,
        "deck": 3,
        "modifier": 2
    },
    "model": "cards.basecard"
},
{
    "pk": 24,
    "fields": {
        "polymorphic_ctype": 2,
        "description": null,
        "deck": 3,
        "modifier": 1
    },
    "model": "cards.basecard"
},
{
    "pk": 25,
    "fields": {
        "polymorphic_ctype": 14,
        "description": "",
        "deck": 4,
        "modifier": 0
    },
    "model": "cards.basecard"
},
{
    "pk": 25,
    "fields": {
        "template": 7
    },
    "model": "cards.card"
},
{
    "pk": 1,
    "fields": {
        "experience": 0,
        "template": 1
    },
    "model": "cards.playercard"
},
{
    "pk": 2,
    "fields": {
        "experience": 0,
        "template": 1
    },
    "model": "cards.playercard"
},
{
    "pk": 3,
    "fields": {
        "experience": 0,
        "template": 1
    },
    "model": "cards.playercard"
},
{
    "pk": 4,
    "fields": {
        "experience": 0,
        "template": 2
    },
    "model": "cards.playercard"
},
{
    "pk": 5,
    "fields": {
        "experience": 0,
        "template": 2
    },
    "model": "cards.playercard"
},
{
    "pk": 6,
    "fields": {
        "experience": 0,
        "template": 3
    },
    "model": "cards.playercard"
},
{
    "pk": 7,
    "fields": {
        "experience": 0,
        "template": 3
    },
    "model": "cards.playercard"
},
{
    "pk": 8,
    "fields": {
        "experience": 0,
        "template": 4
    },
    "model": "cards.playercard"
},
{
    "pk": 9,
    "fields": {
        "experience": 0,
        "template": 1
    },
    "model": "cards.playercard"
},
{
    "pk": 10,
    "fields": {
        "experience": 0,
        "template": 1
    },
    "model": "cards.playercard"
},
{
    "pk": 11,
    "fields": {
        "experience": 0,
        "template": 1
    },
    "model": "cards.playercard"
},
{
    "pk": 12,
    "fields": {
        "experience": 0,
        "template": 2
    },
    "model": "cards.playercard"
},
{
    "pk": 13,
    "fields": {
        "experience": 0,
        "template": 2
    },
    "model": "cards.playercard"
},
{
    "pk": 14,
    "fields": {
        "experience": 0,
        "template": 3
    },
    "model": "cards.playercard"
},
{
    "pk": 15,
    "fields": {
        "experience": 0,
        "template": 3
    },
    "model": "cards.playercard"
},
{
    "pk": 16,
    "fields": {
        "experience": 0,
        "template": 4
    },
    "model": "cards.playercard"
},
{
    "pk": 17,
    "fields": {
        "experience": 0,
        "template": 1
    },
    "model": "cards.playercard"
},
{
    "pk": 18,
    "fields": {
        "experience": 0,
        "template": 1
    },
    "model": "cards.playercard"
},
{
    "pk": 19,
    "fields": {
        "experience": 0,
        "template": 1
    },
    "model": "cards.playercard"
},
{
    "pk": 20,
    "fields": {
        "experience": 0,
        "template": 2
    },
    "model": "cards.playercard"
},
{
    "pk": 21,
    "fields": {
        "experience": 0,
        "template": 2
    },
    "model": "cards.playercard"
},
{
    "pk": 22,
    "fields": {
        "experience": 0,
        "template": 3
    },
    "model": "cards.playercard"
},
{
    "pk": 23,
    "fields": {
        "experience": 0,
        "template": 3
    },
    "model": "cards.playercard"
},
{
    "pk": 24,
    "fields": {
        "experience": 0,
        "template": 4
    },
    "model": "cards.playercard"
},
{
    "pk": 1,
    "fields": {
        "published": true,
        "auto": false,
        "created": "2015-01-04T04:46:06.349Z",
        "generic_result": null,
        "content": "House content",
        "title": "HOUSE",
        "description": "GET INTO THE HOUSE",
        "deck": null,
        "slug": "house",
        "npc": 1
    },
    "model": "events.event"
},
{
    "pk": 2,
    "fields": {
        "published": true,
        "auto": false,
        "created": "2015-01-04T04:47:53.959Z",
        "generic_result": null,
        "content": "You're in the living room",
        "title": "Living Room",
        "description": "Living Room",
        "deck": null,
        "slug": "living_room",
        "npc": 2
    },
    "model": "events.event"
},
{
    "pk": 3,
    "fields": {
        "published": true,
        "auto": true,
        "created": "2015-01-04T04:49:17.022Z",
        "generic_result": null,
        "content": "There's a locket in the drawer",
        "title": "Drawer",
        "description": "Drawer",
        "deck": null,
        "slug": "drawer",
        "npc": null
    },
    "model": "events.event"
},
{
    "pk": 4,
    "fields": {
        "published": true,
        "auto": true,
        "created": "2015-01-04T04:50:11.052Z",
        "generic_result": null,
        "content": "You ransacked the place. After much effort, you find a few stray notes.",
        "title": "Ransacked",
        "description": "Ransacked",
        "deck": null,
        "slug": "ransacked",
        "npc": null
    },
    "model": "events.event"
},
{
    "pk": 1,
    "fields": {
        "resolved": true,
        "failed_content": "You failed to break in.",
        "template": 1,
        "onlyWhenNotPlayed": false,
        "originalEvent": 1,
        "content": "You break into the living room",
        "event": 2,
        "threshold": 0
    },
    "model": "events.eventtrigger"
},
{
    "pk": 2,
    "fields": {
        "resolved": true,
        "failed_content": "The lock pick breaks.",
        "template": 2,
        "onlyWhenNotPlayed": false,
        "originalEvent": 1,
        "content": "You pick the lock.",
        "event": 2,
        "threshold": 0
    },
    "model": "events.eventtrigger"
},
{
    "pk": 3,
    "fields": {
        "resolved": true,
        "failed_content": "Nothing of interest.",
        "template": 2,
        "onlyWhenNotPlayed": false,
        "originalEvent": 2,
        "content": "Sneaking around, you quietly find a locked drawer that you pick open.",
        "event": 3,
        "threshold": 0
    },
    "model": "events.eventtrigger"
},
{
    "pk": 4,
    "fields": {
        "resolved": true,
        "failed_content": "In a fit of rage, you punch a wall, but nothing happens.",
        "template": 1,
        "onlyWhenNotPlayed": false,
        "originalEvent": 2,
        "content": "You ransack the place.",
        "event": 4,
        "threshold": 0
    },
    "model": "events.eventtrigger"
},
{
    "pk": 1,
    "fields": {
        "description": "Where the heart is",
        "canshuffle": true,
        "title": "Home",
        "published": true,
        "created": "2015-01-04T04:43:38.614Z",
        "deck": null,
        "slug": "home"
    },
    "model": "locations.location"
},
{
    "pk": 2,
    "fields": {
        "description": "A diverse area on the border of Prospect Park",
        "canshuffle": false,
        "title": "Prospect Heights",
        "published": true,
        "created": "2015-01-04T04:44:39.472Z",
        "deck": 4,
        "slug": "prospect_heights"
    },
    "model": "locations.location"
},
{
    "pk": 1,
    "fields": {
        "template": 7,
        "location": 2,
        "onlyWhenNotPlayed": false,
        "content": "Not shown",
        "event": 1,
        "threshold": 0
    },
    "model": "locations.locationtrigger"
},
{
    "pk": 17,
    "fields": {
        "targetDeck": null,
        "status": "deck",
        "played": false,
        "deck": 3,
        "position": 7,
        "card": 1
    },
    "model": "accounts.cardstatus"
},
{
    "pk": 18,
    "fields": {
        "targetDeck": 3,
        "status": "play",
        "played": true,
        "deck": 3,
        "position": 0,
        "card": 2
    },
    "model": "accounts.cardstatus"
},
{
    "pk": 19,
    "fields": {
        "targetDeck": null,
        "status": "deck",
        "played": false,
        "deck": 3,
        "position": 6,
        "card": 3
    },
    "model": "accounts.cardstatus"
},
{
    "pk": 20,
    "fields": {
        "targetDeck": null,
        "status": "deck",
        "played": false,
        "deck": 3,
        "position": 5,
        "card": 4
    },
    "model": "accounts.cardstatus"
},
{
    "pk": 21,
    "fields": {
        "targetDeck": null,
        "status": "deck",
        "played": false,
        "deck": 3,
        "position": 2,
        "card": 5
    },
    "model": "accounts.cardstatus"
},
{
    "pk": 22,
    "fields": {
        "targetDeck": null,
        "status": "deck",
        "played": false,
        "deck": 3,
        "position": 4,
        "card": 6
    },
    "model": "accounts.cardstatus"
},
{
    "pk": 23,
    "fields": {
        "targetDeck": null,
        "status": "hand",
        "played": false,
        "deck": 3,
        "position": 1,
        "card": 7
    },
    "model": "accounts.cardstatus"
},
{
    "pk": 24,
    "fields": {
        "targetDeck": null,
        "status": "deck",
        "played": false,
        "deck": 3,
        "position": 3,
        "card": 8
    },
    "model": "accounts.cardstatus"
},
{
    "pk": 25,
    "fields": {
        "targetDeck": 4,
        "status": "play",
        "played": false,
        "deck": 4,
        "position": 0,
        "card": 25
    },
    "model": "accounts.cardstatus"
},
{
    "pk": 3,
    "fields": {
        "deck": 1,
        "player": 1,
        "initialized": true,
        "location": null
    },
    "model": "accounts.deckstatus"
},
{
    "pk": 4,
    "fields": {
        "deck": 4,
        "player": 1,
        "initialized": true,
        "location": 2
    },
    "model": "accounts.deckstatus"
},
{
    "pk": 1,
    "fields": {
        "polymorphic_ctype": 29,
        "event": 1,
        "logged": "2015-01-04T04:53:00.410Z",
        "location": 2,
        "user": 1
    },
    "model": "accounts.log"
},
{
    "pk": 2,
    "fields": {
        "polymorphic_ctype": 30,
        "event": null,
        "logged": "2015-01-04T04:53:06.026Z",
        "location": 2,
        "user": 1
    },
    "model": "accounts.log"
},
{
    "pk": 3,
    "fields": {
        "polymorphic_ctype": 29,
        "event": 2,
        "logged": "2015-01-04T04:53:06.029Z",
        "location": 2,
        "user": 1
    },
    "model": "accounts.log"
},
{
    "pk": 2,
    "fields": {
        "success": true,
        "trigger": 1
    },
    "model": "accounts.triggerlog"
},
{
    "pk": 1,
    "fields": {
        "stackOrder": 0,
        "resolved": true,
        "failed": false,
        "location": 2,
        "event": 1,
        "player": 1,
        "cardStatus": 25
    },
    "model": "accounts.activeevent"
},
{
    "pk": 2,
    "fields": {
        "stackOrder": 1,
        "resolved": false,
        "failed": false,
        "location": 2,
        "event": 2,
        "player": 1,
        "cardStatus": 18
    },
    "model": "accounts.activeevent"
},
{
    "pk": 1,
    "fields": {
        "wisdom": 0,
        "genericEvent": null,
        "resist": 0,
        "power": 0,
        "charm": 0,
        "dash": 0,
        "life": 1,
        "force": 0,
        "name": "House",
        "slug": "house"
    },
    "model": "npcs.npc"
},
{
    "pk": 2,
    "fields": {
        "wisdom": 0,
        "genericEvent": null,
        "resist": 0,
        "power": 0,
        "charm": 0,
        "dash": 0,
        "life": 1,
        "force": 0,
        "name": "Living Room",
        "slug": "living_room"
    },
    "model": "npcs.npc"
},
{
    "pk": 1,
    "fields": {
        "life": -5,
        "player": 1,
        "npc": 1
    },
    "model": "npcs.npcinstance"
},
{
    "pk": 2,
    "fields": {
        "life": 0,
        "player": 1,
        "npc": 2
    },
    "model": "npcs.npcinstance"
},
{
    "pk": 1,
    "fields": {
        "codename": "add_permission",
        "name": "Can add permission",
        "content_type": 3
    },
    "model": "auth.permission"
},
{
    "pk": 2,
    "fields": {
        "codename": "change_permission",
        "name": "Can change permission",
        "content_type": 3
    },
    "model": "auth.permission"
},
{
    "pk": 3,
    "fields": {
        "codename": "delete_permission",
        "name": "Can delete permission",
        "content_type": 3
    },
    "model": "auth.permission"
},
{
    "pk": 4,
    "fields": {
        "codename": "add_group",
        "name": "Can add group",
        "content_type": 4
    },
    "model": "auth.permission"
},
{
    "pk": 5,
    "fields": {
        "codename": "change_group",
        "name": "Can change group",
        "content_type": 4
    },
    "model": "auth.permission"
},
{
    "pk": 6,
    "fields": {
        "codename": "delete_group",
        "name": "Can delete group",
        "content_type": 4
    },
    "model": "auth.permission"
},
{
    "pk": 7,
    "fields": {
        "codename": "add_user",
        "name": "Can add user",
        "content_type": 5
    },
    "model": "auth.permission"
},
{
    "pk": 8,
    "fields": {
        "codename": "change_user",
        "name": "Can change user",
        "content_type": 5
    },
    "model": "auth.permission"
},
{
    "pk": 9,
    "fields": {
        "codename": "delete_user",
        "name": "Can delete user",
        "content_type": 5
    },
    "model": "auth.permission"
},
{
    "pk": 10,
    "fields": {
        "codename": "add_contenttype",
        "name": "Can add content type",
        "content_type": 6
    },
    "model": "auth.permission"
},
{
    "pk": 11,
    "fields": {
        "codename": "change_contenttype",
        "name": "Can change content type",
        "content_type": 6
    },
    "model": "auth.permission"
},
{
    "pk": 12,
    "fields": {
        "codename": "delete_contenttype",
        "name": "Can delete content type",
        "content_type": 6
    },
    "model": "auth.permission"
},
{
    "pk": 13,
    "fields": {
        "codename": "add_session",
        "name": "Can add session",
        "content_type": 7
    },
    "model": "auth.permission"
},
{
    "pk": 14,
    "fields": {
        "codename": "change_session",
        "name": "Can change session",
        "content_type": 7
    },
    "model": "auth.permission"
},
{
    "pk": 15,
    "fields": {
        "codename": "delete_session",
        "name": "Can delete session",
        "content_type": 7
    },
    "model": "auth.permission"
},
{
    "pk": 16,
    "fields": {
        "codename": "add_logentry",
        "name": "Can add log entry",
        "content_type": 8
    },
    "model": "auth.permission"
},
{
    "pk": 17,
    "fields": {
        "codename": "change_logentry",
        "name": "Can change log entry",
        "content_type": 8
    },
    "model": "auth.permission"
},
{
    "pk": 18,
    "fields": {
        "codename": "delete_logentry",
        "name": "Can delete log entry",
        "content_type": 8
    },
    "model": "auth.permission"
},
{
    "pk": 19,
    "fields": {
        "codename": "add_cardtemplate",
        "name": "Can add card template",
        "content_type": 9
    },
    "model": "auth.permission"
},
{
    "pk": 20,
    "fields": {
        "codename": "change_cardtemplate",
        "name": "Can change card template",
        "content_type": 9
    },
    "model": "auth.permission"
},
{
    "pk": 21,
    "fields": {
        "codename": "delete_cardtemplate",
        "name": "Can delete card template",
        "content_type": 9
    },
    "model": "auth.permission"
},
{
    "pk": 22,
    "fields": {
        "codename": "add_stattemplate",
        "name": "Can add stat template",
        "content_type": 1
    },
    "model": "auth.permission"
},
{
    "pk": 23,
    "fields": {
        "codename": "change_stattemplate",
        "name": "Can change stat template",
        "content_type": 1
    },
    "model": "auth.permission"
},
{
    "pk": 24,
    "fields": {
        "codename": "delete_stattemplate",
        "name": "Can delete stat template",
        "content_type": 1
    },
    "model": "auth.permission"
},
{
    "pk": 25,
    "fields": {
        "codename": "add_itemtemplate",
        "name": "Can add item template",
        "content_type": 10
    },
    "model": "auth.permission"
},
{
    "pk": 26,
    "fields": {
        "codename": "change_itemtemplate",
        "name": "Can change item template",
        "content_type": 10
    },
    "model": "auth.permission"
},
{
    "pk": 27,
    "fields": {
        "codename": "delete_itemtemplate",
        "name": "Can delete item template",
        "content_type": 10
    },
    "model": "auth.permission"
},
{
    "pk": 28,
    "fields": {
        "codename": "add_npctemplate",
        "name": "Can add npc template",
        "content_type": 11
    },
    "model": "auth.permission"
},
{
    "pk": 29,
    "fields": {
        "codename": "change_npctemplate",
        "name": "Can change npc template",
        "content_type": 11
    },
    "model": "auth.permission"
},
{
    "pk": 30,
    "fields": {
        "codename": "delete_npctemplate",
        "name": "Can delete npc template",
        "content_type": 11
    },
    "model": "auth.permission"
},
{
    "pk": 31,
    "fields": {
        "codename": "add_deck",
        "name": "Can add deck",
        "content_type": 12
    },
    "model": "auth.permission"
},
{
    "pk": 32,
    "fields": {
        "codename": "change_deck",
        "name": "Can change deck",
        "content_type": 12
    },
    "model": "auth.permission"
},
{
    "pk": 33,
    "fields": {
        "codename": "delete_deck",
        "name": "Can delete deck",
        "content_type": 12
    },
    "model": "auth.permission"
},
{
    "pk": 34,
    "fields": {
        "codename": "add_basecard",
        "name": "Can add base card",
        "content_type": 13
    },
    "model": "auth.permission"
},
{
    "pk": 35,
    "fields": {
        "codename": "change_basecard",
        "name": "Can change base card",
        "content_type": 13
    },
    "model": "auth.permission"
},
{
    "pk": 36,
    "fields": {
        "codename": "delete_basecard",
        "name": "Can delete base card",
        "content_type": 13
    },
    "model": "auth.permission"
},
{
    "pk": 37,
    "fields": {
        "codename": "add_card",
        "name": "Can add card",
        "content_type": 14
    },
    "model": "auth.permission"
},
{
    "pk": 38,
    "fields": {
        "codename": "change_card",
        "name": "Can change card",
        "content_type": 14
    },
    "model": "auth.permission"
},
{
    "pk": 39,
    "fields": {
        "codename": "delete_card",
        "name": "Can delete card",
        "content_type": 14
    },
    "model": "auth.permission"
},
{
    "pk": 40,
    "fields": {
        "codename": "add_playercard",
        "name": "Can add player card",
        "content_type": 2
    },
    "model": "auth.permission"
},
{
    "pk": 41,
    "fields": {
        "codename": "change_playercard",
        "name": "Can change player card",
        "content_type": 2
    },
    "model": "auth.permission"
},
{
    "pk": 42,
    "fields": {
        "codename": "delete_playercard",
        "name": "Can delete player card",
        "content_type": 2
    },
    "model": "auth.permission"
},
{
    "pk": 43,
    "fields": {
        "codename": "add_itemcard",
        "name": "Can add item card",
        "content_type": 15
    },
    "model": "auth.permission"
},
{
    "pk": 44,
    "fields": {
        "codename": "change_itemcard",
        "name": "Can change item card",
        "content_type": 15
    },
    "model": "auth.permission"
},
{
    "pk": 45,
    "fields": {
        "codename": "delete_itemcard",
        "name": "Can delete item card",
        "content_type": 15
    },
    "model": "auth.permission"
},
{
    "pk": 46,
    "fields": {
        "codename": "add_npccard",
        "name": "Can add npc card",
        "content_type": 16
    },
    "model": "auth.permission"
},
{
    "pk": 47,
    "fields": {
        "codename": "change_npccard",
        "name": "Can change npc card",
        "content_type": 16
    },
    "model": "auth.permission"
},
{
    "pk": 48,
    "fields": {
        "codename": "delete_npccard",
        "name": "Can delete npc card",
        "content_type": 16
    },
    "model": "auth.permission"
},
{
    "pk": 49,
    "fields": {
        "codename": "add_effect",
        "name": "Can add effect",
        "content_type": 17
    },
    "model": "auth.permission"
},
{
    "pk": 50,
    "fields": {
        "codename": "change_effect",
        "name": "Can change effect",
        "content_type": 17
    },
    "model": "auth.permission"
},
{
    "pk": 51,
    "fields": {
        "codename": "delete_effect",
        "name": "Can delete effect",
        "content_type": 17
    },
    "model": "auth.permission"
},
{
    "pk": 52,
    "fields": {
        "codename": "add_healeffect",
        "name": "Can add heal effect",
        "content_type": 18
    },
    "model": "auth.permission"
},
{
    "pk": 53,
    "fields": {
        "codename": "change_healeffect",
        "name": "Can change heal effect",
        "content_type": 18
    },
    "model": "auth.permission"
},
{
    "pk": 54,
    "fields": {
        "codename": "delete_healeffect",
        "name": "Can delete heal effect",
        "content_type": 18
    },
    "model": "auth.permission"
},
{
    "pk": 55,
    "fields": {
        "codename": "add_statuschangeeffect",
        "name": "Can add status change effect",
        "content_type": 19
    },
    "model": "auth.permission"
},
{
    "pk": 56,
    "fields": {
        "codename": "change_statuschangeeffect",
        "name": "Can change status change effect",
        "content_type": 19
    },
    "model": "auth.permission"
},
{
    "pk": 57,
    "fields": {
        "codename": "delete_statuschangeeffect",
        "name": "Can delete status change effect",
        "content_type": 19
    },
    "model": "auth.permission"
},
{
    "pk": 58,
    "fields": {
        "codename": "add_effectlink",
        "name": "Can add effect link",
        "content_type": 20
    },
    "model": "auth.permission"
},
{
    "pk": 59,
    "fields": {
        "codename": "change_effectlink",
        "name": "Can change effect link",
        "content_type": 20
    },
    "model": "auth.permission"
},
{
    "pk": 60,
    "fields": {
        "codename": "delete_effectlink",
        "name": "Can delete effect link",
        "content_type": 20
    },
    "model": "auth.permission"
},
{
    "pk": 61,
    "fields": {
        "codename": "add_event",
        "name": "Can add event",
        "content_type": 21
    },
    "model": "auth.permission"
},
{
    "pk": 62,
    "fields": {
        "codename": "change_event",
        "name": "Can change event",
        "content_type": 21
    },
    "model": "auth.permission"
},
{
    "pk": 63,
    "fields": {
        "codename": "delete_event",
        "name": "Can delete event",
        "content_type": 21
    },
    "model": "auth.permission"
},
{
    "pk": 64,
    "fields": {
        "codename": "add_eventtrigger",
        "name": "Can add event trigger",
        "content_type": 22
    },
    "model": "auth.permission"
},
{
    "pk": 65,
    "fields": {
        "codename": "change_eventtrigger",
        "name": "Can change event trigger",
        "content_type": 22
    },
    "model": "auth.permission"
},
{
    "pk": 66,
    "fields": {
        "codename": "delete_eventtrigger",
        "name": "Can delete event trigger",
        "content_type": 22
    },
    "model": "auth.permission"
},
{
    "pk": 67,
    "fields": {
        "codename": "add_location",
        "name": "Can add location",
        "content_type": 23
    },
    "model": "auth.permission"
},
{
    "pk": 68,
    "fields": {
        "codename": "change_location",
        "name": "Can change location",
        "content_type": 23
    },
    "model": "auth.permission"
},
{
    "pk": 69,
    "fields": {
        "codename": "delete_location",
        "name": "Can delete location",
        "content_type": 23
    },
    "model": "auth.permission"
},
{
    "pk": 70,
    "fields": {
        "codename": "add_globaleventtrigger",
        "name": "Can add global event trigger",
        "content_type": 24
    },
    "model": "auth.permission"
},
{
    "pk": 71,
    "fields": {
        "codename": "change_globaleventtrigger",
        "name": "Can change global event trigger",
        "content_type": 24
    },
    "model": "auth.permission"
},
{
    "pk": 72,
    "fields": {
        "codename": "delete_globaleventtrigger",
        "name": "Can delete global event trigger",
        "content_type": 24
    },
    "model": "auth.permission"
},
{
    "pk": 73,
    "fields": {
        "codename": "add_locationtrigger",
        "name": "Can add location trigger",
        "content_type": 25
    },
    "model": "auth.permission"
},
{
    "pk": 74,
    "fields": {
        "codename": "change_locationtrigger",
        "name": "Can change location trigger",
        "content_type": 25
    },
    "model": "auth.permission"
},
{
    "pk": 75,
    "fields": {
        "codename": "delete_locationtrigger",
        "name": "Can delete location trigger",
        "content_type": 25
    },
    "model": "auth.permission"
},
{
    "pk": 76,
    "fields": {
        "codename": "add_cardstatus",
        "name": "Can add card status",
        "content_type": 26
    },
    "model": "auth.permission"
},
{
    "pk": 77,
    "fields": {
        "codename": "change_cardstatus",
        "name": "Can change card status",
        "content_type": 26
    },
    "model": "auth.permission"
},
{
    "pk": 78,
    "fields": {
        "codename": "delete_cardstatus",
        "name": "Can delete card status",
        "content_type": 26
    },
    "model": "auth.permission"
},
{
    "pk": 79,
    "fields": {
        "codename": "add_deckstatus",
        "name": "Can add deck status",
        "content_type": 27
    },
    "model": "auth.permission"
},
{
    "pk": 80,
    "fields": {
        "codename": "change_deckstatus",
        "name": "Can change deck status",
        "content_type": 27
    },
    "model": "auth.permission"
},
{
    "pk": 81,
    "fields": {
        "codename": "delete_deckstatus",
        "name": "Can delete deck status",
        "content_type": 27
    },
    "model": "auth.permission"
},
{
    "pk": 82,
    "fields": {
        "codename": "add_player",
        "name": "Can add player",
        "content_type": 28
    },
    "model": "auth.permission"
},
{
    "pk": 83,
    "fields": {
        "codename": "change_player",
        "name": "Can change player",
        "content_type": 28
    },
    "model": "auth.permission"
},
{
    "pk": 84,
    "fields": {
        "codename": "delete_player",
        "name": "Can delete player",
        "content_type": 28
    },
    "model": "auth.permission"
},
{
    "pk": 85,
    "fields": {
        "codename": "add_log",
        "name": "Can add log",
        "content_type": 29
    },
    "model": "auth.permission"
},
{
    "pk": 86,
    "fields": {
        "codename": "change_log",
        "name": "Can change log",
        "content_type": 29
    },
    "model": "auth.permission"
},
{
    "pk": 87,
    "fields": {
        "codename": "delete_log",
        "name": "Can delete log",
        "content_type": 29
    },
    "model": "auth.permission"
},
{
    "pk": 88,
    "fields": {
        "codename": "add_triggerlog",
        "name": "Can add trigger log",
        "content_type": 30
    },
    "model": "auth.permission"
},
{
    "pk": 89,
    "fields": {
        "codename": "change_triggerlog",
        "name": "Can change trigger log",
        "content_type": 30
    },
    "model": "auth.permission"
},
{
    "pk": 90,
    "fields": {
        "codename": "delete_triggerlog",
        "name": "Can delete trigger log",
        "content_type": 30
    },
    "model": "auth.permission"
},
{
    "pk": 91,
    "fields": {
        "codename": "add_activeevent",
        "name": "Can add active event",
        "content_type": 31
    },
    "model": "auth.permission"
},
{
    "pk": 92,
    "fields": {
        "codename": "change_activeevent",
        "name": "Can change active event",
        "content_type": 31
    },
    "model": "auth.permission"
},
{
    "pk": 93,
    "fields": {
        "codename": "delete_activeevent",
        "name": "Can delete active event",
        "content_type": 31
    },
    "model": "auth.permission"
},
{
    "pk": 94,
    "fields": {
        "codename": "add_npc",
        "name": "Can add npc",
        "content_type": 32
    },
    "model": "auth.permission"
},
{
    "pk": 95,
    "fields": {
        "codename": "change_npc",
        "name": "Can change npc",
        "content_type": 32
    },
    "model": "auth.permission"
},
{
    "pk": 96,
    "fields": {
        "codename": "delete_npc",
        "name": "Can delete npc",
        "content_type": 32
    },
    "model": "auth.permission"
},
{
    "pk": 97,
    "fields": {
        "codename": "add_npcinstance",
        "name": "Can add npc instance",
        "content_type": 33
    },
    "model": "auth.permission"
},
{
    "pk": 98,
    "fields": {
        "codename": "change_npcinstance",
        "name": "Can change npc instance",
        "content_type": 33
    },
    "model": "auth.permission"
},
{
    "pk": 99,
    "fields": {
        "codename": "delete_npcinstance",
        "name": "Can delete npc instance",
        "content_type": 33
    },
    "model": "auth.permission"
},
{
    "pk": 100,
    "fields": {
        "codename": "add_npclink",
        "name": "Can add npc link",
        "content_type": 34
    },
    "model": "auth.permission"
},
{
    "pk": 101,
    "fields": {
        "codename": "change_npclink",
        "name": "Can change npc link",
        "content_type": 34
    },
    "model": "auth.permission"
},
{
    "pk": 102,
    "fields": {
        "codename": "delete_npclink",
        "name": "Can delete npc link",
        "content_type": 34
    },
    "model": "auth.permission"
},
{
    "pk": 1,
    "fields": {
        "last_login": "2015-01-04T04:51:37.516Z",
        "email": "brown.justin.michael@gmail.com",
        "date_joined": "2014-09-24T06:03:56.267Z",
        "last_name": "Brown",
        "is_superuser": true,
        "user_permissions": [],
        "first_name": "Justin",
        "username": "justinbrown",
        "is_staff": true,
        "is_active": true,
        "password": "pbkdf2_sha256$12000$JgAopSkAH1aN$jFKrm6ma6yVZ2+Ua1dImHOIXu6Ols/bdfUns7DpRJDI=",
        "groups": []
    },
    "model": "auth.user"
},
{
    "pk": 2,
    "fields": {
        "last_login": "2014-09-23T04:29:44Z",
        "email": "Brown.Nathan.Andrew@gmail.com",
        "date_joined": "2014-09-23T04:29:44Z",
        "last_name": "Brown",
        "is_superuser": true,
        "user_permissions": [],
        "first_name": "Nathan",
        "username": "NathanBrown",
        "is_staff": true,
        "is_active": true,
        "password": "pbkdf2_sha256$12000$RJubOgT7a0Kp$pq2n0N9+HUq49f80Bk75nky2NBlWX+lZAa00ixW+l+A=",
        "groups": []
    },
    "model": "auth.user"
},
{
    "pk": 3,
    "fields": {
        "last_login": "2014-09-23T04:31:32Z",
        "email": "Allattos@gmail.com",
        "date_joined": "2014-09-23T04:31:32Z",
        "last_name": "Thomas",
        "is_superuser": true,
        "user_permissions": [],
        "first_name": "Richard",
        "username": "RichardThomas",
        "is_staff": true,
        "is_active": true,
        "password": "pbkdf2_sha256$12000$BK8XF5EbsDeY$o7vwY2vNkNcc2JJEe/d0vwGXqpj2OFpwsaQrTea15Ow=",
        "groups": []
    },
    "model": "auth.user"
},
{
    "pk": 1,
    "fields": {
        "action_time": "2015-01-04T04:43:38.616Z",
        "action_flag": 1,
        "change_message": "",
        "object_id": "1",
        "object_repr": "Home",
        "user": 1,
        "content_type": 23
    },
    "model": "admin.logentry"
},
{
    "pk": 2,
    "fields": {
        "action_time": "2015-01-04T04:44:39.473Z",
        "action_flag": 1,
        "change_message": "",
        "object_id": "2",
        "object_repr": "Prospect Heights",
        "user": 1,
        "content_type": 23
    },
    "model": "admin.logentry"
},
{
    "pk": 3,
    "fields": {
        "action_time": "2015-01-04T04:45:14.541Z",
        "action_flag": 1,
        "change_message": "",
        "object_id": "1",
        "object_repr": "House",
        "user": 1,
        "content_type": 32
    },
    "model": "admin.logentry"
},
{
    "pk": 4,
    "fields": {
        "action_time": "2015-01-04T04:45:17.107Z",
        "action_flag": 1,
        "change_message": "",
        "object_id": "7",
        "object_repr": "House Template",
        "user": 1,
        "content_type": 11
    },
    "model": "admin.logentry"
},
{
    "pk": 5,
    "fields": {
        "action_time": "2015-01-04T04:46:06.350Z",
        "action_flag": 1,
        "change_message": "",
        "object_id": "1",
        "object_repr": "HOUSE",
        "user": 1,
        "content_type": 21
    },
    "model": "admin.logentry"
},
{
    "pk": 6,
    "fields": {
        "action_time": "2015-01-04T04:46:21.315Z",
        "action_flag": 2,
        "change_message": "Added location trigger \"LocationTrigger object\".",
        "object_id": "2",
        "object_repr": "Prospect Heights",
        "user": 1,
        "content_type": 23
    },
    "model": "admin.logentry"
},
{
    "pk": 7,
    "fields": {
        "action_time": "2015-01-04T04:47:39.939Z",
        "action_flag": 1,
        "change_message": "",
        "object_id": "2",
        "object_repr": "Living Room",
        "user": 1,
        "content_type": 32
    },
    "model": "admin.logentry"
},
{
    "pk": 8,
    "fields": {
        "action_time": "2015-01-04T04:47:53.961Z",
        "action_flag": 1,
        "change_message": "",
        "object_id": "2",
        "object_repr": "Living Room",
        "user": 1,
        "content_type": 21
    },
    "model": "admin.logentry"
},
{
    "pk": 9,
    "fields": {
        "action_time": "2015-01-04T04:48:31.030Z",
        "action_flag": 2,
        "change_message": "Added event trigger \"HOUSE (Force Template 0) -> Living Room\". Added event trigger \"HOUSE (Dash Template 0) -> Living Room\".",
        "object_id": "1",
        "object_repr": "HOUSE",
        "user": 1,
        "content_type": 21
    },
    "model": "admin.logentry"
},
{
    "pk": 10,
    "fields": {
        "action_time": "2015-01-04T04:49:17.023Z",
        "action_flag": 1,
        "change_message": "",
        "object_id": "3",
        "object_repr": "Drawer",
        "user": 1,
        "content_type": 21
    },
    "model": "admin.logentry"
},
{
    "pk": 11,
    "fields": {
        "action_time": "2015-01-04T04:50:11.053Z",
        "action_flag": 1,
        "change_message": "",
        "object_id": "4",
        "object_repr": "Ransacked",
        "user": 1,
        "content_type": 21
    },
    "model": "admin.logentry"
},
{
    "pk": 12,
    "fields": {
        "action_time": "2015-01-04T04:51:06.300Z",
        "action_flag": 2,
        "change_message": "Added event trigger \"Living Room (Dash Template 0) -> Drawer\". Added event trigger \"Living Room (Force Template 0) -> Ransacked\".",
        "object_id": "2",
        "object_repr": "Living Room",
        "user": 1,
        "content_type": 21
    },
    "model": "admin.logentry"
},
{
    "pk": 13,
    "fields": {
        "action_time": "2015-01-04T04:51:10.743Z",
        "action_flag": 2,
        "change_message": "Changed auto.",
        "object_id": "4",
        "object_repr": "Ransacked",
        "user": 1,
        "content_type": 21
    },
    "model": "admin.logentry"
},
{
    "pk": 14,
    "fields": {
        "action_time": "2015-01-04T04:51:29.199Z",
        "action_flag": 2,
        "change_message": "Changed auto.",
        "object_id": "3",
        "object_repr": "Drawer",
        "user": 1,
        "content_type": 21
    },
    "model": "admin.logentry"
},
{
    "pk": 15,
    "fields": {
        "action_time": "2015-01-04T04:52:26.431Z",
        "action_flag": 1,
        "change_message": "",
        "object_id": "4",
        "object_repr": "Unattached Deck",
        "user": 1,
        "content_type": 12
    },
    "model": "admin.logentry"
},
{
    "pk": 16,
    "fields": {
        "action_time": "2015-01-04T04:52:53.462Z",
        "action_flag": 2,
        "change_message": "Changed deck.",
        "object_id": "2",
        "object_repr": "Prospect Heights",
        "user": 1,
        "content_type": 23
    },
    "model": "admin.logentry"
},
{
    "pk": 1,
    "fields": {
        "wisdom": 0,
        "resist": 2,
        "power": 0,
        "charm": 1,
        "dash": 2,
        "force": 3,
        "deck": 1,
        "money": 0,
        "user": 1
    },
    "model": "accounts.player"
},
{
    "pk": 2,
    "fields": {
        "wisdom": 0,
        "resist": 2,
        "power": 0,
        "charm": 1,
        "dash": 2,
        "force": 3,
        "deck": 2,
        "money": 0,
        "user": 2
    },
    "model": "accounts.player"
},
{
    "pk": 3,
    "fields": {
        "wisdom": 0,
        "resist": 2,
        "power": 0,
        "charm": 1,
        "dash": 2,
        "force": 3,
        "deck": 3,
        "money": 0,
        "user": 3
    },
    "model": "accounts.player"
}
]
