[{"pk": 1, "model": "cards.cardtemplate", "fields": {"name": "Force", "polymorphic_ctype": 1, "requiresTarget": false}}, {"pk": 2, "model": "cards.cardtemplate", "fields": {"name": "Dash", "polymorphic_ctype": 1, "requiresTarget": false}}, {"pk": 3, "model": "cards.cardtemplate", "fields": {"name": "Resist", "polymorphic_ctype": 1, "requiresTarget": false}}, {"pk": 4, "model": "cards.cardtemplate", "fields": {"name": "Charm", "polymorphic_ctype": 1, "requiresTarget": false}}, {"pk": 5, "model": "cards.cardtemplate", "fields": {"name": "Wisdom", "polymorphic_ctype": 1, "requiresTarget": false}}, {"pk": 6, "model": "cards.cardtemplate", "fields": {"name": "Power", "polymorphic_ctype": 1, "requiresTarget": false}}, {"pk": 7, "model": "cards.cardtemplate", "fields": {"name": "Carmell House", "polymorphic_ctype": 11, "requiresTarget": false}}, {"pk": 8, "model": "cards.cardtemplate", "fields": {"name": "Steve Carmell", "polymorphic_ctype": 11, "requiresTarget": false}}, {"pk": 9, "model": "cards.cardtemplate", "fields": {"name": "Bookcase", "polymorphic_ctype": 11, "requiresTarget": false}}, {"pk": 10, "model": "cards.cardtemplate", "fields": {"name": "Renee Lilac", "polymorphic_ctype": 11, "requiresTarget": false}}, {"pk": 11, "model": "cards.cardtemplate", "fields": {"name": "Ask", "polymorphic_ctype": 9, "requiresTarget": false}}, {"pk": 12, "model": "cards.cardtemplate", "fields": {"name": "Leave", "polymorphic_ctype": 9, "requiresTarget": false}}, {"pk": 13, "model": "cards.cardtemplate", "fields": {"name": "Blank", "polymorphic_ctype": 9, "requiresTarget": false}}, {"pk": 1, "model": "cards.stattemplate", "fields": {"statistic": "force"}}, {"pk": 2, "model": "cards.stattemplate", "fields": {"statistic": "dash"}}, {"pk": 3, "model": "cards.stattemplate", "fields": {"statistic": "resist"}}, {"pk": 4, "model": "cards.stattemplate", "fields": {"statistic": "charm"}}, {"pk": 5, "model": "cards.stattemplate", "fields": {"statistic": "wisdom"}}, {"pk": 6, "model": "cards.stattemplate", "fields": {"statistic": "power"}}, {"pk": 7, "model": "cards.npctemplate", "fields": {"npc": 1}}, {"pk": 8, "model": "cards.npctemplate", "fields": {"npc": 2}}, {"pk": 9, "model": "cards.npctemplate", "fields": {"npc": 3}}, {"pk": 10, "model": "cards.npctemplate", "fields": {"npc": 4}}, {"pk": 1, "model": "cards.deck", "fields": {}}, {"pk": 2, "model": "cards.deck", "fields": {}}, {"pk": 3, "model": "cards.deck", "fields": {}}, {"pk": 8, "model": "cards.deck", "fields": {}}, {"pk": 9, "model": "cards.deck", "fields": {}}, {"pk": 10, "model": "cards.deck", "fields": {}}, {"pk": 11, "model": "cards.deck", "fields": {}}, {"pk": 12, "model": "cards.deck", "fields": {}}, {"pk": 13, "model": "cards.deck", "fields": {}}, {"pk": 14, "model": "cards.deck", "fields": {}}, {"pk": 15, "model": "cards.deck", "fields": {}}, {"pk": 16, "model": "cards.deck", "fields": {}}, {"pk": 17, "model": "cards.deck", "fields": {}}, {"pk": 18, "model": "cards.deck", "fields": {}}, {"pk": 1, "model": "cards.basecard", "fields": {"name": "", "deck": 1, "polymorphic_ctype": 2, "description": null, "modifier": 1}}, {"pk": 2, "model": "cards.basecard", "fields": {"name": "", "deck": 1, "polymorphic_ctype": 2, "description": null, "modifier": 2}}, {"pk": 3, "model": "cards.basecard", "fields": {"name": "", "deck": 1, "polymorphic_ctype": 2, "description": null, "modifier": 3}}, {"pk": 4, "model": "cards.basecard", "fields": {"name": "", "deck": 1, "polymorphic_ctype": 2, "description": null, "modifier": 1}}, {"pk": 5, "model": "cards.basecard", "fields": {"name": "", "deck": 1, "polymorphic_ctype": 2, "description": null, "modifier": 2}}, {"pk": 6, "model": "cards.basecard", "fields": {"name": "", "deck": 1, "polymorphic_ctype": 2, "description": null, "modifier": 1}}, {"pk": 7, "model": "cards.basecard", "fields": {"name": "", "deck": 1, "polymorphic_ctype": 2, "description": null, "modifier": 2}}, {"pk": 8, "model": "cards.basecard", "fields": {"name": "", "deck": 1, "polymorphic_ctype": 2, "description": null, "modifier": 1}}, {"pk": 9, "model": "cards.basecard", "fields": {"name": "", "deck": 2, "polymorphic_ctype": 2, "description": null, "modifier": 1}}, {"pk": 10, "model": "cards.basecard", "fields": {"name": "", "deck": 2, "polymorphic_ctype": 2, "description": null, "modifier": 2}}, {"pk": 11, "model": "cards.basecard", "fields": {"name": "", "deck": 2, "polymorphic_ctype": 2, "description": null, "modifier": 3}}, {"pk": 12, "model": "cards.basecard", "fields": {"name": "", "deck": 2, "polymorphic_ctype": 2, "description": null, "modifier": 1}}, {"pk": 13, "model": "cards.basecard", "fields": {"name": "", "deck": 2, "polymorphic_ctype": 2, "description": null, "modifier": 2}}, {"pk": 14, "model": "cards.basecard", "fields": {"name": "", "deck": 2, "polymorphic_ctype": 2, "description": null, "modifier": 1}}, {"pk": 15, "model": "cards.basecard", "fields": {"name": "", "deck": 2, "polymorphic_ctype": 2, "description": null, "modifier": 2}}, {"pk": 16, "model": "cards.basecard", "fields": {"name": "", "deck": 2, "polymorphic_ctype": 2, "description": null, "modifier": 1}}, {"pk": 17, "model": "cards.basecard", "fields": {"name": "", "deck": 3, "polymorphic_ctype": 2, "description": null, "modifier": 1}}, {"pk": 18, "model": "cards.basecard", "fields": {"name": "", "deck": 3, "polymorphic_ctype": 2, "description": null, "modifier": 2}}, {"pk": 19, "model": "cards.basecard", "fields": {"name": "", "deck": 3, "polymorphic_ctype": 2, "description": null, "modifier": 3}}, {"pk": 20, "model": "cards.basecard", "fields": {"name": "", "deck": 3, "polymorphic_ctype": 2, "description": null, "modifier": 1}}, {"pk": 21, "model": "cards.basecard", "fields": {"name": "", "deck": 3, "polymorphic_ctype": 2, "description": null, "modifier": 2}}, {"pk": 22, "model": "cards.basecard", "fields": {"name": "", "deck": 3, "polymorphic_ctype": 2, "description": null, "modifier": 1}}, {"pk": 23, "model": "cards.basecard", "fields": {"name": "", "deck": 3, "polymorphic_ctype": 2, "description": null, "modifier": 2}}, {"pk": 24, "model": "cards.basecard", "fields": {"name": "", "deck": 3, "polymorphic_ctype": 2, "description": null, "modifier": 1}}, {"pk": 25, "model": "cards.basecard", "fields": {"name": "Carmell House Template", "deck": null, "polymorphic_ctype": 16, "description": "", "modifier": 0}}, {"pk": 26, "model": "cards.basecard", "fields": {"name": "Blank Template", "deck": 8, "polymorphic_ctype": 14, "description": "", "modifier": 0}}, {"pk": 32, "model": "cards.basecard", "fields": {"name": "Blank Template", "deck": 8, "polymorphic_ctype": 14, "description": "", "modifier": 0}}, {"pk": 33, "model": "cards.basecard", "fields": {"name": "Blank Template", "deck": 8, "polymorphic_ctype": 14, "description": "", "modifier": 0}}, {"pk": 34, "model": "cards.basecard", "fields": {"name": "Carmell House Template", "deck": 8, "polymorphic_ctype": 16, "description": "", "modifier": 1}}, {"pk": 35, "model": "cards.basecard", "fields": {"name": "Carmell House Template", "deck": 8, "polymorphic_ctype": 16, "description": "", "modifier": 1}}, {"pk": 36, "model": "cards.basecard", "fields": {"name": "Force Template", "deck": 9, "polymorphic_ctype": 2, "description": "", "modifier": 1}}, {"pk": 37, "model": "cards.basecard", "fields": {"name": "Dash Template", "deck": 9, "polymorphic_ctype": 2, "description": "", "modifier": 1}}, {"pk": 38, "model": "cards.basecard", "fields": {"name": "Resist Template", "deck": 9, "polymorphic_ctype": 2, "description": "", "modifier": 1}}, {"pk": 39, "model": "cards.basecard", "fields": {"name": "Resist Template", "deck": 9, "polymorphic_ctype": 2, "description": "", "modifier": 2}}, {"pk": 40, "model": "cards.basecard", "fields": {"name": "Blank Template", "deck": 10, "polymorphic_ctype": 14, "description": "", "modifier": 0}}, {"pk": 41, "model": "cards.basecard", "fields": {"name": "Blank Template", "deck": 10, "polymorphic_ctype": 14, "description": "", "modifier": 0}}, {"pk": 42, "model": "cards.basecard", "fields": {"name": "Blank Template", "deck": 10, "polymorphic_ctype": 14, "description": "", "modifier": 0}}, {"pk": 43, "model": "cards.basecard", "fields": {"name": "Bookcase Template", "deck": 10, "polymorphic_ctype": 16, "description": "", "modifier": 0}}, {"pk": 44, "model": "cards.basecard", "fields": {"name": "Bookcase Template", "deck": 10, "polymorphic_ctype": 16, "description": "", "modifier": 0}}, {"pk": 45, "model": "cards.basecard", "fields": {"name": "Blank Template", "deck": 12, "polymorphic_ctype": 14, "description": "", "modifier": 0}}, {"pk": 46, "model": "cards.basecard", "fields": {"name": "Blank Template", "deck": 12, "polymorphic_ctype": 14, "description": "", "modifier": 0}}, {"pk": 47, "model": "cards.basecard", "fields": {"name": "Blank Template", "deck": 12, "polymorphic_ctype": 14, "description": "", "modifier": 0}}, {"pk": 48, "model": "cards.basecard", "fields": {"name": "Carmell House Template", "deck": 12, "polymorphic_ctype": 16, "description": "", "modifier": 1}}, {"pk": 49, "model": "cards.basecard", "fields": {"name": "Carmell House Template", "deck": 12, "polymorphic_ctype": 16, "description": "", "modifier": 1}}, {"pk": 50, "model": "cards.basecard", "fields": {"name": "Carmell House Template", "deck": 12, "polymorphic_ctype": 16, "description": "", "modifier": 1}}, {"pk": 51, "model": "cards.basecard", "fields": {"name": "Blank Template", "deck": 13, "polymorphic_ctype": 14, "description": "", "modifier": 0}}, {"pk": 52, "model": "cards.basecard", "fields": {"name": "Blank Template", "deck": 13, "polymorphic_ctype": 14, "description": "", "modifier": 0}}, {"pk": 53, "model": "cards.basecard", "fields": {"name": "Blank Template", "deck": 13, "polymorphic_ctype": 14, "description": "", "modifier": 0}}, {"pk": 54, "model": "cards.basecard", "fields": {"name": "Carmell House Template", "deck": 13, "polymorphic_ctype": 16, "description": "", "modifier": 1}}, {"pk": 55, "model": "cards.basecard", "fields": {"name": "Carmell House Template", "deck": 13, "polymorphic_ctype": 16, "description": "", "modifier": 1}}, {"pk": 56, "model": "cards.basecard", "fields": {"name": "Carmell House Template", "deck": 13, "polymorphic_ctype": 16, "description": "", "modifier": 1}}, {"pk": 57, "model": "cards.basecard", "fields": {"name": "Carmell House Template", "deck": 16, "polymorphic_ctype": 16, "description": "", "modifier": 0}}, {"pk": 69, "model": "cards.basecard", "fields": {"name": "Steve Carmell Template", "deck": null, "polymorphic_ctype": 16, "description": null, "modifier": 0}}, {"pk": 70, "model": "cards.basecard", "fields": {"name": "Steve Carmell Template", "deck": null, "polymorphic_ctype": 16, "description": null, "modifier": 0}}, {"pk": 71, "model": "cards.basecard", "fields": {"name": "Renee Lilac Template", "deck": null, "polymorphic_ctype": 16, "description": null, "modifier": 0}}, {"pk": 72, "model": "cards.basecard", "fields": {"name": "Bookcase Template", "deck": null, "polymorphic_ctype": 16, "description": null, "modifier": 0}}, {"pk": 73, "model": "cards.basecard", "fields": {"name": "Carmell House Template", "deck": null, "polymorphic_ctype": 16, "description": null, "modifier": 0}}, {"pk": 74, "model": "cards.basecard", "fields": {"name": "Ask Template", "deck": 17, "polymorphic_ctype": 14, "description": "", "modifier": 0}}, {"pk": 75, "model": "cards.basecard", "fields": {"name": "Leave Template", "deck": 17, "polymorphic_ctype": 14, "description": "", "modifier": 0}}, {"pk": 76, "model": "cards.basecard", "fields": {"name": "Blank Template", "deck": 18, "polymorphic_ctype": 14, "description": "", "modifier": 0}}, {"pk": 77, "model": "cards.basecard", "fields": {"name": "Blank Template", "deck": 18, "polymorphic_ctype": 14, "description": "", "modifier": 0}}, {"pk": 78, "model": "cards.basecard", "fields": {"name": "Bookcase Template", "deck": 18, "polymorphic_ctype": 16, "description": "", "modifier": 1}}, {"pk": 79, "model": "cards.basecard", "fields": {"name": "Bookcase Template", "deck": 18, "polymorphic_ctype": 16, "description": "", "modifier": 1}}, {"pk": 80, "model": "cards.basecard", "fields": {"name": "Steve Carmell Template", "deck": 18, "polymorphic_ctype": 16, "description": "", "modifier": 0}}, {"pk": 81, "model": "cards.basecard", "fields": {"name": "Bookcase Template", "deck": 18, "polymorphic_ctype": 16, "description": "", "modifier": 2}}, {"pk": 82, "model": "cards.basecard", "fields": {"name": "Steve Carmell Template", "deck": 18, "polymorphic_ctype": 16, "description": "", "modifier": 0}}, {"pk": 26, "model": "cards.card", "fields": {"template": 13}}, {"pk": 32, "model": "cards.card", "fields": {"template": 13}}, {"pk": 33, "model": "cards.card", "fields": {"template": 13}}, {"pk": 40, "model": "cards.card", "fields": {"template": 13}}, {"pk": 41, "model": "cards.card", "fields": {"template": 13}}, {"pk": 42, "model": "cards.card", "fields": {"template": 13}}, {"pk": 45, "model": "cards.card", "fields": {"template": 13}}, {"pk": 46, "model": "cards.card", "fields": {"template": 13}}, {"pk": 47, "model": "cards.card", "fields": {"template": 13}}, {"pk": 51, "model": "cards.card", "fields": {"template": 13}}, {"pk": 52, "model": "cards.card", "fields": {"template": 13}}, {"pk": 53, "model": "cards.card", "fields": {"template": 13}}, {"pk": 74, "model": "cards.card", "fields": {"template": 11}}, {"pk": 75, "model": "cards.card", "fields": {"template": 12}}, {"pk": 76, "model": "cards.card", "fields": {"template": 13}}, {"pk": 77, "model": "cards.card", "fields": {"template": 13}}, {"pk": 1, "model": "cards.playercard", "fields": {"template": 1, "experience": 0}}, {"pk": 2, "model": "cards.playercard", "fields": {"template": 1, "experience": 0}}, {"pk": 3, "model": "cards.playercard", "fields": {"template": 1, "experience": 0}}, {"pk": 4, "model": "cards.playercard", "fields": {"template": 2, "experience": 0}}, {"pk": 5, "model": "cards.playercard", "fields": {"template": 2, "experience": 0}}, {"pk": 6, "model": "cards.playercard", "fields": {"template": 3, "experience": 0}}, {"pk": 7, "model": "cards.playercard", "fields": {"template": 3, "experience": 0}}, {"pk": 8, "model": "cards.playercard", "fields": {"template": 4, "experience": 0}}, {"pk": 9, "model": "cards.playercard", "fields": {"template": 1, "experience": 0}}, {"pk": 10, "model": "cards.playercard", "fields": {"template": 1, "experience": 0}}, {"pk": 11, "model": "cards.playercard", "fields": {"template": 1, "experience": 0}}, {"pk": 12, "model": "cards.playercard", "fields": {"template": 2, "experience": 0}}, {"pk": 13, "model": "cards.playercard", "fields": {"template": 2, "experience": 0}}, {"pk": 14, "model": "cards.playercard", "fields": {"template": 3, "experience": 0}}, {"pk": 15, "model": "cards.playercard", "fields": {"template": 3, "experience": 0}}, {"pk": 16, "model": "cards.playercard", "fields": {"template": 4, "experience": 0}}, {"pk": 17, "model": "cards.playercard", "fields": {"template": 1, "experience": 0}}, {"pk": 18, "model": "cards.playercard", "fields": {"template": 1, "experience": 0}}, {"pk": 19, "model": "cards.playercard", "fields": {"template": 1, "experience": 0}}, {"pk": 20, "model": "cards.playercard", "fields": {"template": 2, "experience": 0}}, {"pk": 21, "model": "cards.playercard", "fields": {"template": 2, "experience": 0}}, {"pk": 22, "model": "cards.playercard", "fields": {"template": 3, "experience": 0}}, {"pk": 23, "model": "cards.playercard", "fields": {"template": 3, "experience": 0}}, {"pk": 24, "model": "cards.playercard", "fields": {"template": 4, "experience": 0}}, {"pk": 36, "model": "cards.playercard", "fields": {"template": 1, "experience": 0}}, {"pk": 37, "model": "cards.playercard", "fields": {"template": 2, "experience": 0}}, {"pk": 38, "model": "cards.playercard", "fields": {"template": 3, "experience": 0}}, {"pk": 39, "model": "cards.playercard", "fields": {"template": 3, "experience": 3}}, {"pk": 25, "model": "cards.npccard", "fields": {"template": 7}}, {"pk": 34, "model": "cards.npccard", "fields": {"template": 7}}, {"pk": 35, "model": "cards.npccard", "fields": {"template": 7}}, {"pk": 43, "model": "cards.npccard", "fields": {"template": 9}}, {"pk": 44, "model": "cards.npccard", "fields": {"template": 9}}, {"pk": 48, "model": "cards.npccard", "fields": {"template": 7}}, {"pk": 49, "model": "cards.npccard", "fields": {"template": 7}}, {"pk": 50, "model": "cards.npccard", "fields": {"template": 7}}, {"pk": 54, "model": "cards.npccard", "fields": {"template": 7}}, {"pk": 55, "model": "cards.npccard", "fields": {"template": 7}}, {"pk": 56, "model": "cards.npccard", "fields": {"template": 7}}, {"pk": 57, "model": "cards.npccard", "fields": {"template": 7}}, {"pk": 69, "model": "cards.npccard", "fields": {"template": 8}}, {"pk": 70, "model": "cards.npccard", "fields": {"template": 8}}, {"pk": 71, "model": "cards.npccard", "fields": {"template": 10}}, {"pk": 72, "model": "cards.npccard", "fields": {"template": 9}}, {"pk": 73, "model": "cards.npccard", "fields": {"template": 7}}, {"pk": 78, "model": "cards.npccard", "fields": {"template": 9}}, {"pk": 79, "model": "cards.npccard", "fields": {"template": 9}}, {"pk": 80, "model": "cards.npccard", "fields": {"template": 8}}, {"pk": 81, "model": "cards.npccard", "fields": {"template": 9}}, {"pk": 82, "model": "cards.npccard", "fields": {"template": 8}}, {"pk": 1, "model": "cards.effect", "fields": {"name": "Steve Arrives", "polymorphic_ctype": 20}}, {"pk": 2, "model": "cards.effect", "fields": {"name": "Steve Departs", "polymorphic_ctype": 20}}, {"pk": 3, "model": "cards.effect", "fields": {"name": "Steve Unconscious", "polymorphic_ctype": 20}}, {"pk": 4, "model": "cards.effect", "fields": {"name": "Damage x1", "polymorphic_ctype": 43}}, {"pk": 5, "model": "cards.effect", "fields": {"name": "Break In", "polymorphic_ctype": 20}}, {"pk": 6, "model": "cards.effect", "fields": {"name": "Incriminating Documents", "polymorphic_ctype": 22}}, {"pk": 1, "model": "cards.flageffect", "fields": {"flag": 1, "value": 1}}, {"pk": 2, "model": "cards.flageffect", "fields": {"flag": 1, "value": 0}}, {"pk": 3, "model": "cards.flageffect", "fields": {"flag": 3, "value": 1}}, {"pk": 5, "model": "cards.flageffect", "fields": {"flag": 4, "value": 1}}, {"pk": 6, "model": "cards.keyitemeffect", "fields": {"keyitem": 1}}, {"pk": 4, "model": "cards.damageeffect", "fields": {"number": 1}}, {"pk": 2, "model": "events.event", "fields": {"description": "", "generic_result": null, "content": "", "auto": false, "title": "Prospect Heights", "npc": null, "published": true, "created": "2015-03-15T18:11:10.847Z", "slug": "prospect_heights", "canshuffle": false, "deck": 8, "blocking": false, "locationDeck": null, "tolog": false}}, {"pk": 3, "model": "events.event", "fields": {"description": "", "generic_result": null, "content": "You arrive at the house of the Chief of Police. {steve_home?It looks like her husband is home.:}", "auto": false, "title": "Chief's House", "npc": 1, "published": true, "created": "2015-03-15T18:24:30.473Z", "slug": "chiefs_house", "canshuffle": false, "deck": 17, "blocking": false, "locationDeck": null, "tolog": true}}, {"pk": 4, "model": "events.event", "fields": {"description": "", "generic_result": null, "content": "You see Steve Carmell enter the house.", "auto": true, "title": "Steve Arrives", "npc": null, "published": true, "created": "2015-03-15T18:25:44.877Z", "slug": "steve_arrives", "canshuffle": false, "deck": null, "blocking": false, "locationDeck": null, "tolog": true}}, {"pk": 5, "model": "events.event", "fields": {"description": "", "generic_result": null, "content": "You see Steve Carmell leave the house.", "auto": true, "title": "Steve Departs", "npc": null, "published": true, "created": "2015-03-15T18:26:30.495Z", "slug": "steve_departs", "canshuffle": false, "deck": null, "blocking": false, "locationDeck": null, "tolog": true}}, {"pk": 6, "model": "events.event", "fields": {"description": "", "generic_result": null, "content": "", "auto": false, "title": "Chief Sitting Room", "npc": null, "published": true, "created": "2015-03-15T18:28:14.134Z", "slug": "chief_sitting_room", "canshuffle": false, "deck": null, "blocking": false, "locationDeck": 18, "tolog": true}}, {"pk": 7, "model": "events.event", "fields": {"description": "", "generic_result": null, "content": "", "auto": false, "title": "Chief Bedroom", "npc": null, "published": true, "created": "2015-03-15T18:29:15.155Z", "slug": "chief_bedroom", "canshuffle": false, "deck": null, "blocking": false, "locationDeck": null, "tolog": true}}, {"pk": 8, "model": "events.event", "fields": {"description": "", "generic_result": null, "content": "The Chief's husband looks out from behind the door. \"Can I help you?\"", "auto": false, "title": "Steve at the Threshold", "npc": 2, "published": true, "created": "2015-03-15T18:30:28.836Z", "slug": "steve_at_threshold", "canshuffle": false, "deck": null, "blocking": false, "locationDeck": null, "tolog": true}}, {"pk": 9, "model": "events.event", "fields": {"description": "", "generic_result": null, "content": "", "auto": false, "title": "Fight with Steve", "npc": 2, "published": true, "created": "2015-03-15T18:33:05.581Z", "slug": "fight_with_steve", "canshuffle": false, "deck": null, "blocking": false, "locationDeck": null, "tolog": true}}, {"pk": 10, "model": "events.event", "fields": {"description": "", "generic_result": 18, "content": "", "auto": true, "title": "Knock Steve Unconscious", "npc": null, "published": true, "created": "2015-03-15T18:39:36.289Z", "slug": "steve_unconscious", "canshuffle": false, "deck": null, "blocking": false, "locationDeck": null, "tolog": true}}, {"pk": 11, "model": "events.event", "fields": {"description": "", "generic_result": 21, "content": "", "auto": true, "title": "Break into Bedroom", "npc": null, "published": true, "created": "2015-03-15T18:56:36.569Z", "slug": "break_into_bedroom", "canshuffle": false, "deck": null, "blocking": false, "locationDeck": null, "tolog": true}}, {"pk": 12, "model": "events.event", "fields": {"description": "", "generic_result": 22, "content": "", "auto": true, "title": "Break into Sitting Room", "npc": null, "published": true, "created": "2015-03-15T18:57:07.986Z", "slug": "break_into_sitting", "canshuffle": false, "deck": null, "blocking": false, "locationDeck": null, "tolog": true}}, {"pk": 13, "model": "events.event", "fields": {"description": "", "generic_result": null, "content": "", "auto": true, "title": "Pain", "npc": null, "published": true, "created": "2015-03-15T19:05:14.897Z", "slug": "pain", "canshuffle": false, "deck": null, "blocking": false, "locationDeck": null, "tolog": true}}, {"pk": 14, "model": "events.event", "fields": {"description": "", "generic_result": null, "content": "", "auto": true, "title": "Incriminating Documents", "npc": null, "published": true, "created": "2015-03-15T19:20:46.709Z", "slug": "incriminating_documents", "canshuffle": false, "deck": null, "blocking": false, "locationDeck": null, "tolog": true}}, {"pk": 15, "model": "events.event", "fields": {"description": "", "generic_result": null, "content": "", "auto": false, "title": "Bookcase", "npc": 3, "published": true, "created": "2015-03-15T19:20:52.099Z", "slug": "bookcase", "canshuffle": false, "deck": null, "blocking": false, "locationDeck": null, "tolog": true}}, {"pk": 18, "model": "events.event", "fields": {"description": "", "generic_result": null, "content": "", "auto": false, "title": "Home", "npc": null, "published": true, "created": "2015-03-15T21:29:58.878Z", "slug": "home", "canshuffle": true, "deck": 14, "blocking": false, "locationDeck": null, "tolog": false}}, {"pk": 19, "model": "events.event", "fields": {"description": "", "generic_result": null, "content": "", "auto": false, "title": "Prospect Heights", "npc": null, "published": true, "created": "2015-03-15T21:36:09.547Z", "slug": "prospect_heights_2", "canshuffle": false, "deck": null, "blocking": false, "locationDeck": 13, "tolog": false}}, {"pk": 20, "model": "events.event", "fields": {"description": "", "generic_result": null, "content": "Steve sits in his armchair, waiting for your questions.", "auto": false, "title": "Heart to Heart", "npc": 2, "published": true, "created": "2015-03-21T01:07:14.564Z", "slug": "heart_to_heart", "canshuffle": false, "deck": null, "blocking": false, "locationDeck": null, "tolog": true}}, {"pk": 1, "model": "events.eventtrigger", "fields": {"originalEvent": 2, "helper": "", "event": 3, "localOnly": false, "result": "switch", "content": "", "threshold": 0, "template": 8, "conditions": "", "npcthreshold": true, "onlyWhenNotPlayed": false}}, {"pk": 2, "model": "events.eventtrigger", "fields": {"originalEvent": 2, "helper": "", "event": 4, "localOnly": false, "result": null, "content": "", "threshold": -1, "template": 7, "conditions": "not steve_home", "npcthreshold": true, "onlyWhenNotPlayed": false}}, {"pk": 3, "model": "events.eventtrigger", "fields": {"originalEvent": 2, "helper": "", "event": 5, "localOnly": false, "result": null, "content": "", "threshold": -1, "template": 7, "conditions": "steve_home", "npcthreshold": true, "onlyWhenNotPlayed": false}}, {"pk": 5, "model": "events.eventtrigger", "fields": {"originalEvent": 3, "helper": "", "event": null, "localOnly": true, "result": null, "content": "That's one sturdy door.", "threshold": 99, "template": 1, "conditions": "", "npcthreshold": true, "onlyWhenNotPlayed": false}}, {"pk": 6, "model": "events.eventtrigger", "fields": {"originalEvent": 3, "helper": "Climb the fire escape", "event": 7, "localOnly": true, "result": null, "content": "You climb the fire escape and head into the second story window.", "threshold": 0, "template": 2, "conditions": "", "npcthreshold": true, "onlyWhenNotPlayed": false}}, {"pk": 7, "model": "events.eventtrigger", "fields": {"originalEvent": 3, "helper": "", "event": null, "localOnly": true, "result": null, "content": "You can't quite reach the fire escape.", "threshold": 99, "template": 2, "conditions": "", "npcthreshold": true, "onlyWhenNotPlayed": false}}, {"pk": 8, "model": "events.eventtrigger", "fields": {"originalEvent": 3, "helper": "Knock on the door", "event": 8, "localOnly": true, "result": null, "content": "You knock on the door, and hear an unlatching sound as Steve Carmell answers the door.", "threshold": 0, "template": 11, "conditions": "steve_home", "npcthreshold": true, "onlyWhenNotPlayed": false}}, {"pk": 9, "model": "events.eventtrigger", "fields": {"originalEvent": 3, "helper": "Leave the premises", "event": null, "localOnly": false, "result": "resolve", "content": "You leave the premises.", "threshold": 0, "template": 12, "conditions": "", "npcthreshold": true, "onlyWhenNotPlayed": false}}, {"pk": 10, "model": "events.eventtrigger", "fields": {"originalEvent": 3, "helper": "Knock on the door", "event": null, "localOnly": true, "result": null, "content": "No one answers.", "threshold": 0, "template": 11, "conditions": "not steve_home", "npcthreshold": true, "onlyWhenNotPlayed": false}}, {"pk": 11, "model": "events.eventtrigger", "fields": {"originalEvent": 3, "helper": "Break down the door", "event": 12, "localOnly": true, "result": "resolve", "content": "You break down the door.", "threshold": 0, "template": 1, "conditions": "steve_home", "npcthreshold": true, "onlyWhenNotPlayed": false}}, {"pk": 12, "model": "events.eventtrigger", "fields": {"originalEvent": 8, "helper": "Intimidate", "event": 6, "localOnly": false, "result": "switch", "content": "\"Look, I'm a busy fella. I just have a few questions. Let me in, and we can resolve this quickly.\"", "threshold": 2, "template": 1, "conditions": "", "npcthreshold": true, "onlyWhenNotPlayed": false}}, {"pk": 13, "model": "events.eventtrigger", "fields": {"originalEvent": 8, "helper": "Knock him out", "event": 6, "localOnly": false, "result": "switch", "content": "Would have thought that the Chief of Police's husband would have had better self defense training. Oh well. You drag him into a corner of the sitting room.", "threshold": 0, "template": 2, "conditions": "", "npcthreshold": true, "onlyWhenNotPlayed": false}}, {"pk": 14, "model": "events.eventtrigger", "fields": {"originalEvent": 8, "helper": "Seduce him", "event": 6, "localOnly": false, "result": "switch", "content": "\"Don't suppose you could let me in to talk, sweetie? It's a bit chilly out here.\" With a sly grin, he steps aside.", "threshold": 3, "template": 4, "conditions": "", "npcthreshold": true, "onlyWhenNotPlayed": false}}, {"pk": 15, "model": "events.eventtrigger", "fields": {"originalEvent": 8, "helper": "", "event": null, "localOnly": false, "result": null, "content": "\"Umm... You know, I can get pretty scary when I get angry, so maybe you could just let me in, please...?\" He doesn't look convinced.", "threshold": 99, "template": 1, "conditions": "", "npcthreshold": true, "onlyWhenNotPlayed": false}}, {"pk": 16, "model": "events.eventtrigger", "fields": {"originalEvent": 8, "helper": "", "event": null, "localOnly": false, "result": null, "content": "\"What's that behind you!\" He eyes you suspiciously.", "threshold": 99, "template": 2, "conditions": "", "npcthreshold": true, "onlyWhenNotPlayed": false}}, {"pk": 17, "model": "events.eventtrigger", "fields": {"originalEvent": 8, "helper": "", "event": null, "localOnly": false, "result": null, "content": "\"Don't suppose you could let me in to talk, sweetie? It's a bit chilly out here.\"\r\n\r\n\"I'm not interested.\"", "threshold": 99, "template": 4, "conditions": "", "npcthreshold": true, "onlyWhenNotPlayed": false}}, {"pk": 18, "model": "events.eventtrigger", "fields": {"originalEvent": 10, "helper": "", "event": 6, "localOnly": false, "result": "resolve", "content": "", "threshold": 0, "template": 8, "conditions": "", "npcthreshold": true, "onlyWhenNotPlayed": false}}, {"pk": 19, "model": "events.eventtrigger", "fields": {"originalEvent": 9, "helper": "", "event": 10, "localOnly": false, "result": "switch", "content": "", "threshold": 0, "template": 1, "conditions": "", "npcthreshold": true, "onlyWhenNotPlayed": false}}, {"pk": 20, "model": "events.eventtrigger", "fields": {"originalEvent": 9, "helper": "", "event": 10, "localOnly": false, "result": "switch", "content": "", "threshold": 0, "template": 2, "conditions": "", "npcthreshold": true, "onlyWhenNotPlayed": false}}, {"pk": 21, "model": "events.eventtrigger", "fields": {"originalEvent": 11, "helper": "", "event": 7, "localOnly": false, "result": "resolve", "content": "", "threshold": 0, "template": 7, "conditions": "", "npcthreshold": true, "onlyWhenNotPlayed": false}}, {"pk": 22, "model": "events.eventtrigger", "fields": {"originalEvent": 12, "helper": "", "event": 6, "localOnly": false, "result": "resolve", "content": "", "threshold": 0, "template": 7, "conditions": "", "npcthreshold": true, "onlyWhenNotPlayed": false}}, {"pk": 23, "model": "events.eventtrigger", "fields": {"originalEvent": 6, "helper": "", "event": 9, "localOnly": false, "result": null, "content": "Looks like Steve is not taking kindly to your break in. That's awfully inconsiderate.", "threshold": 0, "template": null, "conditions": "steve_home and break_in and not steve_unconscious", "npcthreshold": true, "onlyWhenNotPlayed": false}}, {"pk": 24, "model": "events.eventtrigger", "fields": {"originalEvent": 7, "helper": "", "event": 9, "localOnly": false, "result": null, "content": "", "threshold": 0, "template": null, "conditions": "steve_home and break_in and not steve_unconscious", "npcthreshold": true, "onlyWhenNotPlayed": false}}, {"pk": 28, "model": "events.eventtrigger", "fields": {"originalEvent": 9, "helper": "", "event": 13, "localOnly": false, "result": null, "content": "", "threshold": 0, "template": null, "conditions": "", "npcthreshold": true, "onlyWhenNotPlayed": true}}, {"pk": 29, "model": "events.eventtrigger", "fields": {"originalEvent": 15, "helper": "", "event": null, "localOnly": false, "result": "resolve", "content": "", "threshold": 0, "template": 1, "conditions": "", "npcthreshold": true, "onlyWhenNotPlayed": false}}, {"pk": 30, "model": "events.eventtrigger", "fields": {"originalEvent": 15, "helper": "", "event": null, "localOnly": false, "result": null, "content": "", "threshold": 99, "template": 1, "conditions": "", "npcthreshold": true, "onlyWhenNotPlayed": false}}, {"pk": 31, "model": "events.eventtrigger", "fields": {"originalEvent": 15, "helper": "", "event": 14, "localOnly": false, "result": "resolve", "content": "", "threshold": 3, "template": 3, "conditions": "", "npcthreshold": true, "onlyWhenNotPlayed": false}}, {"pk": 32, "model": "events.eventtrigger", "fields": {"originalEvent": 6, "helper": "", "event": 15, "localOnly": false, "result": null, "content": "The bookcase catches your attention.", "threshold": 1, "template": 9, "conditions": "not night", "npcthreshold": true, "onlyWhenNotPlayed": false}}, {"pk": 33, "model": "events.eventtrigger", "fields": {"originalEvent": 6, "helper": "", "event": 15, "localOnly": false, "result": null, "content": "You stumble across a bookcase in the dark.", "threshold": 2, "template": 9, "conditions": "night", "npcthreshold": true, "onlyWhenNotPlayed": false}}, {"pk": 34, "model": "events.eventtrigger", "fields": {"originalEvent": 19, "helper": "", "event": 3, "localOnly": false, "result": "resolve", "content": "", "threshold": 0, "template": 7, "conditions": "", "npcthreshold": false, "onlyWhenNotPlayed": false}}, {"pk": 35, "model": "events.eventtrigger", "fields": {"originalEvent": 19, "helper": "", "event": 5, "localOnly": false, "result": "resolve", "content": "", "threshold": 1, "template": 7, "conditions": "steve_home", "npcthreshold": false, "onlyWhenNotPlayed": false}}, {"pk": 36, "model": "events.eventtrigger", "fields": {"originalEvent": 19, "helper": "", "event": 4, "localOnly": false, "result": "resolve", "content": "", "threshold": 1, "template": 7, "conditions": "not steve_home", "npcthreshold": false, "onlyWhenNotPlayed": false}}, {"pk": 37, "model": "events.eventtrigger", "fields": {"originalEvent": 6, "helper": "", "event": 20, "localOnly": false, "result": null, "content": "\"You wanted to talk? Let's talk.\"", "threshold": 0, "template": 8, "conditions": "steve_home and not steve_unconscious and not break_in", "npcthreshold": true, "onlyWhenNotPlayed": false}}, {"pk": 40, "model": "events.eventtrigger", "fields": {"originalEvent": 6, "helper": "", "event": 4, "localOnly": false, "result": null, "content": "Well, it looks like your time is up. Steve walks in the door and sees you.", "threshold": 0, "template": 8, "conditions": "not steve_home", "npcthreshold": true, "onlyWhenNotPlayed": false}}, {"pk": 1, "model": "events.eventeffect", "fields": {"event": 4, "effect": 1}}, {"pk": 2, "model": "events.eventeffect", "fields": {"event": 5, "effect": 2}}, {"pk": 3, "model": "events.eventeffect", "fields": {"event": 10, "effect": 3}}, {"pk": 4, "model": "events.eventeffect", "fields": {"event": 11, "effect": 5}}, {"pk": 5, "model": "events.eventeffect", "fields": {"event": 12, "effect": 5}}, {"pk": 6, "model": "events.eventeffect", "fields": {"event": 13, "effect": 4}}, {"pk": 7, "model": "events.eventeffect", "fields": {"event": 14, "effect": 6}}, {"pk": 19, "model": "locations.location", "fields": {}}, {"pk": 18, "model": "locations.location", "fields": {}}, {"pk": 1, "model": "npcs.npc", "fields": {"resist": 0, "dash": 0, "wisdom": 0, "power": 0, "name": "Carmell House", "card": 73, "force": 0, "charm": 0, "slug": "carmell_house", "deck": null}}, {"pk": 2, "model": "npcs.npc", "fields": {"resist": 0, "dash": 0, "wisdom": 0, "power": 0, "name": "Steve Carmell", "card": 70, "force": 0, "charm": 0, "slug": "steve_carmell", "deck": 9}}, {"pk": 3, "model": "npcs.npc", "fields": {"resist": 0, "dash": 0, "wisdom": 0, "power": 0, "name": "Bookcase", "card": 72, "force": 0, "charm": 0, "slug": "bookcase", "deck": null}}, {"pk": 4, "model": "npcs.npc", "fields": {"resist": 0, "dash": 0, "wisdom": 0, "power": 0, "name": "Renee Lilac", "card": 71, "force": 0, "charm": 0, "slug": "renee_lilac", "deck": null}}, {"pk": 5, "model": "npcs.npcinstance", "fields": {"player": 1, "npc": 1}}, {"pk": 6, "model": "npcs.npcinstance", "fields": {"player": 1, "npc": 2}}, {"pk": 1, "model": "npcs.npclink", "fields": {"npc": 1, "event": 2}}, {"pk": 3, "model": "npcs.npclink", "fields": {"npc": 1, "event": 19}}]