[{"fields": {"first_name": "Justin", "last_name": "Brown", "password": "pbkdf2_sha256$12000$JgAopSkAH1aN$jFKrm6ma6yVZ2+Ua1dImHOIXu6Ols/bdfUns7DpRJDI=", "date_joined": "2014-09-24T06:03:56.267Z", "username": "justinbrown", "email": "brown.justin.michael@gmail.com", "user_permissions": [], "groups": [], "last_login": "2015-03-26T18:40:05.877Z", "is_active": true, "is_superuser": true, "is_staff": true}, "model": "auth.user", "pk": 1}, {"fields": {"first_name": "Nathan", "last_name": "Brown", "password": "pbkdf2_sha256$12000$RJubOgT7a0Kp$pq2n0N9+HUq49f80Bk75nky2NBlWX+lZAa00ixW+l+A=", "date_joined": "2014-09-23T04:29:44Z", "username": "NathanBrown", "email": "Brown.Nathan.Andrew@gmail.com", "user_permissions": [], "groups": [], "last_login": "2014-09-23T04:29:44Z", "is_active": true, "is_superuser": true, "is_staff": true}, "model": "auth.user", "pk": 2}, {"fields": {"first_name": "Richard", "last_name": "Thomas", "password": "pbkdf2_sha256$12000$BK8XF5EbsDeY$o7vwY2vNkNcc2JJEe/d0vwGXqpj2OFpwsaQrTea15Ow=", "date_joined": "2014-09-23T04:31:32Z", "username": "RichardThomas", "email": "Allattos@gmail.com", "user_permissions": [], "groups": [], "last_login": "2014-09-23T04:31:32Z", "is_active": true, "is_superuser": true, "is_staff": true}, "model": "auth.user", "pk": 3}, {"fields": {"expire_date": "2015-04-09T19:20:08.819Z", "session_data": "YTAwMjQ1NTc0YmExYWMxNGU1OTYxODUwMDllYmNjOGRhMjhmOWJhMzp7Il9hdXRoX3VzZXJfaWQiOjEsIl9hdXRoX3VzZXJfYmFja2VuZCI6ImRqYW5nby5jb250cmliLmF1dGguYmFja2VuZHMuTW9kZWxCYWNrZW5kIiwiX2F1dGhfdXNlcl9oYXNoIjoiNjJmZGNkNDZjM2E1NzM5ZTMyMGRiYzg2ODI5N2ZlOWRmMTI2NGM2MyIsIl9tZXNzYWdlcyI6IltbXCJfX2pzb25fbWVzc2FnZVwiLDAsMjUsXCJTdWNjZXNzZnVsbHkgZGVsZXRlZCA5IENhcmQgc3RhdHVzZXMuXCJdLFtcIl9fanNvbl9tZXNzYWdlXCIsMCwyNSxcIlN1Y2Nlc3NmdWxseSBkZWxldGVkIDEgZGVjayBzdGF0dXMuXCJdLFtcIl9fanNvbl9tZXNzYWdlXCIsMCwyNSxcIlRoZSBmbGFnIFxcXCJzdGV2ZV9ob21lXFxcIiB3YXMgYWRkZWQgc3VjY2Vzc2Z1bGx5LlwiXSxbXCJfX2pzb25fbWVzc2FnZVwiLDAsMjUsXCJUaGUgbiBmbGFnIFxcXCJzdGV2ZV9ob21lXFxcIiB3YXMgYWRkZWQgc3VjY2Vzc2Z1bGx5LlwiXSxbXCJfX2pzb25fbWVzc2FnZVwiLDAsMjUsXCJUaGUga2V5IGl0ZW0gXFxcIlBob3RvIG9mIE1pc3RyZXNzXFxcIiB3YXMgYWRkZWQgc3VjY2Vzc2Z1bGx5LlwiXSxbXCJfX2pzb25fbWVzc2FnZVwiLDAsMjUsXCJUaGUga2V5IGl0ZW0gXFxcIkluY3JpbWluYXRpbmcgRG9jdW1lbnRzXFxcIiB3YXMgYWRkZWQgc3VjY2Vzc2Z1bGx5LlwiXSxbXCJfX2pzb25fbWVzc2FnZVwiLDAsMjUsXCJTdWNjZXNzZnVsbHkgZGVsZXRlZCA2IGVmZmVjdHMuXCJdLFtcIl9fanNvbl9tZXNzYWdlXCIsMCwyNSxcIlN1Y2Nlc3NmdWxseSBkZWxldGVkIDIgZWZmZWN0cy5cIl0sW1wiX19qc29uX21lc3NhZ2VcIiwwLDI1LFwiVGhlIGV2ZW50IFxcXCJJbmNyaW1pbmF0aW5nIERvY3VtZW50c1xcXCIgd2FzIGNoYW5nZWQgc3VjY2Vzc2Z1bGx5LlwiXSxbXCJfX2pzb25fbWVzc2FnZVwiLDAsMjUsXCJUaGUgZXZlbnQgXFxcIlN0ZXZlIERlcGFydHNcXFwiIHdhcyBjaGFuZ2VkIHN1Y2Nlc3NmdWxseS5cIl0sW1wiX19qc29uX21lc3NhZ2VcIiwwLDI1LFwiVGhlIGV2ZW50IFxcXCJTdGV2ZSBBcnJpdmVzXFxcIiB3YXMgY2hhbmdlZCBzdWNjZXNzZnVsbHkuXCJdLFtcIl9fanNvbl9tZXNzYWdlXCIsMCwyNSxcIlRoZSBldmVudCBcXFwiQnJlYWsgaW50byBTaXR0aW5nIFJvb21cXFwiIHdhcyBjaGFuZ2VkIHN1Y2Nlc3NmdWxseS5cIl0sW1wiX19qc29uX21lc3NhZ2VcIiwwLDI1LFwiVGhlIGV2ZW50IFxcXCJDb25mZXNzaW9uc1xcXCIgd2FzIGNoYW5nZWQgc3VjY2Vzc2Z1bGx5LlwiXSxbXCJfX2pzb25fbWVzc2FnZVwiLDAsMjUsXCJUaGUgZXZlbnQgXFxcIkJyZWFrIGludG8gQmVkcm9vbVxcXCIgd2FzIGNoYW5nZWQgc3VjY2Vzc2Z1bGx5LlwiXSxbXCJfX2pzb25fbWVzc2FnZVwiLDAsMjUsXCJUaGUgbiBmbGFnIFxcXCJuaWdodFxcXCIgd2FzIGFkZGVkIHN1Y2Nlc3NmdWxseS5cIl1dIn0="}, "model": "sessions.session", "pk": "kqg9f9w4sfak2cwxhn045hxeaihshhoh"}, {"fields": {"content_type": 30, "object_id": "4", "action_flag": 3, "action_time": "2015-03-26T18:40:23.998Z", "change_message": "", "user": 1, "object_repr": "Dash Template 1 w/ EXP 10 in (justinbrown's Deck viewed by justinbrown)"}, "model": "admin.logentry", "pk": 1}, {"fields": {"content_type": 30, "object_id": "9", "action_flag": 3, "action_time": "2015-03-26T18:40:24.001Z", "change_message": "", "user": 1, "object_repr": "Resist Template 1 w/ EXP 3 in (justinbrown's Deck viewed by justinbrown)"}, "model": "admin.logentry", "pk": 2}, {"fields": {"content_type": 30, "object_id": "8", "action_flag": 3, "action_time": "2015-03-26T18:40:24.002Z", "change_message": "", "user": 1, "object_repr": "Charm Template 1 w/ EXP 9 in (justinbrown's Deck viewed by justinbrown)"}, "model": "admin.logentry", "pk": 3}, {"fields": {"content_type": 30, "object_id": "3", "action_flag": 3, "action_time": "2015-03-26T18:40:24.003Z", "change_message": "", "user": 1, "object_repr": "Force Template 3 w/ EXP 5 in (justinbrown's Deck viewed by justinbrown)"}, "model": "admin.logentry", "pk": 4}, {"fields": {"content_type": 30, "object_id": "2", "action_flag": 3, "action_time": "2015-03-26T18:40:24.004Z", "change_message": "", "user": 1, "object_repr": "Force Template 2 w/ EXP 6 in (justinbrown's Deck viewed by justinbrown)"}, "model": "admin.logentry", "pk": 5}, {"fields": {"content_type": 30, "object_id": "5", "action_flag": 3, "action_time": "2015-03-26T18:40:24.005Z", "change_message": "", "user": 1, "object_repr": "Dash Template 2 w/ EXP 8 in (justinbrown's Deck viewed by justinbrown)"}, "model": "admin.logentry", "pk": 6}, {"fields": {"content_type": 30, "object_id": "6", "action_flag": 3, "action_time": "2015-03-26T18:40:24.006Z", "change_message": "", "user": 1, "object_repr": "Resist Template 1 w/ EXP 3 in (justinbrown's Deck viewed by justinbrown)"}, "model": "admin.logentry", "pk": 7}, {"fields": {"content_type": 30, "object_id": "1", "action_flag": 3, "action_time": "2015-03-26T18:40:24.007Z", "change_message": "", "user": 1, "object_repr": "Force Template 1 w/ EXP 8 in (justinbrown's Deck viewed by justinbrown)"}, "model": "admin.logentry", "pk": 8}, {"fields": {"content_type": 30, "object_id": "7", "action_flag": 3, "action_time": "2015-03-26T18:40:24.008Z", "change_message": "", "user": 1, "object_repr": "Resist Template 2 w/ EXP 6 in (justinbrown's Deck viewed by justinbrown)"}, "model": "admin.logentry", "pk": 9}, {"fields": {"content_type": 31, "object_id": "1", "action_flag": 3, "action_time": "2015-03-26T18:40:32.694Z", "change_message": "", "user": 1, "object_repr": "justinbrown's Deck viewed by justinbrown"}, "model": "admin.logentry", "pk": 10}, {"fields": {"content_type": 40, "object_id": "1", "action_flag": 1, "action_time": "2015-03-26T19:13:27.452Z", "change_message": "", "user": 1, "object_repr": "Photo of Mistress"}, "model": "admin.logentry", "pk": 13}, {"fields": {"content_type": 40, "object_id": "2", "action_flag": 1, "action_time": "2015-03-26T19:13:35.387Z", "change_message": "", "user": 1, "object_repr": "Incriminating Documents"}, "model": "admin.logentry", "pk": 14}, {"fields": {"content_type": 17, "object_id": "7", "action_flag": 3, "action_time": "2015-03-26T19:14:28.695Z", "change_message": "", "user": 1, "object_repr": "Reveal Affair"}, "model": "admin.logentry", "pk": 15}, {"fields": {"content_type": 17, "object_id": "5", "action_flag": 3, "action_time": "2015-03-26T19:14:28.697Z", "change_message": "", "user": 1, "object_repr": "Break In"}, "model": "admin.logentry", "pk": 16}, {"fields": {"content_type": 17, "object_id": "4", "action_flag": 3, "action_time": "2015-03-26T19:14:28.698Z", "change_message": "", "user": 1, "object_repr": "Damage x1"}, "model": "admin.logentry", "pk": 17}, {"fields": {"content_type": 17, "object_id": "3", "action_flag": 3, "action_time": "2015-03-26T19:14:28.699Z", "change_message": "", "user": 1, "object_repr": "Steve Unconscious"}, "model": "admin.logentry", "pk": 18}, {"fields": {"content_type": 17, "object_id": "2", "action_flag": 3, "action_time": "2015-03-26T19:14:28.700Z", "change_message": "", "user": 1, "object_repr": "Steve Departs"}, "model": "admin.logentry", "pk": 19}, {"fields": {"content_type": 17, "object_id": "1", "action_flag": 3, "action_time": "2015-03-26T19:14:28.701Z", "change_message": "", "user": 1, "object_repr": "Steve Arrives"}, "model": "admin.logentry", "pk": 20}, {"fields": {"content_type": 17, "object_id": "8", "action_flag": 3, "action_time": "2015-03-26T19:14:34.741Z", "change_message": "", "user": 1, "object_repr": "Photo of the Mistress"}, "model": "admin.logentry", "pk": 21}, {"fields": {"content_type": 17, "object_id": "6", "action_flag": 3, "action_time": "2015-03-26T19:14:34.743Z", "change_message": "", "user": 1, "object_repr": "Incriminating Documents"}, "model": "admin.logentry", "pk": 22}, {"fields": {"content_type": 22, "object_id": "9", "action_flag": 1, "action_time": "2015-03-26T19:16:28.340Z", "change_message": "", "user": 1, "object_repr": "Effect: Add Photo of Mistress"}, "model": "admin.logentry", "pk": 23}, {"fields": {"content_type": 22, "object_id": "10", "action_flag": 1, "action_time": "2015-03-26T19:16:53.377Z", "change_message": "", "user": 1, "object_repr": "Effect: Add Incriminating Documents"}, "model": "admin.logentry", "pk": 24}, {"fields": {"content_type": 25, "object_id": "14", "action_flag": 2, "action_time": "2015-03-26T19:16:55.683Z", "change_message": "Added event effect \"EventEffect object\".", "user": 1, "object_repr": "Incriminating Documents"}, "model": "admin.logentry", "pk": 25}, {"fields": {"content_type": 20, "object_id": "11", "action_flag": 1, "action_time": "2015-03-26T19:17:21.391Z", "change_message": "", "user": 1, "object_repr": "Effect: steve_home -> 0"}, "model": "admin.logentry", "pk": 26}, {"fields": {"content_type": 25, "object_id": "5", "action_flag": 2, "action_time": "2015-03-26T19:17:30.565Z", "change_message": "Added event effect \"EventEffect object\".", "user": 1, "object_repr": "Steve Departs"}, "model": "admin.logentry", "pk": 27}, {"fields": {"content_type": 20, "object_id": "12", "action_flag": 1, "action_time": "2015-03-26T19:17:58.632Z", "change_message": "", "user": 1, "object_repr": "Effect: steve_home -> 1"}, "model": "admin.logentry", "pk": 28}, {"fields": {"content_type": 25, "object_id": "4", "action_flag": 2, "action_time": "2015-03-26T19:18:01.687Z", "change_message": "Added event effect \"EventEffect object\".", "user": 1, "object_repr": "Steve Arrives"}, "model": "admin.logentry", "pk": 29}, {"fields": {"content_type": 20, "object_id": "13", "action_flag": 1, "action_time": "2015-03-26T19:18:37.428Z", "change_message": "", "user": 1, "object_repr": "Effect: break_in -> 1"}, "model": "admin.logentry", "pk": 31}, {"fields": {"content_type": 25, "object_id": "12", "action_flag": 2, "action_time": "2015-03-26T19:18:39.283Z", "change_message": "Added event effect \"EventEffect object\".", "user": 1, "object_repr": "Break into Sitting Room"}, "model": "admin.logentry", "pk": 32}, {"fields": {"content_type": 20, "object_id": "14", "action_flag": 1, "action_time": "2015-03-26T19:19:24.163Z", "change_message": "", "user": 1, "object_repr": "Effect: affair_revealed -> 0"}, "model": "admin.logentry", "pk": 34}, {"fields": {"content_type": 25, "object_id": "21", "action_flag": 2, "action_time": "2015-03-26T19:19:26.323Z", "change_message": "Added event effect \"EventEffect object\".", "user": 1, "object_repr": "Confessions"}, "model": "admin.logentry", "pk": 35}, {"fields": {"content_type": 25, "object_id": "11", "action_flag": 2, "action_time": "2015-03-26T19:19:39.214Z", "change_message": "Added event effect \"EventEffect object\".", "user": 1, "object_repr": "Break into Bedroom"}, "model": "admin.logentry", "pk": 36}, {"fields": {"temporary": false, "name": "steve_home"}, "model": "flags.flag", "pk": 1}, {"fields": {"temporary": false, "name": "break_in"}, "model": "flags.flag", "pk": 2}, {"fields": {"temporary": false, "name": "affair_revealed"}, "model": "flags.flag", "pk": 3}, {"fields": {"temporary": false, "name": "night"}, "model": "flags.flag", "pk": 4}, {"fields": {"flag": 4, "player": 1, "state": 0}, "model": "flags.playerflag", "pk": 1}, {"fields": {"flag": 1, "player": 1, "state": 0}, "model": "flags.playerflag", "pk": 2}, {"fields": {"flag": 1, "log": 3, "state": 0}, "model": "flags.logflag", "pk": 1}, {"fields": {"flag": 4, "log": 8, "state": 0}, "model": "flags.logflag", "pk": 2}, {"fields": {"flag": 1, "log": 8, "state": 0}, "model": "flags.logflag", "pk": 3}, {"fields": {"requiresTarget": false, "polymorphic_ctype": 1, "name": "Force"}, "model": "cards.cardtemplate", "pk": 1}, {"fields": {"requiresTarget": false, "polymorphic_ctype": 1, "name": "Dash"}, "model": "cards.cardtemplate", "pk": 2}, {"fields": {"requiresTarget": false, "polymorphic_ctype": 1, "name": "Resist"}, "model": "cards.cardtemplate", "pk": 3}, {"fields": {"requiresTarget": false, "polymorphic_ctype": 1, "name": "Charm"}, "model": "cards.cardtemplate", "pk": 4}, {"fields": {"requiresTarget": false, "polymorphic_ctype": 1, "name": "Wisdom"}, "model": "cards.cardtemplate", "pk": 5}, {"fields": {"requiresTarget": false, "polymorphic_ctype": 1, "name": "Power"}, "model": "cards.cardtemplate", "pk": 6}, {"fields": {"requiresTarget": false, "polymorphic_ctype": 11, "name": "Carmell House"}, "model": "cards.cardtemplate", "pk": 7}, {"fields": {"requiresTarget": false, "polymorphic_ctype": 11, "name": "Steve Carmell"}, "model": "cards.cardtemplate", "pk": 8}, {"fields": {"requiresTarget": false, "polymorphic_ctype": 11, "name": "Bookcase"}, "model": "cards.cardtemplate", "pk": 9}, {"fields": {"requiresTarget": false, "polymorphic_ctype": 11, "name": "Renee Lilac"}, "model": "cards.cardtemplate", "pk": 10}, {"fields": {"requiresTarget": false, "polymorphic_ctype": 9, "name": "Ask"}, "model": "cards.cardtemplate", "pk": 11}, {"fields": {"requiresTarget": false, "polymorphic_ctype": 9, "name": "Leave"}, "model": "cards.cardtemplate", "pk": 12}, {"fields": {"requiresTarget": false, "polymorphic_ctype": 9, "name": "Blank"}, "model": "cards.cardtemplate", "pk": 13}, {"fields": {"requiresTarget": false, "polymorphic_ctype": 9, "name": "Reassure"}, "model": "cards.cardtemplate", "pk": 14}, {"fields": {"statistic": "force"}, "model": "cards.stattemplate", "pk": 1}, {"fields": {"statistic": "dash"}, "model": "cards.stattemplate", "pk": 2}, {"fields": {"statistic": "resist"}, "model": "cards.stattemplate", "pk": 3}, {"fields": {"statistic": "charm"}, "model": "cards.stattemplate", "pk": 4}, {"fields": {"statistic": "wisdom"}, "model": "cards.stattemplate", "pk": 5}, {"fields": {"statistic": "power"}, "model": "cards.stattemplate", "pk": 6}, {"fields": {"npc": 1}, "model": "cards.npctemplate", "pk": 7}, {"fields": {"npc": 2}, "model": "cards.npctemplate", "pk": 8}, {"fields": {"npc": 3}, "model": "cards.npctemplate", "pk": 9}, {"fields": {"npc": 4}, "model": "cards.npctemplate", "pk": 10}, {"fields": {}, "model": "cards.deck", "pk": 1}, {"fields": {}, "model": "cards.deck", "pk": 2}, {"fields": {}, "model": "cards.deck", "pk": 3}, {"fields": {}, "model": "cards.deck", "pk": 8}, {"fields": {}, "model": "cards.deck", "pk": 9}, {"fields": {}, "model": "cards.deck", "pk": 10}, {"fields": {}, "model": "cards.deck", "pk": 11}, {"fields": {}, "model": "cards.deck", "pk": 12}, {"fields": {}, "model": "cards.deck", "pk": 13}, {"fields": {}, "model": "cards.deck", "pk": 14}, {"fields": {}, "model": "cards.deck", "pk": 15}, {"fields": {}, "model": "cards.deck", "pk": 16}, {"fields": {}, "model": "cards.deck", "pk": 17}, {"fields": {}, "model": "cards.deck", "pk": 18}, {"fields": {}, "model": "cards.deck", "pk": 19}, {"fields": {}, "model": "cards.deck", "pk": 20}, {"fields": {}, "model": "cards.deck", "pk": 21}, {"fields": {}, "model": "cards.deck", "pk": 22}, {"fields": {"description": null, "polymorphic_ctype": 2, "deck": 1, "modifier": 1, "name": "Force Template"}, "model": "cards.basecard", "pk": 1}, {"fields": {"description": null, "polymorphic_ctype": 2, "deck": 1, "modifier": 2, "name": "Force Template"}, "model": "cards.basecard", "pk": 2}, {"fields": {"description": null, "polymorphic_ctype": 2, "deck": 1, "modifier": 3, "name": "Force Template"}, "model": "cards.basecard", "pk": 3}, {"fields": {"description": null, "polymorphic_ctype": 2, "deck": 1, "modifier": 1, "name": "Dash Template"}, "model": "cards.basecard", "pk": 4}, {"fields": {"description": null, "polymorphic_ctype": 2, "deck": 1, "modifier": 2, "name": "Dash Template"}, "model": "cards.basecard", "pk": 5}, {"fields": {"description": null, "polymorphic_ctype": 2, "deck": 1, "modifier": 1, "name": "Resist Template"}, "model": "cards.basecard", "pk": 6}, {"fields": {"description": null, "polymorphic_ctype": 2, "deck": 1, "modifier": 2, "name": "Resist Template"}, "model": "cards.basecard", "pk": 7}, {"fields": {"description": null, "polymorphic_ctype": 2, "deck": 1, "modifier": 1, "name": "Charm Template"}, "model": "cards.basecard", "pk": 8}, {"fields": {"description": null, "polymorphic_ctype": 2, "deck": 2, "modifier": 1, "name": ""}, "model": "cards.basecard", "pk": 9}, {"fields": {"description": null, "polymorphic_ctype": 2, "deck": 2, "modifier": 2, "name": ""}, "model": "cards.basecard", "pk": 10}, {"fields": {"description": null, "polymorphic_ctype": 2, "deck": 2, "modifier": 3, "name": ""}, "model": "cards.basecard", "pk": 11}, {"fields": {"description": null, "polymorphic_ctype": 2, "deck": 2, "modifier": 1, "name": ""}, "model": "cards.basecard", "pk": 12}, {"fields": {"description": null, "polymorphic_ctype": 2, "deck": 2, "modifier": 2, "name": ""}, "model": "cards.basecard", "pk": 13}, {"fields": {"description": null, "polymorphic_ctype": 2, "deck": 2, "modifier": 1, "name": ""}, "model": "cards.basecard", "pk": 14}, {"fields": {"description": null, "polymorphic_ctype": 2, "deck": 2, "modifier": 2, "name": ""}, "model": "cards.basecard", "pk": 15}, {"fields": {"description": null, "polymorphic_ctype": 2, "deck": 2, "modifier": 1, "name": ""}, "model": "cards.basecard", "pk": 16}, {"fields": {"description": null, "polymorphic_ctype": 2, "deck": 3, "modifier": 1, "name": ""}, "model": "cards.basecard", "pk": 17}, {"fields": {"description": null, "polymorphic_ctype": 2, "deck": 3, "modifier": 2, "name": ""}, "model": "cards.basecard", "pk": 18}, {"fields": {"description": null, "polymorphic_ctype": 2, "deck": 3, "modifier": 3, "name": ""}, "model": "cards.basecard", "pk": 19}, {"fields": {"description": null, "polymorphic_ctype": 2, "deck": 3, "modifier": 1, "name": ""}, "model": "cards.basecard", "pk": 20}, {"fields": {"description": null, "polymorphic_ctype": 2, "deck": 3, "modifier": 2, "name": ""}, "model": "cards.basecard", "pk": 21}, {"fields": {"description": null, "polymorphic_ctype": 2, "deck": 3, "modifier": 1, "name": ""}, "model": "cards.basecard", "pk": 22}, {"fields": {"description": null, "polymorphic_ctype": 2, "deck": 3, "modifier": 2, "name": ""}, "model": "cards.basecard", "pk": 23}, {"fields": {"description": null, "polymorphic_ctype": 2, "deck": 3, "modifier": 1, "name": ""}, "model": "cards.basecard", "pk": 24}, {"fields": {"description": "", "polymorphic_ctype": 16, "deck": null, "modifier": 0, "name": "Carmell House Template"}, "model": "cards.basecard", "pk": 25}, {"fields": {"description": "", "polymorphic_ctype": 14, "deck": 8, "modifier": 0, "name": "Blank Template"}, "model": "cards.basecard", "pk": 26}, {"fields": {"description": "", "polymorphic_ctype": 14, "deck": 8, "modifier": 0, "name": "Blank Template"}, "model": "cards.basecard", "pk": 32}, {"fields": {"description": "", "polymorphic_ctype": 14, "deck": 8, "modifier": 0, "name": "Blank Template"}, "model": "cards.basecard", "pk": 33}, {"fields": {"description": "", "polymorphic_ctype": 16, "deck": 8, "modifier": 1, "name": "Carmell House Template"}, "model": "cards.basecard", "pk": 34}, {"fields": {"description": "", "polymorphic_ctype": 16, "deck": 8, "modifier": 1, "name": "Carmell House Template"}, "model": "cards.basecard", "pk": 35}, {"fields": {"description": "", "polymorphic_ctype": 2, "deck": 9, "modifier": 1, "name": "Force Template"}, "model": "cards.basecard", "pk": 36}, {"fields": {"description": "", "polymorphic_ctype": 2, "deck": 9, "modifier": 1, "name": "Dash Template"}, "model": "cards.basecard", "pk": 37}, {"fields": {"description": "", "polymorphic_ctype": 2, "deck": 9, "modifier": 1, "name": "Resist Template"}, "model": "cards.basecard", "pk": 38}, {"fields": {"description": "", "polymorphic_ctype": 2, "deck": 9, "modifier": 2, "name": "Resist Template"}, "model": "cards.basecard", "pk": 39}, {"fields": {"description": "", "polymorphic_ctype": 14, "deck": 10, "modifier": 0, "name": "Blank Template"}, "model": "cards.basecard", "pk": 40}, {"fields": {"description": "", "polymorphic_ctype": 14, "deck": 10, "modifier": 0, "name": "Blank Template"}, "model": "cards.basecard", "pk": 41}, {"fields": {"description": "", "polymorphic_ctype": 14, "deck": 10, "modifier": 0, "name": "Blank Template"}, "model": "cards.basecard", "pk": 42}, {"fields": {"description": "", "polymorphic_ctype": 16, "deck": 10, "modifier": 0, "name": "Bookcase Template"}, "model": "cards.basecard", "pk": 43}, {"fields": {"description": "", "polymorphic_ctype": 16, "deck": 10, "modifier": 0, "name": "Bookcase Template"}, "model": "cards.basecard", "pk": 44}, {"fields": {"description": "", "polymorphic_ctype": 14, "deck": 12, "modifier": 0, "name": "Blank Template"}, "model": "cards.basecard", "pk": 45}, {"fields": {"description": "", "polymorphic_ctype": 14, "deck": 12, "modifier": 0, "name": "Blank Template"}, "model": "cards.basecard", "pk": 46}, {"fields": {"description": "", "polymorphic_ctype": 14, "deck": 12, "modifier": 0, "name": "Blank Template"}, "model": "cards.basecard", "pk": 47}, {"fields": {"description": "", "polymorphic_ctype": 16, "deck": 12, "modifier": 1, "name": "Carmell House Template"}, "model": "cards.basecard", "pk": 48}, {"fields": {"description": "", "polymorphic_ctype": 16, "deck": 12, "modifier": 1, "name": "Carmell House Template"}, "model": "cards.basecard", "pk": 49}, {"fields": {"description": "", "polymorphic_ctype": 16, "deck": 12, "modifier": 1, "name": "Carmell House Template"}, "model": "cards.basecard", "pk": 50}, {"fields": {"description": "", "polymorphic_ctype": 14, "deck": 13, "modifier": 0, "name": "Blank Template"}, "model": "cards.basecard", "pk": 51}, {"fields": {"description": "", "polymorphic_ctype": 14, "deck": 13, "modifier": 0, "name": "Blank Template"}, "model": "cards.basecard", "pk": 52}, {"fields": {"description": "", "polymorphic_ctype": 14, "deck": 13, "modifier": 0, "name": "Blank Template"}, "model": "cards.basecard", "pk": 53}, {"fields": {"description": "", "polymorphic_ctype": 16, "deck": 13, "modifier": 1, "name": "Carmell House Template"}, "model": "cards.basecard", "pk": 54}, {"fields": {"description": "", "polymorphic_ctype": 16, "deck": 13, "modifier": 1, "name": "Carmell House Template"}, "model": "cards.basecard", "pk": 55}, {"fields": {"description": "", "polymorphic_ctype": 16, "deck": 13, "modifier": 1, "name": "Carmell House Template"}, "model": "cards.basecard", "pk": 56}, {"fields": {"description": "", "polymorphic_ctype": 16, "deck": 16, "modifier": 0, "name": "Carmell House Template"}, "model": "cards.basecard", "pk": 57}, {"fields": {"description": null, "polymorphic_ctype": 16, "deck": null, "modifier": 0, "name": "Steve Carmell Template"}, "model": "cards.basecard", "pk": 69}, {"fields": {"description": null, "polymorphic_ctype": 16, "deck": null, "modifier": 0, "name": "Steve Carmell Template"}, "model": "cards.basecard", "pk": 70}, {"fields": {"description": null, "polymorphic_ctype": 16, "deck": null, "modifier": 0, "name": "Renee Lilac Template"}, "model": "cards.basecard", "pk": 71}, {"fields": {"description": null, "polymorphic_ctype": 16, "deck": null, "modifier": 0, "name": "Bookcase Template"}, "model": "cards.basecard", "pk": 72}, {"fields": {"description": null, "polymorphic_ctype": 16, "deck": null, "modifier": 0, "name": "Carmell House Template"}, "model": "cards.basecard", "pk": 73}, {"fields": {"description": "", "polymorphic_ctype": 14, "deck": 17, "modifier": 0, "name": "Ask Template"}, "model": "cards.basecard", "pk": 74}, {"fields": {"description": "", "polymorphic_ctype": 14, "deck": 17, "modifier": 0, "name": "Leave Template"}, "model": "cards.basecard", "pk": 75}, {"fields": {"description": "", "polymorphic_ctype": 14, "deck": 18, "modifier": 0, "name": "Blank Template"}, "model": "cards.basecard", "pk": 76}, {"fields": {"description": "", "polymorphic_ctype": 14, "deck": 18, "modifier": 0, "name": "Blank Template"}, "model": "cards.basecard", "pk": 77}, {"fields": {"description": "", "polymorphic_ctype": 16, "deck": 18, "modifier": 1, "name": "Bookcase Template"}, "model": "cards.basecard", "pk": 78}, {"fields": {"description": "", "polymorphic_ctype": 16, "deck": 18, "modifier": 1, "name": "Bookcase Template"}, "model": "cards.basecard", "pk": 79}, {"fields": {"description": "", "polymorphic_ctype": 16, "deck": 18, "modifier": 0, "name": "Steve Carmell Template"}, "model": "cards.basecard", "pk": 80}, {"fields": {"description": "", "polymorphic_ctype": 16, "deck": 18, "modifier": 2, "name": "Bookcase Template"}, "model": "cards.basecard", "pk": 81}, {"fields": {"description": "", "polymorphic_ctype": 16, "deck": 18, "modifier": 0, "name": "Steve Carmell Template"}, "model": "cards.basecard", "pk": 82}, {"fields": {"description": "", "polymorphic_ctype": 2, "deck": 19, "modifier": 0, "name": "Charm Template"}, "model": "cards.basecard", "pk": 83}, {"fields": {"description": "", "polymorphic_ctype": 14, "deck": 20, "modifier": 0, "name": "Ask Template"}, "model": "cards.basecard", "pk": 84}, {"fields": {"description": "", "polymorphic_ctype": 14, "deck": 20, "modifier": 1, "name": "Ask Template"}, "model": "cards.basecard", "pk": 85}, {"fields": {"description": "", "polymorphic_ctype": 14, "deck": 20, "modifier": 0, "name": "Leave Template"}, "model": "cards.basecard", "pk": 86}, {"fields": {"description": "", "polymorphic_ctype": 14, "deck": 20, "modifier": 0, "name": "Reassure Template"}, "model": "cards.basecard", "pk": 87}, {"fields": {"description": "", "polymorphic_ctype": 14, "deck": 21, "modifier": 0, "name": "Blank Template"}, "model": "cards.basecard", "pk": 88}, {"fields": {"description": "", "polymorphic_ctype": 14, "deck": 21, "modifier": 0, "name": "Blank Template"}, "model": "cards.basecard", "pk": 89}, {"fields": {"description": "", "polymorphic_ctype": 14, "deck": 21, "modifier": 0, "name": "Blank Template"}, "model": "cards.basecard", "pk": 90}, {"fields": {"description": "", "polymorphic_ctype": 16, "deck": 21, "modifier": 0, "name": "Steve Carmell Template"}, "model": "cards.basecard", "pk": 91}, {"fields": {"description": "", "polymorphic_ctype": 2, "deck": 21, "modifier": 1, "name": "Resist Template"}, "model": "cards.basecard", "pk": 92}, {"fields": {"description": "", "polymorphic_ctype": 14, "deck": 22, "modifier": 0, "name": "Blank Template"}, "model": "cards.basecard", "pk": 93}, {"fields": {"description": "", "polymorphic_ctype": 14, "deck": 22, "modifier": 0, "name": "Blank Template"}, "model": "cards.basecard", "pk": 94}, {"fields": {"description": "", "polymorphic_ctype": 2, "deck": 22, "modifier": 1, "name": "Resist Template"}, "model": "cards.basecard", "pk": 95}, {"fields": {"description": "", "polymorphic_ctype": 2, "deck": 22, "modifier": 1, "name": "Resist Template"}, "model": "cards.basecard", "pk": 96}, {"fields": {"description": "", "polymorphic_ctype": 16, "deck": 22, "modifier": 0, "name": "Steve Carmell Template"}, "model": "cards.basecard", "pk": 97}, {"fields": {"template": 13}, "model": "cards.card", "pk": 26}, {"fields": {"template": 13}, "model": "cards.card", "pk": 32}, {"fields": {"template": 13}, "model": "cards.card", "pk": 33}, {"fields": {"template": 13}, "model": "cards.card", "pk": 40}, {"fields": {"template": 13}, "model": "cards.card", "pk": 41}, {"fields": {"template": 13}, "model": "cards.card", "pk": 42}, {"fields": {"template": 13}, "model": "cards.card", "pk": 45}, {"fields": {"template": 13}, "model": "cards.card", "pk": 46}, {"fields": {"template": 13}, "model": "cards.card", "pk": 47}, {"fields": {"template": 13}, "model": "cards.card", "pk": 51}, {"fields": {"template": 13}, "model": "cards.card", "pk": 52}, {"fields": {"template": 13}, "model": "cards.card", "pk": 53}, {"fields": {"template": 11}, "model": "cards.card", "pk": 74}, {"fields": {"template": 12}, "model": "cards.card", "pk": 75}, {"fields": {"template": 13}, "model": "cards.card", "pk": 76}, {"fields": {"template": 13}, "model": "cards.card", "pk": 77}, {"fields": {"template": 11}, "model": "cards.card", "pk": 84}, {"fields": {"template": 11}, "model": "cards.card", "pk": 85}, {"fields": {"template": 12}, "model": "cards.card", "pk": 86}, {"fields": {"template": 14}, "model": "cards.card", "pk": 87}, {"fields": {"template": 13}, "model": "cards.card", "pk": 88}, {"fields": {"template": 13}, "model": "cards.card", "pk": 89}, {"fields": {"template": 13}, "model": "cards.card", "pk": 90}, {"fields": {"template": 13}, "model": "cards.card", "pk": 93}, {"fields": {"template": 13}, "model": "cards.card", "pk": 94}, {"fields": {"template": 1, "experience": 8}, "model": "cards.playercard", "pk": 1}, {"fields": {"template": 1, "experience": 6}, "model": "cards.playercard", "pk": 2}, {"fields": {"template": 1, "experience": 6}, "model": "cards.playercard", "pk": 3}, {"fields": {"template": 2, "experience": 10}, "model": "cards.playercard", "pk": 4}, {"fields": {"template": 2, "experience": 8}, "model": "cards.playercard", "pk": 5}, {"fields": {"template": 3, "experience": 3}, "model": "cards.playercard", "pk": 6}, {"fields": {"template": 3, "experience": 6}, "model": "cards.playercard", "pk": 7}, {"fields": {"template": 4, "experience": 9}, "model": "cards.playercard", "pk": 8}, {"fields": {"template": 1, "experience": 0}, "model": "cards.playercard", "pk": 9}, {"fields": {"template": 1, "experience": 0}, "model": "cards.playercard", "pk": 10}, {"fields": {"template": 1, "experience": 0}, "model": "cards.playercard", "pk": 11}, {"fields": {"template": 2, "experience": 0}, "model": "cards.playercard", "pk": 12}, {"fields": {"template": 2, "experience": 0}, "model": "cards.playercard", "pk": 13}, {"fields": {"template": 3, "experience": 0}, "model": "cards.playercard", "pk": 14}, {"fields": {"template": 3, "experience": 0}, "model": "cards.playercard", "pk": 15}, {"fields": {"template": 4, "experience": 0}, "model": "cards.playercard", "pk": 16}, {"fields": {"template": 1, "experience": 0}, "model": "cards.playercard", "pk": 17}, {"fields": {"template": 1, "experience": 0}, "model": "cards.playercard", "pk": 18}, {"fields": {"template": 1, "experience": 0}, "model": "cards.playercard", "pk": 19}, {"fields": {"template": 2, "experience": 0}, "model": "cards.playercard", "pk": 20}, {"fields": {"template": 2, "experience": 0}, "model": "cards.playercard", "pk": 21}, {"fields": {"template": 3, "experience": 0}, "model": "cards.playercard", "pk": 22}, {"fields": {"template": 3, "experience": 0}, "model": "cards.playercard", "pk": 23}, {"fields": {"template": 4, "experience": 0}, "model": "cards.playercard", "pk": 24}, {"fields": {"template": 1, "experience": 2}, "model": "cards.playercard", "pk": 36}, {"fields": {"template": 2, "experience": 0}, "model": "cards.playercard", "pk": 37}, {"fields": {"template": 3, "experience": 3}, "model": "cards.playercard", "pk": 38}, {"fields": {"template": 3, "experience": 13}, "model": "cards.playercard", "pk": 39}, {"fields": {"template": 4, "experience": 1}, "model": "cards.playercard", "pk": 83}, {"fields": {"template": 3, "experience": 0}, "model": "cards.playercard", "pk": 92}, {"fields": {"template": 3, "experience": 0}, "model": "cards.playercard", "pk": 95}, {"fields": {"template": 3, "experience": 0}, "model": "cards.playercard", "pk": 96}, {"fields": {"template": 7}, "model": "cards.npccard", "pk": 25}, {"fields": {"template": 7}, "model": "cards.npccard", "pk": 34}, {"fields": {"template": 7}, "model": "cards.npccard", "pk": 35}, {"fields": {"template": 9}, "model": "cards.npccard", "pk": 43}, {"fields": {"template": 9}, "model": "cards.npccard", "pk": 44}, {"fields": {"template": 7}, "model": "cards.npccard", "pk": 48}, {"fields": {"template": 7}, "model": "cards.npccard", "pk": 49}, {"fields": {"template": 7}, "model": "cards.npccard", "pk": 50}, {"fields": {"template": 7}, "model": "cards.npccard", "pk": 54}, {"fields": {"template": 7}, "model": "cards.npccard", "pk": 55}, {"fields": {"template": 7}, "model": "cards.npccard", "pk": 56}, {"fields": {"template": 7}, "model": "cards.npccard", "pk": 57}, {"fields": {"template": 8}, "model": "cards.npccard", "pk": 69}, {"fields": {"template": 8}, "model": "cards.npccard", "pk": 70}, {"fields": {"template": 10}, "model": "cards.npccard", "pk": 71}, {"fields": {"template": 9}, "model": "cards.npccard", "pk": 72}, {"fields": {"template": 7}, "model": "cards.npccard", "pk": 73}, {"fields": {"template": 9}, "model": "cards.npccard", "pk": 78}, {"fields": {"template": 9}, "model": "cards.npccard", "pk": 79}, {"fields": {"template": 8}, "model": "cards.npccard", "pk": 80}, {"fields": {"template": 9}, "model": "cards.npccard", "pk": 81}, {"fields": {"template": 8}, "model": "cards.npccard", "pk": 82}, {"fields": {"template": 8}, "model": "cards.npccard", "pk": 91}, {"fields": {"template": 8}, "model": "cards.npccard", "pk": 97}, {"fields": {"polymorphic_ctype": 22, "name": "Mistress Photo"}, "model": "cards.effect", "pk": 9}, {"fields": {"polymorphic_ctype": 22, "name": "Incriminating Documents"}, "model": "cards.effect", "pk": 10}, {"fields": {"polymorphic_ctype": 20, "name": "Steve Departs"}, "model": "cards.effect", "pk": 11}, {"fields": {"polymorphic_ctype": 20, "name": "Steve Arrives"}, "model": "cards.effect", "pk": 12}, {"fields": {"polymorphic_ctype": 20, "name": "break_in"}, "model": "cards.effect", "pk": 13}, {"fields": {"polymorphic_ctype": 20, "name": "Affair Revealed"}, "model": "cards.effect", "pk": 14}, {"fields": {"flag": 1, "value": 0}, "model": "cards.flageffect", "pk": 11}, {"fields": {"flag": 1, "value": 1}, "model": "cards.flageffect", "pk": 12}, {"fields": {"flag": 2, "value": 1}, "model": "cards.flageffect", "pk": 13}, {"fields": {"flag": 3, "value": 0}, "model": "cards.flageffect", "pk": 14}, {"fields": {"keyitem": 1}, "model": "cards.keyitemeffect", "pk": 9}, {"fields": {"keyitem": 2}, "model": "cards.keyitemeffect", "pk": 10}, {"fields": {"content": "", "locationDeck": null, "title": "Prospect Heights", "deck": 8, "npc": null, "slug": "prospect_heights", "auto": false, "description": "", "tolog": false, "canshuffle": false, "created": "2015-03-15T18:11:10.847Z", "generic_result": null, "published": true, "blocking": false}, "model": "events.event", "pk": 2}, {"fields": {"content": "You arrive at the house of the Chief of Police. {steve_home?It looks like her husband is home.:}", "locationDeck": null, "title": "Chief's House", "deck": 17, "npc": 1, "slug": "chiefs_house", "auto": false, "description": "", "tolog": true, "canshuffle": false, "created": "2015-03-15T18:24:30.473Z", "generic_result": null, "published": true, "blocking": false}, "model": "events.event", "pk": 3}, {"fields": {"content": "You see Steve Carmell enter the house.", "locationDeck": null, "title": "Steve Arrives", "deck": null, "npc": null, "slug": "steve_arrives", "auto": true, "description": "", "tolog": true, "canshuffle": false, "created": "2015-03-15T18:25:44.877Z", "generic_result": null, "published": true, "blocking": false}, "model": "events.event", "pk": 4}, {"fields": {"content": "You see Steve Carmell leave the house.", "locationDeck": null, "title": "Steve Departs", "deck": null, "npc": null, "slug": "steve_departs", "auto": true, "description": "", "tolog": true, "canshuffle": false, "created": "2015-03-15T18:26:30.495Z", "generic_result": null, "published": true, "blocking": false}, "model": "events.event", "pk": 5}, {"fields": {"content": "", "locationDeck": 18, "title": "Chief Sitting Room", "deck": null, "npc": null, "slug": "chief_sitting_room", "auto": false, "description": "", "tolog": true, "canshuffle": false, "created": "2015-03-15T18:28:14.134Z", "generic_result": null, "published": true, "blocking": false}, "model": "events.event", "pk": 6}, {"fields": {"content": "{steve_home?{night?The lights turn on suddenly. :}Steve is standing in the bedroom, looking both perplexed and increasingly angry. :The Chief's bedroom looks more practical than functional, but perhaps you'll be able to find something here.}", "locationDeck": 22, "title": "Chief Bedroom", "deck": null, "npc": null, "slug": "chief_bedroom", "auto": false, "description": "", "tolog": true, "canshuffle": false, "created": "2015-03-15T18:29:15.155Z", "generic_result": null, "published": true, "blocking": false}, "model": "events.event", "pk": 7}, {"fields": {"content": "The Chief's husband looks out from behind the door. \"Can I help you?\"", "locationDeck": null, "title": "Steve at the Threshold", "deck": null, "npc": 2, "slug": "steve_at_threshold", "auto": false, "description": "", "tolog": true, "canshuffle": false, "created": "2015-03-15T18:30:28.836Z", "generic_result": null, "published": true, "blocking": false}, "model": "events.event", "pk": 8}, {"fields": {"content": "", "locationDeck": null, "title": "Fight with Steve", "deck": null, "npc": 2, "slug": "fight_with_steve", "auto": false, "description": "", "tolog": true, "canshuffle": false, "created": "2015-03-15T18:33:05.581Z", "generic_result": null, "published": true, "blocking": false}, "model": "events.event", "pk": 9}, {"fields": {"content": "", "locationDeck": null, "title": "Knock Steve Unconscious", "deck": null, "npc": null, "slug": "steve_unconscious", "auto": true, "description": "", "tolog": true, "canshuffle": false, "created": "2015-03-15T18:39:36.289Z", "generic_result": 18, "published": true, "blocking": false}, "model": "events.event", "pk": 10}, {"fields": {"content": "", "locationDeck": null, "title": "Break into Bedroom", "deck": null, "npc": null, "slug": "break_into_bedroom", "auto": true, "description": "", "tolog": true, "canshuffle": false, "created": "2015-03-15T18:56:36.569Z", "generic_result": 21, "published": true, "blocking": false}, "model": "events.event", "pk": 11}, {"fields": {"content": "", "locationDeck": null, "title": "Break into Sitting Room", "deck": null, "npc": null, "slug": "break_into_sitting", "auto": true, "description": "", "tolog": true, "canshuffle": false, "created": "2015-03-15T18:57:07.986Z", "generic_result": 22, "published": true, "blocking": false}, "model": "events.event", "pk": 12}, {"fields": {"content": "", "locationDeck": null, "title": "Pain", "deck": null, "npc": null, "slug": "pain", "auto": true, "description": "", "tolog": true, "canshuffle": false, "created": "2015-03-15T19:05:14.897Z", "generic_result": null, "published": true, "blocking": false}, "model": "events.event", "pk": 13}, {"fields": {"content": "You find some documents that look quite thoroughly suspicious. The documents have many romantic flourishes and all share the signed initials RL. From the letters, you gather that this RL was previously in the Black Hand and has been trying to leave for years. You doubt that the initials would be enough to locate her, though.", "locationDeck": null, "title": "Incriminating Documents", "deck": null, "npc": null, "slug": "incriminating_documents", "auto": true, "description": "", "tolog": true, "canshuffle": false, "created": "2015-03-15T19:20:46.709Z", "generic_result": null, "published": true, "blocking": false}, "model": "events.event", "pk": 14}, {"fields": {"content": "The bookcase looks to be a complete mess. It's probably going to take you a while to try to search it.", "locationDeck": 21, "title": "Bookcase", "deck": null, "npc": 3, "slug": "bookcase", "auto": false, "description": "", "tolog": true, "canshuffle": false, "created": "2015-03-15T19:20:52.099Z", "generic_result": null, "published": true, "blocking": false}, "model": "events.event", "pk": 15}, {"fields": {"content": "", "locationDeck": null, "title": "Home", "deck": 14, "npc": null, "slug": "home", "auto": false, "description": "", "tolog": false, "canshuffle": true, "created": "2015-03-15T21:29:58.878Z", "generic_result": null, "published": true, "blocking": false}, "model": "events.event", "pk": 18}, {"fields": {"content": "", "locationDeck": 13, "title": "Prospect Heights", "deck": null, "npc": null, "slug": "prospect_heights_2", "auto": false, "description": "", "tolog": false, "canshuffle": false, "created": "2015-03-15T21:36:09.547Z", "generic_result": null, "published": true, "blocking": false}, "model": "events.event", "pk": 19}, {"fields": {"content": "Steve sits in his armchair, waiting for your questions.", "locationDeck": null, "title": "Heart to Heart", "deck": 19, "npc": 2, "slug": "heart_to_heart", "auto": false, "description": "", "tolog": true, "canshuffle": false, "created": "2015-03-21T01:07:14.564Z", "generic_result": null, "published": true, "blocking": false}, "model": "events.event", "pk": 20}, {"fields": {"content": "With a choked sob, Steve confesses to his affair, telling you the name of his mistress: Renee Lilac. He swears he'll break it off if you don't tell the Chief.", "locationDeck": null, "title": "Confessions", "deck": 20, "npc": null, "slug": "confessions", "auto": false, "description": "Steve confesses his Affair", "tolog": true, "canshuffle": false, "created": "2015-03-26T16:20:12.946Z", "generic_result": null, "published": true, "blocking": false}, "model": "events.event", "pk": 21}, {"fields": {"content": "You find a picture deep in the drawers of a woman of Italian descent. You take it with you. You could probably identify her if you saw her, but you have no idea where to start looking.", "locationDeck": null, "title": "Picture", "deck": null, "npc": null, "slug": "picture", "auto": true, "description": "Picture in the Drawers", "tolog": true, "canshuffle": false, "created": "2015-03-26T17:29:52.456Z", "generic_result": null, "published": true, "blocking": false}, "model": "events.event", "pk": 22}, {"fields": {"localOnly": false, "threshold": 0, "event": 3, "onlyWhenNotPlayed": false, "helper": "", "npcthreshold": true, "template": 8, "result": "switch", "originalEvent": 2, "conditions": "", "content": ""}, "model": "events.eventtrigger", "pk": 1}, {"fields": {"localOnly": false, "threshold": -1, "event": 4, "onlyWhenNotPlayed": false, "helper": "", "npcthreshold": true, "template": 7, "result": null, "originalEvent": 2, "conditions": "not steve_home", "content": ""}, "model": "events.eventtrigger", "pk": 2}, {"fields": {"localOnly": false, "threshold": -1, "event": 5, "onlyWhenNotPlayed": false, "helper": "", "npcthreshold": true, "template": 7, "result": null, "originalEvent": 2, "conditions": "steve_home", "content": ""}, "model": "events.eventtrigger", "pk": 3}, {"fields": {"localOnly": true, "threshold": 99, "event": null, "onlyWhenNotPlayed": false, "helper": "", "npcthreshold": true, "template": 1, "result": null, "originalEvent": 3, "conditions": "", "content": "That's one sturdy door."}, "model": "events.eventtrigger", "pk": 5}, {"fields": {"localOnly": true, "threshold": 0, "event": 7, "onlyWhenNotPlayed": false, "helper": "Climb the fire escape", "npcthreshold": true, "template": 2, "result": null, "originalEvent": 3, "conditions": "", "content": "You climb the fire escape and head into the second story window."}, "model": "events.eventtrigger", "pk": 6}, {"fields": {"localOnly": true, "threshold": 99, "event": null, "onlyWhenNotPlayed": false, "helper": "", "npcthreshold": true, "template": 2, "result": null, "originalEvent": 3, "conditions": "", "content": "You can't quite reach the fire escape."}, "model": "events.eventtrigger", "pk": 7}, {"fields": {"localOnly": true, "threshold": 0, "event": 8, "onlyWhenNotPlayed": false, "helper": "Knock on the door", "npcthreshold": true, "template": 11, "result": null, "originalEvent": 3, "conditions": "steve_home", "content": "You knock on the door, and hear an unlatching sound as Steve Carmell answers the door."}, "model": "events.eventtrigger", "pk": 8}, {"fields": {"localOnly": false, "threshold": 0, "event": null, "onlyWhenNotPlayed": false, "helper": "Leave the premises", "npcthreshold": true, "template": 12, "result": "resolve", "originalEvent": 3, "conditions": "", "content": "You leave the premises."}, "model": "events.eventtrigger", "pk": 9}, {"fields": {"localOnly": true, "threshold": 0, "event": null, "onlyWhenNotPlayed": false, "helper": "Knock on the door", "npcthreshold": true, "template": 11, "result": null, "originalEvent": 3, "conditions": "not steve_home", "content": "No one answers."}, "model": "events.eventtrigger", "pk": 10}, {"fields": {"localOnly": true, "threshold": 0, "event": 12, "onlyWhenNotPlayed": false, "helper": "Break down the door", "npcthreshold": true, "template": 1, "result": "resolve", "originalEvent": 3, "conditions": "steve_home", "content": "You break down the door."}, "model": "events.eventtrigger", "pk": 11}, {"fields": {"localOnly": false, "threshold": 2, "event": 6, "onlyWhenNotPlayed": false, "helper": "Intimidate", "npcthreshold": true, "template": 1, "result": "switch", "originalEvent": 8, "conditions": "", "content": "\"Look, I'm a busy fella. I just have a few questions. Let me in, and we can resolve this quickly.\""}, "model": "events.eventtrigger", "pk": 12}, {"fields": {"localOnly": false, "threshold": 0, "event": 6, "onlyWhenNotPlayed": false, "helper": "Knock him out", "npcthreshold": true, "template": 2, "result": "switch", "originalEvent": 8, "conditions": "", "content": "Would have thought that the Chief of Police's husband would have had better self defense training. Oh well. You drag him into a corner of the sitting room."}, "model": "events.eventtrigger", "pk": 13}, {"fields": {"localOnly": false, "threshold": 3, "event": 6, "onlyWhenNotPlayed": false, "helper": "Seduce him", "npcthreshold": true, "template": 4, "result": "switch", "originalEvent": 8, "conditions": "", "content": "\"Don't suppose you could let me in to talk, sweetie? It's a bit chilly out here.\" With a sly grin, he steps aside."}, "model": "events.eventtrigger", "pk": 14}, {"fields": {"localOnly": false, "threshold": 99, "event": null, "onlyWhenNotPlayed": false, "helper": "", "npcthreshold": true, "template": 1, "result": null, "originalEvent": 8, "conditions": "", "content": "\"Umm... You know, I can get pretty scary when I get angry, so maybe you could just let me in, please...?\" He doesn't look convinced."}, "model": "events.eventtrigger", "pk": 15}, {"fields": {"localOnly": false, "threshold": 99, "event": null, "onlyWhenNotPlayed": false, "helper": "", "npcthreshold": true, "template": 2, "result": null, "originalEvent": 8, "conditions": "", "content": "\"What's that behind you!\" He eyes you suspiciously."}, "model": "events.eventtrigger", "pk": 16}, {"fields": {"localOnly": false, "threshold": 99, "event": null, "onlyWhenNotPlayed": false, "helper": "", "npcthreshold": true, "template": 4, "result": null, "originalEvent": 8, "conditions": "", "content": "\"Don't suppose you could let me in to talk, sweetie? It's a bit chilly out here.\"\r\n\r\n\"I'm not interested.\""}, "model": "events.eventtrigger", "pk": 17}, {"fields": {"localOnly": false, "threshold": 0, "event": 6, "onlyWhenNotPlayed": false, "helper": "", "npcthreshold": true, "template": 8, "result": "resolve", "originalEvent": 10, "conditions": "", "content": ""}, "model": "events.eventtrigger", "pk": 18}, {"fields": {"localOnly": false, "threshold": 0, "event": 10, "onlyWhenNotPlayed": false, "helper": "", "npcthreshold": true, "template": 1, "result": "switch", "originalEvent": 9, "conditions": "", "content": ""}, "model": "events.eventtrigger", "pk": 19}, {"fields": {"localOnly": false, "threshold": 0, "event": 10, "onlyWhenNotPlayed": false, "helper": "", "npcthreshold": true, "template": 2, "result": "switch", "originalEvent": 9, "conditions": "", "content": ""}, "model": "events.eventtrigger", "pk": 20}, {"fields": {"localOnly": false, "threshold": 0, "event": 7, "onlyWhenNotPlayed": false, "helper": "", "npcthreshold": true, "template": 7, "result": "resolve", "originalEvent": 11, "conditions": "", "content": ""}, "model": "events.eventtrigger", "pk": 21}, {"fields": {"localOnly": true, "threshold": 0, "event": 6, "onlyWhenNotPlayed": false, "helper": "", "npcthreshold": true, "template": 7, "result": "resolve", "originalEvent": 12, "conditions": "", "content": ""}, "model": "events.eventtrigger", "pk": 22}, {"fields": {"localOnly": false, "threshold": 0, "event": 9, "onlyWhenNotPlayed": false, "helper": "", "npcthreshold": false, "template": null, "result": null, "originalEvent": 6, "conditions": "steve_home and break_in and not steve_unconscious", "content": "Looks like Steve is not taking kindly to your break in. That's awfully inconsiderate."}, "model": "events.eventtrigger", "pk": 23}, {"fields": {"localOnly": false, "threshold": 0, "event": 9, "onlyWhenNotPlayed": false, "helper": "", "npcthreshold": false, "template": null, "result": null, "originalEvent": 7, "conditions": "steve_home and break_in and not steve_unconscious", "content": ""}, "model": "events.eventtrigger", "pk": 24}, {"fields": {"localOnly": false, "threshold": 0, "event": 13, "onlyWhenNotPlayed": true, "helper": "", "npcthreshold": true, "template": null, "result": null, "originalEvent": 9, "conditions": "", "content": ""}, "model": "events.eventtrigger", "pk": 28}, {"fields": {"localOnly": false, "threshold": 3, "event": 14, "onlyWhenNotPlayed": false, "helper": "", "npcthreshold": true, "template": 3, "result": "resolve", "originalEvent": 15, "conditions": "", "content": "After a methodical search, you find some papers of interest."}, "model": "events.eventtrigger", "pk": 31}, {"fields": {"localOnly": false, "threshold": 1, "event": 15, "onlyWhenNotPlayed": false, "helper": "", "npcthreshold": false, "template": 9, "result": null, "originalEvent": 6, "conditions": "not night", "content": "The bookcase catches your attention."}, "model": "events.eventtrigger", "pk": 32}, {"fields": {"localOnly": false, "threshold": 2, "event": 15, "onlyWhenNotPlayed": false, "helper": "", "npcthreshold": false, "template": 9, "result": null, "originalEvent": 6, "conditions": "night", "content": "You stumble across a bookcase in the dark."}, "model": "events.eventtrigger", "pk": 33}, {"fields": {"localOnly": false, "threshold": 0, "event": 3, "onlyWhenNotPlayed": false, "helper": "", "npcthreshold": false, "template": 7, "result": "resolve", "originalEvent": 19, "conditions": "", "content": ""}, "model": "events.eventtrigger", "pk": 34}, {"fields": {"localOnly": false, "threshold": 1, "event": 5, "onlyWhenNotPlayed": false, "helper": "", "npcthreshold": false, "template": 7, "result": "resolve", "originalEvent": 19, "conditions": "steve_home", "content": ""}, "model": "events.eventtrigger", "pk": 35}, {"fields": {"localOnly": false, "threshold": 1, "event": 4, "onlyWhenNotPlayed": false, "helper": "", "npcthreshold": false, "template": 7, "result": "resolve", "originalEvent": 19, "conditions": "not steve_home", "content": ""}, "model": "events.eventtrigger", "pk": 36}, {"fields": {"localOnly": false, "threshold": 0, "event": 20, "onlyWhenNotPlayed": false, "helper": "", "npcthreshold": false, "template": 8, "result": null, "originalEvent": 6, "conditions": "steve_home and not steve_unconscious and not break_in", "content": "\"You wanted to talk? Let's talk.\""}, "model": "events.eventtrigger", "pk": 37}, {"fields": {"localOnly": false, "threshold": 0, "event": 4, "onlyWhenNotPlayed": false, "helper": "", "npcthreshold": false, "template": 8, "result": null, "originalEvent": 6, "conditions": "not steve_home", "content": "Well, it looks like your time is up. Steve walks in the door and sees you."}, "model": "events.eventtrigger", "pk": 40}, {"fields": {"localOnly": false, "threshold": 0, "event": null, "onlyWhenNotPlayed": false, "helper": "", "npcthreshold": false, "template": 13, "result": null, "originalEvent": 19, "conditions": "", "content": "You find nothing of interest."}, "model": "events.eventtrigger", "pk": 41}, {"fields": {"localOnly": false, "threshold": 0, "event": null, "onlyWhenNotPlayed": false, "helper": "", "npcthreshold": false, "template": 9, "result": null, "originalEvent": 6, "conditions": "", "content": "Your search reveals nothing."}, "model": "events.eventtrigger", "pk": 42}, {"fields": {"localOnly": false, "threshold": 0, "event": null, "onlyWhenNotPlayed": false, "helper": "Why did you do it?", "npcthreshold": false, "template": 11, "result": null, "originalEvent": 21, "conditions": "", "content": "\"Why did you do it?\"<br>\r\n\r\nAccording to his account, she's a member of  some gang and has been trying desperately to leave. In his haste to help her, the two developed a bond."}, "model": "events.eventtrigger", "pk": 43}, {"fields": {"localOnly": false, "threshold": 0, "event": null, "onlyWhenNotPlayed": false, "helper": "I can't promise anything.", "npcthreshold": false, "template": 12, "result": "resolve", "originalEvent": 21, "conditions": "", "content": "\"I can't promise anything.\"<br>\r\n\r\nYou make no promises and leave the man to his grief."}, "model": "events.eventtrigger", "pk": 44}, {"fields": {"localOnly": false, "threshold": 1, "event": null, "onlyWhenNotPlayed": false, "helper": "Where can I find her?", "npcthreshold": false, "template": 11, "result": null, "originalEvent": 21, "conditions": "", "content": "\"Where can I find her?\"<br>\r\n\r\nHe isn't sure, but she first approached him near the docks."}, "model": "events.eventtrigger", "pk": 45}, {"fields": {"localOnly": false, "threshold": 0, "event": null, "onlyWhenNotPlayed": false, "helper": "I don't want either of you to get hurt.", "npcthreshold": false, "template": 14, "result": "resolve", "originalEvent": 21, "conditions": "", "content": "\"I don't want either of you to get hurt.\"<br>\r\n\r\nHe looks immensely relieved."}, "model": "events.eventtrigger", "pk": 46}, {"fields": {"localOnly": false, "threshold": 0, "event": 21, "onlyWhenNotPlayed": false, "helper": "Intimidate him", "npcthreshold": true, "template": 1, "result": "switch", "originalEvent": 20, "conditions": "", "content": "\"I really don't have time to sit around and exchange pleasantries. Tell me about the affair.\""}, "model": "events.eventtrigger", "pk": 47}, {"fields": {"localOnly": false, "threshold": 99, "event": null, "onlyWhenNotPlayed": false, "helper": "", "npcthreshold": true, "template": 1, "result": null, "originalEvent": 20, "conditions": "", "content": "You begin a tirade, but in the middle of it, your voice cracks. He doesn't look very intimidated."}, "model": "events.eventtrigger", "pk": 48}, {"fields": {"localOnly": false, "threshold": 0, "event": 10, "onlyWhenNotPlayed": false, "helper": "Knock him unconscious", "npcthreshold": true, "template": 2, "result": "resolve", "originalEvent": 20, "conditions": "", "content": "Before he can get another word in, you hit him over the head with a candelabra. He slumps to the ground."}, "model": "events.eventtrigger", "pk": 49}, {"fields": {"localOnly": false, "threshold": 99, "event": 9, "onlyWhenNotPlayed": false, "helper": "", "npcthreshold": true, "template": 2, "result": "switch", "originalEvent": 20, "conditions": "", "content": ""}, "model": "events.eventtrigger", "pk": 50}, {"fields": {"localOnly": false, "threshold": 0, "event": 21, "onlyWhenNotPlayed": false, "helper": "Persuade him to come clean.", "npcthreshold": true, "template": 4, "result": "switch", "originalEvent": 20, "conditions": "", "content": "\"The Chief knows what's been going on. She sent me to resolve this quietly. Let's just get this out into the open so that we can figure out how to resolve this.\""}, "model": "events.eventtrigger", "pk": 51}, {"fields": {"localOnly": false, "threshold": 99, "event": null, "onlyWhenNotPlayed": false, "helper": "", "npcthreshold": true, "template": 4, "result": null, "originalEvent": 20, "conditions": "", "content": "\"Well... you know that most married couples are happier when they're honest with each other, right? ...I suppose not that I would know from personal experience...\""}, "model": "events.eventtrigger", "pk": 52}, {"fields": {"localOnly": false, "threshold": 0, "event": 20, "onlyWhenNotPlayed": false, "helper": "", "npcthreshold": true, "template": 8, "result": "switch", "originalEvent": 15, "conditions": "not steve_unconscious and steve_home and not night", "content": "\"I thought you wanted to talk, not peruse our collection of books.\" He eyes you suspiciously and gestures to one of the seats."}, "model": "events.eventtrigger", "pk": 53}, {"fields": {"localOnly": false, "threshold": 4, "event": 22, "onlyWhenNotPlayed": false, "helper": "", "npcthreshold": true, "template": 3, "result": null, "originalEvent": 7, "conditions": "", "content": ""}, "model": "events.eventtrigger", "pk": 54}, {"fields": {"event": 14, "effect": 10}, "model": "events.eventeffect", "pk": 10}, {"fields": {"event": 5, "effect": 11}, "model": "events.eventeffect", "pk": 11}, {"fields": {"event": 4, "effect": 12}, "model": "events.eventeffect", "pk": 12}, {"fields": {"event": 12, "effect": 13}, "model": "events.eventeffect", "pk": 13}, {"fields": {"event": 21, "effect": 14}, "model": "events.eventeffect", "pk": 14}, {"fields": {"event": 11, "effect": 13}, "model": "events.eventeffect", "pk": 15}, {"fields": {}, "model": "locations.location", "pk": 19}, {"fields": {}, "model": "locations.location", "pk": 18}, {"fields": {"status": "deck", "targetDeck": null, "card": 1, "position": 7, "player": 1, "played": false, "deck": 2}, "model": "accounts.cardstatus", "pk": 10}, {"fields": {"status": "deck", "targetDeck": null, "card": 2, "position": 4, "player": 1, "played": false, "deck": 2}, "model": "accounts.cardstatus", "pk": 11}, {"fields": {"status": "discard", "targetDeck": 2, "card": 3, "position": 0, "player": 1, "played": true, "deck": 2}, "model": "accounts.cardstatus", "pk": 12}, {"fields": {"status": "deck", "targetDeck": null, "card": 4, "position": 6, "player": 1, "played": false, "deck": 2}, "model": "accounts.cardstatus", "pk": 13}, {"fields": {"status": "play", "targetDeck": 2, "card": 5, "position": 0, "player": 1, "played": true, "deck": 2}, "model": "accounts.cardstatus", "pk": 14}, {"fields": {"status": "deck", "targetDeck": null, "card": 6, "position": 2, "player": 1, "played": false, "deck": 2}, "model": "accounts.cardstatus", "pk": 15}, {"fields": {"status": "deck", "targetDeck": null, "card": 7, "position": 5, "player": 1, "played": false, "deck": 2}, "model": "accounts.cardstatus", "pk": 16}, {"fields": {"status": "deck", "targetDeck": null, "card": 8, "position": 3, "player": 1, "played": false, "deck": 2}, "model": "accounts.cardstatus", "pk": 17}, {"fields": {"status": "deck", "targetDeck": null, "card": 51, "position": 4, "player": 1, "played": false, "deck": 3}, "model": "accounts.cardstatus", "pk": 18}, {"fields": {"status": "deck", "targetDeck": null, "card": 52, "position": 3, "player": 1, "played": false, "deck": 3}, "model": "accounts.cardstatus", "pk": 19}, {"fields": {"status": "discard", "targetDeck": 3, "card": 53, "position": 0, "player": 1, "played": true, "deck": 3}, "model": "accounts.cardstatus", "pk": 20}, {"fields": {"status": "deck", "targetDeck": null, "card": 54, "position": 1, "player": 1, "played": false, "deck": 3}, "model": "accounts.cardstatus", "pk": 21}, {"fields": {"status": "deck", "targetDeck": null, "card": 55, "position": 5, "player": 1, "played": false, "deck": 3}, "model": "accounts.cardstatus", "pk": 22}, {"fields": {"status": "deck", "targetDeck": null, "card": 56, "position": 2, "player": 1, "played": false, "deck": 3}, "model": "accounts.cardstatus", "pk": 23}, {"fields": {"status": "play", "targetDeck": null, "card": 73, "position": 0, "player": 1, "played": true, "deck": null}, "model": "accounts.cardstatus", "pk": 24}, {"fields": {"status": "hand", "targetDeck": null, "card": 75, "position": 0, "player": 1, "played": false, "deck": 4}, "model": "accounts.cardstatus", "pk": 26}, {"fields": {"status": "hand", "targetDeck": null, "card": 74, "position": 0, "player": 1, "played": false, "deck": 4}, "model": "accounts.cardstatus", "pk": 28}, {"fields": {"status": "deck", "targetDeck": null, "card": 93, "position": 4, "player": 1, "played": false, "deck": 5}, "model": "accounts.cardstatus", "pk": 29}, {"fields": {"status": "deck", "targetDeck": null, "card": 94, "position": 2, "player": 1, "played": false, "deck": 5}, "model": "accounts.cardstatus", "pk": 30}, {"fields": {"status": "deck", "targetDeck": null, "card": 95, "position": 0, "player": 1, "played": false, "deck": 5}, "model": "accounts.cardstatus", "pk": 31}, {"fields": {"status": "deck", "targetDeck": null, "card": 96, "position": 1, "player": 1, "played": false, "deck": 5}, "model": "accounts.cardstatus", "pk": 32}, {"fields": {"status": "deck", "targetDeck": null, "card": 97, "position": 3, "player": 1, "played": false, "deck": 5}, "model": "accounts.cardstatus", "pk": 33}, {"fields": {"player": 1, "event": null, "deck": 1, "initialized": true}, "model": "accounts.deckstatus", "pk": 2}, {"fields": {"player": 1, "event": 19, "deck": 13, "initialized": true}, "model": "accounts.deckstatus", "pk": 3}, {"fields": {"player": 1, "event": null, "deck": 17, "initialized": true}, "model": "accounts.deckstatus", "pk": 4}, {"fields": {"player": 1, "event": 7, "deck": 22, "initialized": true}, "model": "accounts.deckstatus", "pk": 5}, {"fields": {"power": 0, "wisdom": 0, "money": 0, "resist": 2, "force": 3, "user": 1, "dash": 2, "deck": 1, "charm": 1}, "model": "accounts.player", "pk": 1}, {"fields": {"power": 0, "wisdom": 0, "money": 0, "resist": 2, "force": 3, "user": 2, "dash": 2, "deck": 2, "charm": 1}, "model": "accounts.player", "pk": 2}, {"fields": {"power": 0, "wisdom": 0, "money": 0, "resist": 2, "force": 3, "user": 3, "dash": 2, "deck": 3, "charm": 1}, "model": "accounts.player", "pk": 3}, {"fields": {"polymorphic_ctype": 34, "event": null, "card": 53, "logged": "2015-03-26T18:40:41.128Z", "user": 1, "location": 19}, "model": "accounts.log", "pk": 1}, {"fields": {"polymorphic_ctype": 34, "event": null, "card": 73, "logged": "2015-03-26T18:40:45.844Z", "user": 1, "location": 19}, "model": "accounts.log", "pk": 2}, {"fields": {"polymorphic_ctype": 33, "event": 3, "card": null, "logged": "2015-03-26T18:40:45.851Z", "user": 1, "location": 19}, "model": "accounts.log", "pk": 3}, {"fields": {"polymorphic_ctype": 34, "event": null, "card": 3, "logged": "2015-03-26T19:08:55.667Z", "user": 1, "location": 19}, "model": "accounts.log", "pk": 4}, {"fields": {"polymorphic_ctype": 34, "event": null, "card": 74, "logged": "2015-03-26T19:09:44.195Z", "user": 1, "location": 19}, "model": "accounts.log", "pk": 5}, {"fields": {"polymorphic_ctype": 34, "event": null, "card": 74, "logged": "2015-03-26T19:19:50.593Z", "user": 1, "location": 19}, "model": "accounts.log", "pk": 6}, {"fields": {"polymorphic_ctype": 34, "event": null, "card": 5, "logged": "2015-03-26T19:19:54.993Z", "user": 1, "location": 19}, "model": "accounts.log", "pk": 7}, {"fields": {"polymorphic_ctype": 33, "event": 7, "card": null, "logged": "2015-03-26T19:19:54.997Z", "user": 1, "location": 19}, "model": "accounts.log", "pk": 8}, {"fields": {"trigger": 41}, "model": "accounts.triggerlog", "pk": 1}, {"fields": {"trigger": 34}, "model": "accounts.triggerlog", "pk": 2}, {"fields": {"trigger": 5}, "model": "accounts.triggerlog", "pk": 4}, {"fields": {"trigger": 10}, "model": "accounts.triggerlog", "pk": 5}, {"fields": {"trigger": 10}, "model": "accounts.triggerlog", "pk": 6}, {"fields": {"trigger": 6}, "model": "accounts.triggerlog", "pk": 7}, {"fields": {"resolved": true, "event": 19, "logged": false, "player": 1, "stackOrder": 0, "location": 19, "cardStatus": null}, "model": "accounts.activeevent", "pk": 1}, {"fields": {"resolved": false, "event": 3, "logged": true, "player": 1, "stackOrder": 1, "location": 19, "cardStatus": 24}, "model": "accounts.activeevent", "pk": 2}, {"fields": {"resolved": false, "event": 7, "logged": true, "player": 1, "stackOrder": 2, "location": 19, "cardStatus": 14}, "model": "accounts.activeevent", "pk": 3}, {"fields": {"name": "Photo of Mistress"}, "model": "accounts.keyitem", "pk": 1}, {"fields": {"name": "Incriminating Documents"}, "model": "accounts.keyitem", "pk": 2}, {"fields": {"power": 0, "wisdom": 0, "name": "Carmell House", "resist": 0, "force": 0, "card": 73, "dash": 0, "slug": "carmell_house", "deck": null, "charm": 0}, "model": "npcs.npc", "pk": 1}, {"fields": {"power": 0, "wisdom": 0, "name": "Steve Carmell", "resist": 0, "force": 0, "card": 70, "dash": 0, "slug": "steve_carmell", "deck": 9, "charm": 0}, "model": "npcs.npc", "pk": 2}, {"fields": {"power": 0, "wisdom": 0, "name": "Bookcase", "resist": 0, "force": 0, "card": 72, "dash": 0, "slug": "bookcase", "deck": null, "charm": 0}, "model": "npcs.npc", "pk": 3}, {"fields": {"power": 0, "wisdom": 0, "name": "Renee Lilac", "resist": 0, "force": 0, "card": 71, "dash": 0, "slug": "renee_lilac", "deck": null, "charm": 0}, "model": "npcs.npc", "pk": 4}, {"fields": {"player": 1, "npc": 1}, "model": "npcs.npcinstance", "pk": 20}, {"fields": {"player": 1, "npc": 2}, "model": "npcs.npcinstance", "pk": 21}, {"fields": {"npc": 1, "event": 2}, "model": "npcs.npclink", "pk": 1}, {"fields": {"npc": 1, "event": 19}, "model": "npcs.npclink", "pk": 3}]