[{"fields": {"app_label": "cards", "model": "stattemplate", "name": "stat template"}, "model": "contenttypes.contenttype", "pk": 1}, {"fields": {"app_label": "cards", "model": "playercard", "name": "player card"}, "model": "contenttypes.contenttype", "pk": 2}, {"fields": {"app_label": "auth", "model": "permission", "name": "permission"}, "model": "contenttypes.contenttype", "pk": 3}, {"fields": {"app_label": "auth", "model": "group", "name": "group"}, "model": "contenttypes.contenttype", "pk": 4}, {"fields": {"app_label": "auth", "model": "user", "name": "user"}, "model": "contenttypes.contenttype", "pk": 5}, {"fields": {"app_label": "contenttypes", "model": "contenttype", "name": "content type"}, "model": "contenttypes.contenttype", "pk": 6}, {"fields": {"app_label": "sessions", "model": "session", "name": "session"}, "model": "contenttypes.contenttype", "pk": 7}, {"fields": {"app_label": "admin", "model": "logentry", "name": "log entry"}, "model": "contenttypes.contenttype", "pk": 8}, {"fields": {"app_label": "cards", "model": "cardtemplate", "name": "card template"}, "model": "contenttypes.contenttype", "pk": 9}, {"fields": {"app_label": "cards", "model": "itemtemplate", "name": "item template"}, "model": "contenttypes.contenttype", "pk": 10}, {"fields": {"app_label": "cards", "model": "npctemplate", "name": "npc template"}, "model": "contenttypes.contenttype", "pk": 11}, {"fields": {"app_label": "cards", "model": "deck", "name": "deck"}, "model": "contenttypes.contenttype", "pk": 12}, {"fields": {"app_label": "cards", "model": "basecard", "name": "base card"}, "model": "contenttypes.contenttype", "pk": 13}, {"fields": {"app_label": "cards", "model": "card", "name": "card"}, "model": "contenttypes.contenttype", "pk": 14}, {"fields": {"app_label": "cards", "model": "itemcard", "name": "item card"}, "model": "contenttypes.contenttype", "pk": 15}, {"fields": {"app_label": "cards", "model": "npccard", "name": "npc card"}, "model": "contenttypes.contenttype", "pk": 16}, {"fields": {"app_label": "cards", "model": "effect", "name": "effect"}, "model": "contenttypes.contenttype", "pk": 17}, {"fields": {"app_label": "cards", "model": "healeffect", "name": "heal effect"}, "model": "contenttypes.contenttype", "pk": 18}, {"fields": {"app_label": "cards", "model": "statchangeeffect", "name": "stat change effect"}, "model": "contenttypes.contenttype", "pk": 19}, {"fields": {"app_label": "cards", "model": "flageffect", "name": "flag effect"}, "model": "contenttypes.contenttype", "pk": 20}, {"fields": {"app_label": "cards", "model": "addcardeffect", "name": "add card effect"}, "model": "contenttypes.contenttype", "pk": 21}, {"fields": {"app_label": "cards", "model": "keyitemeffect", "name": "key item effect"}, "model": "contenttypes.contenttype", "pk": 22}, {"fields": {"app_label": "cards", "model": "damageeffect", "name": "damage effect"}, "model": "contenttypes.contenttype", "pk": 23}, {"fields": {"app_label": "cards", "model": "effectlink", "name": "effect link"}, "model": "contenttypes.contenttype", "pk": 24}, {"fields": {"app_label": "events", "model": "event", "name": "event"}, "model": "contenttypes.contenttype", "pk": 25}, {"fields": {"app_label": "events", "model": "eventtrigger", "name": "event trigger"}, "model": "contenttypes.contenttype", "pk": 26}, {"fields": {"app_label": "events", "model": "eventeffect", "name": "event effect"}, "model": "contenttypes.contenttype", "pk": 27}, {"fields": {"app_label": "locations", "model": "location", "name": "location"}, "model": "contenttypes.contenttype", "pk": 28}, {"fields": {"app_label": "locations", "model": "globaleventtrigger", "name": "global event trigger"}, "model": "contenttypes.contenttype", "pk": 29}, {"fields": {"app_label": "accounts", "model": "cardstatus", "name": "card status"}, "model": "contenttypes.contenttype", "pk": 30}, {"fields": {"app_label": "accounts", "model": "deckstatus", "name": "deck status"}, "model": "contenttypes.contenttype", "pk": 31}, {"fields": {"app_label": "accounts", "model": "player", "name": "player"}, "model": "contenttypes.contenttype", "pk": 32}, {"fields": {"app_label": "accounts", "model": "log", "name": "log"}, "model": "contenttypes.contenttype", "pk": 33}, {"fields": {"app_label": "accounts", "model": "triggerlog", "name": "trigger log"}, "model": "contenttypes.contenttype", "pk": 34}, {"fields": {"app_label": "accounts", "model": "activeevent", "name": "active event"}, "model": "contenttypes.contenttype", "pk": 35}, {"fields": {"app_label": "accounts", "model": "keyitem", "name": "key item"}, "model": "contenttypes.contenttype", "pk": 40}, {"fields": {"app_label": "accounts", "model": "keyiteminstance", "name": "key item instance"}, "model": "contenttypes.contenttype", "pk": 41}, {"fields": {"app_label": "npcs", "model": "npc", "name": "npc"}, "model": "contenttypes.contenttype", "pk": 42}, {"fields": {"app_label": "npcs", "model": "npcinstance", "name": "npc instance"}, "model": "contenttypes.contenttype", "pk": 43}, {"fields": {"app_label": "npcs", "model": "npclink", "name": "npc link"}, "model": "contenttypes.contenttype", "pk": 44}, {"fields": {"app_label": "flags", "model": "flag", "name": "flag"}, "model": "contenttypes.contenttype", "pk": 49}, {"fields": {"app_label": "flags", "model": "flagdependency", "name": "flag dependency"}, "model": "contenttypes.contenttype", "pk": 50}, {"fields": {"app_label": "flags", "model": "playerflag", "name": "player flag"}, "model": "contenttypes.contenttype", "pk": 51}, {"fields": {"app_label": "flags", "model": "logflag", "name": "log flag"}, "model": "contenttypes.contenttype", "pk": 52}, {"fields": {"session_data": "YTAwMjQ1NTc0YmExYWMxNGU1OTYxODUwMDllYmNjOGRhMjhmOWJhMzp7Il9hdXRoX3VzZXJfaWQiOjEsIl9hdXRoX3VzZXJfYmFja2VuZCI6ImRqYW5nby5jb250cmliLmF1dGguYmFja2VuZHMuTW9kZWxCYWNrZW5kIiwiX2F1dGhfdXNlcl9oYXNoIjoiNjJmZGNkNDZjM2E1NzM5ZTMyMGRiYzg2ODI5N2ZlOWRmMTI2NGM2MyIsIl9tZXNzYWdlcyI6IltbXCJfX2pzb25fbWVzc2FnZVwiLDAsMjUsXCJTdWNjZXNzZnVsbHkgZGVsZXRlZCA5IENhcmQgc3RhdHVzZXMuXCJdLFtcIl9fanNvbl9tZXNzYWdlXCIsMCwyNSxcIlN1Y2Nlc3NmdWxseSBkZWxldGVkIDEgZGVjayBzdGF0dXMuXCJdLFtcIl9fanNvbl9tZXNzYWdlXCIsMCwyNSxcIlRoZSBmbGFnIFxcXCJzdGV2ZV9ob21lXFxcIiB3YXMgYWRkZWQgc3VjY2Vzc2Z1bGx5LlwiXSxbXCJfX2pzb25fbWVzc2FnZVwiLDAsMjUsXCJUaGUgbiBmbGFnIFxcXCJzdGV2ZV9ob21lXFxcIiB3YXMgYWRkZWQgc3VjY2Vzc2Z1bGx5LlwiXSxbXCJfX2pzb25fbWVzc2FnZVwiLDAsMjUsXCJUaGUga2V5IGl0ZW0gXFxcIlBob3RvIG9mIE1pc3RyZXNzXFxcIiB3YXMgYWRkZWQgc3VjY2Vzc2Z1bGx5LlwiXSxbXCJfX2pzb25fbWVzc2FnZVwiLDAsMjUsXCJUaGUga2V5IGl0ZW0gXFxcIkluY3JpbWluYXRpbmcgRG9jdW1lbnRzXFxcIiB3YXMgYWRkZWQgc3VjY2Vzc2Z1bGx5LlwiXSxbXCJfX2pzb25fbWVzc2FnZVwiLDAsMjUsXCJTdWNjZXNzZnVsbHkgZGVsZXRlZCA2IGVmZmVjdHMuXCJdLFtcIl9fanNvbl9tZXNzYWdlXCIsMCwyNSxcIlN1Y2Nlc3NmdWxseSBkZWxldGVkIDIgZWZmZWN0cy5cIl0sW1wiX19qc29uX21lc3NhZ2VcIiwwLDI1LFwiVGhlIGV2ZW50IFxcXCJJbmNyaW1pbmF0aW5nIERvY3VtZW50c1xcXCIgd2FzIGNoYW5nZWQgc3VjY2Vzc2Z1bGx5LlwiXSxbXCJfX2pzb25fbWVzc2FnZVwiLDAsMjUsXCJUaGUgZXZlbnQgXFxcIlN0ZXZlIERlcGFydHNcXFwiIHdhcyBjaGFuZ2VkIHN1Y2Nlc3NmdWxseS5cIl0sW1wiX19qc29uX21lc3NhZ2VcIiwwLDI1LFwiVGhlIGV2ZW50IFxcXCJTdGV2ZSBBcnJpdmVzXFxcIiB3YXMgY2hhbmdlZCBzdWNjZXNzZnVsbHkuXCJdLFtcIl9fanNvbl9tZXNzYWdlXCIsMCwyNSxcIlRoZSBldmVudCBcXFwiQnJlYWsgaW50byBTaXR0aW5nIFJvb21cXFwiIHdhcyBjaGFuZ2VkIHN1Y2Nlc3NmdWxseS5cIl0sW1wiX19qc29uX21lc3NhZ2VcIiwwLDI1LFwiVGhlIGV2ZW50IFxcXCJDb25mZXNzaW9uc1xcXCIgd2FzIGNoYW5nZWQgc3VjY2Vzc2Z1bGx5LlwiXSxbXCJfX2pzb25fbWVzc2FnZVwiLDAsMjUsXCJUaGUgZXZlbnQgXFxcIkJyZWFrIGludG8gQmVkcm9vbVxcXCIgd2FzIGNoYW5nZWQgc3VjY2Vzc2Z1bGx5LlwiXSxbXCJfX2pzb25fbWVzc2FnZVwiLDAsMjUsXCJUaGUgbiBmbGFnIFxcXCJuaWdodFxcXCIgd2FzIGFkZGVkIHN1Y2Nlc3NmdWxseS5cIl1dIn0=", "expire_date": "2015-04-09T19:20:08.819Z"}, "model": "sessions.session", "pk": "kqg9f9w4sfak2cwxhn045hxeaihshhoh"}, {"fields": {"temporary": false, "name": "steve_home"}, "model": "flags.flag", "pk": 1}, {"fields": {"temporary": false, "name": "break_in"}, "model": "flags.flag", "pk": 2}, {"fields": {"temporary": false, "name": "affair_revealed"}, "model": "flags.flag", "pk": 3}, {"fields": {"temporary": false, "name": "night"}, "model": "flags.flag", "pk": 4}, {"fields": {"player": 1, "flag": 4, "state": 0}, "model": "flags.playerflag", "pk": 1}, {"fields": {"player": 1, "flag": 1, "state": 0}, "model": "flags.playerflag", "pk": 2}, {"fields": {"log": 3, "flag": 1, "state": 0}, "model": "flags.logflag", "pk": 1}, {"fields": {"log": 8, "flag": 4, "state": 0}, "model": "flags.logflag", "pk": 2}, {"fields": {"log": 8, "flag": 1, "state": 0}, "model": "flags.logflag", "pk": 3}, {"fields": {"requiresTarget": false, "polymorphic_ctype": 1, "name": "Force"}, "model": "cards.cardtemplate", "pk": 1}, {"fields": {"requiresTarget": false, "polymorphic_ctype": 1, "name": "Dash"}, "model": "cards.cardtemplate", "pk": 2}, {"fields": {"requiresTarget": false, "polymorphic_ctype": 1, "name": "Resist"}, "model": "cards.cardtemplate", "pk": 3}, {"fields": {"requiresTarget": false, "polymorphic_ctype": 1, "name": "Charm"}, "model": "cards.cardtemplate", "pk": 4}, {"fields": {"requiresTarget": false, "polymorphic_ctype": 1, "name": "Wisdom"}, "model": "cards.cardtemplate", "pk": 5}, {"fields": {"requiresTarget": false, "polymorphic_ctype": 1, "name": "Power"}, "model": "cards.cardtemplate", "pk": 6}, {"fields": {"requiresTarget": false, "polymorphic_ctype": 11, "name": "Carmell House"}, "model": "cards.cardtemplate", "pk": 7}, {"fields": {"requiresTarget": false, "polymorphic_ctype": 11, "name": "Steve Carmell"}, "model": "cards.cardtemplate", "pk": 8}, {"fields": {"requiresTarget": false, "polymorphic_ctype": 11, "name": "Bookcase"}, "model": "cards.cardtemplate", "pk": 9}, {"fields": {"requiresTarget": false, "polymorphic_ctype": 11, "name": "Renee Lilac"}, "model": "cards.cardtemplate", "pk": 10}, {"fields": {"requiresTarget": false, "polymorphic_ctype": 9, "name": "Ask"}, "model": "cards.cardtemplate", "pk": 11}, {"fields": {"requiresTarget": false, "polymorphic_ctype": 9, "name": "Leave"}, "model": "cards.cardtemplate", "pk": 12}, {"fields": {"requiresTarget": false, "polymorphic_ctype": 9, "name": "Blank"}, "model": "cards.cardtemplate", "pk": 13}, {"fields": {"requiresTarget": false, "polymorphic_ctype": 9, "name": "Reassure"}, "model": "cards.cardtemplate", "pk": 14}, {"fields": {"statistic": "force"}, "model": "cards.stattemplate", "pk": 1}, {"fields": {"statistic": "dash"}, "model": "cards.stattemplate", "pk": 2}, {"fields": {"statistic": "resist"}, "model": "cards.stattemplate", "pk": 3}, {"fields": {"statistic": "charm"}, "model": "cards.stattemplate", "pk": 4}, {"fields": {"statistic": "wisdom"}, "model": "cards.stattemplate", "pk": 5}, {"fields": {"statistic": "power"}, "model": "cards.stattemplate", "pk": 6}, {"fields": {"npc": 1}, "model": "cards.npctemplate", "pk": 7}, {"fields": {"npc": 2}, "model": "cards.npctemplate", "pk": 8}, {"fields": {"npc": 3}, "model": "cards.npctemplate", "pk": 9}, {"fields": {"npc": 4}, "model": "cards.npctemplate", "pk": 10}, {"fields": {}, "model": "cards.deck", "pk": 1}, {"fields": {}, "model": "cards.deck", "pk": 2}, {"fields": {}, "model": "cards.deck", "pk": 3}, {"fields": {}, "model": "cards.deck", "pk": 8}, {"fields": {}, "model": "cards.deck", "pk": 9}, {"fields": {}, "model": "cards.deck", "pk": 10}, {"fields": {}, "model": "cards.deck", "pk": 11}, {"fields": {}, "model": "cards.deck", "pk": 12}, {"fields": {}, "model": "cards.deck", "pk": 13}, {"fields": {}, "model": "cards.deck", "pk": 14}, {"fields": {}, "model": "cards.deck", "pk": 15}, {"fields": {}, "model": "cards.deck", "pk": 16}, {"fields": {}, "model": "cards.deck", "pk": 17}, {"fields": {}, "model": "cards.deck", "pk": 18}, {"fields": {}, "model": "cards.deck", "pk": 19}, {"fields": {}, "model": "cards.deck", "pk": 20}, {"fields": {}, "model": "cards.deck", "pk": 21}, {"fields": {}, "model": "cards.deck", "pk": 22}, {"fields": {"modifier": 1, "description": null, "polymorphic_ctype": 2, "deck": 1, "name": "Force Template"}, "model": "cards.basecard", "pk": 1}, {"fields": {"modifier": 2, "description": null, "polymorphic_ctype": 2, "deck": 1, "name": "Force Template"}, "model": "cards.basecard", "pk": 2}, {"fields": {"modifier": 3, "description": null, "polymorphic_ctype": 2, "deck": 1, "name": "Force Template"}, "model": "cards.basecard", "pk": 3}, {"fields": {"modifier": 1, "description": null, "polymorphic_ctype": 2, "deck": 1, "name": "Dash Template"}, "model": "cards.basecard", "pk": 4}, {"fields": {"modifier": 2, "description": null, "polymorphic_ctype": 2, "deck": 1, "name": "Dash Template"}, "model": "cards.basecard", "pk": 5}, {"fields": {"modifier": 1, "description": null, "polymorphic_ctype": 2, "deck": 1, "name": "Resist Template"}, "model": "cards.basecard", "pk": 6}, {"fields": {"modifier": 2, "description": null, "polymorphic_ctype": 2, "deck": 1, "name": "Resist Template"}, "model": "cards.basecard", "pk": 7}, {"fields": {"modifier": 1, "description": null, "polymorphic_ctype": 2, "deck": 1, "name": "Charm Template"}, "model": "cards.basecard", "pk": 8}, {"fields": {"modifier": 1, "description": null, "polymorphic_ctype": 2, "deck": 2, "name": ""}, "model": "cards.basecard", "pk": 9}, {"fields": {"modifier": 2, "description": null, "polymorphic_ctype": 2, "deck": 2, "name": ""}, "model": "cards.basecard", "pk": 10}, {"fields": {"modifier": 3, "description": null, "polymorphic_ctype": 2, "deck": 2, "name": ""}, "model": "cards.basecard", "pk": 11}, {"fields": {"modifier": 1, "description": null, "polymorphic_ctype": 2, "deck": 2, "name": ""}, "model": "cards.basecard", "pk": 12}, {"fields": {"modifier": 2, "description": null, "polymorphic_ctype": 2, "deck": 2, "name": ""}, "model": "cards.basecard", "pk": 13}, {"fields": {"modifier": 1, "description": null, "polymorphic_ctype": 2, "deck": 2, "name": ""}, "model": "cards.basecard", "pk": 14}, {"fields": {"modifier": 2, "description": null, "polymorphic_ctype": 2, "deck": 2, "name": ""}, "model": "cards.basecard", "pk": 15}, {"fields": {"modifier": 1, "description": null, "polymorphic_ctype": 2, "deck": 2, "name": ""}, "model": "cards.basecard", "pk": 16}, {"fields": {"modifier": 1, "description": null, "polymorphic_ctype": 2, "deck": 3, "name": ""}, "model": "cards.basecard", "pk": 17}, {"fields": {"modifier": 2, "description": null, "polymorphic_ctype": 2, "deck": 3, "name": ""}, "model": "cards.basecard", "pk": 18}, {"fields": {"modifier": 3, "description": null, "polymorphic_ctype": 2, "deck": 3, "name": ""}, "model": "cards.basecard", "pk": 19}, {"fields": {"modifier": 1, "description": null, "polymorphic_ctype": 2, "deck": 3, "name": ""}, "model": "cards.basecard", "pk": 20}, {"fields": {"modifier": 2, "description": null, "polymorphic_ctype": 2, "deck": 3, "name": ""}, "model": "cards.basecard", "pk": 21}, {"fields": {"modifier": 1, "description": null, "polymorphic_ctype": 2, "deck": 3, "name": ""}, "model": "cards.basecard", "pk": 22}, {"fields": {"modifier": 2, "description": null, "polymorphic_ctype": 2, "deck": 3, "name": ""}, "model": "cards.basecard", "pk": 23}, {"fields": {"modifier": 1, "description": null, "polymorphic_ctype": 2, "deck": 3, "name": ""}, "model": "cards.basecard", "pk": 24}, {"fields": {"modifier": 0, "description": "", "polymorphic_ctype": 16, "deck": null, "name": "Carmell House Template"}, "model": "cards.basecard", "pk": 25}, {"fields": {"modifier": 0, "description": "", "polymorphic_ctype": 14, "deck": 8, "name": "Blank Template"}, "model": "cards.basecard", "pk": 26}, {"fields": {"modifier": 0, "description": "", "polymorphic_ctype": 14, "deck": 8, "name": "Blank Template"}, "model": "cards.basecard", "pk": 32}, {"fields": {"modifier": 0, "description": "", "polymorphic_ctype": 14, "deck": 8, "name": "Blank Template"}, "model": "cards.basecard", "pk": 33}, {"fields": {"modifier": 1, "description": "", "polymorphic_ctype": 16, "deck": 8, "name": "Carmell House Template"}, "model": "cards.basecard", "pk": 34}, {"fields": {"modifier": 1, "description": "", "polymorphic_ctype": 16, "deck": 8, "name": "Carmell House Template"}, "model": "cards.basecard", "pk": 35}, {"fields": {"modifier": 1, "description": "", "polymorphic_ctype": 2, "deck": 9, "name": "Force Template"}, "model": "cards.basecard", "pk": 36}, {"fields": {"modifier": 1, "description": "", "polymorphic_ctype": 2, "deck": 9, "name": "Dash Template"}, "model": "cards.basecard", "pk": 37}, {"fields": {"modifier": 1, "description": "", "polymorphic_ctype": 2, "deck": 9, "name": "Resist Template"}, "model": "cards.basecard", "pk": 38}, {"fields": {"modifier": 2, "description": "", "polymorphic_ctype": 2, "deck": 9, "name": "Resist Template"}, "model": "cards.basecard", "pk": 39}, {"fields": {"modifier": 0, "description": "", "polymorphic_ctype": 14, "deck": 10, "name": "Blank Template"}, "model": "cards.basecard", "pk": 40}, {"fields": {"modifier": 0, "description": "", "polymorphic_ctype": 14, "deck": 10, "name": "Blank Template"}, "model": "cards.basecard", "pk": 41}, {"fields": {"modifier": 0, "description": "", "polymorphic_ctype": 14, "deck": 10, "name": "Blank Template"}, "model": "cards.basecard", "pk": 42}, {"fields": {"modifier": 0, "description": "", "polymorphic_ctype": 16, "deck": 10, "name": "Bookcase Template"}, "model": "cards.basecard", "pk": 43}, {"fields": {"modifier": 0, "description": "", "polymorphic_ctype": 16, "deck": 10, "name": "Bookcase Template"}, "model": "cards.basecard", "pk": 44}, {"fields": {"modifier": 0, "description": "", "polymorphic_ctype": 14, "deck": 12, "name": "Blank Template"}, "model": "cards.basecard", "pk": 45}, {"fields": {"modifier": 0, "description": "", "polymorphic_ctype": 14, "deck": 12, "name": "Blank Template"}, "model": "cards.basecard", "pk": 46}, {"fields": {"modifier": 0, "description": "", "polymorphic_ctype": 14, "deck": 12, "name": "Blank Template"}, "model": "cards.basecard", "pk": 47}, {"fields": {"modifier": 1, "description": "", "polymorphic_ctype": 16, "deck": 12, "name": "Carmell House Template"}, "model": "cards.basecard", "pk": 48}, {"fields": {"modifier": 1, "description": "", "polymorphic_ctype": 16, "deck": 12, "name": "Carmell House Template"}, "model": "cards.basecard", "pk": 49}, {"fields": {"modifier": 1, "description": "", "polymorphic_ctype": 16, "deck": 12, "name": "Carmell House Template"}, "model": "cards.basecard", "pk": 50}, {"fields": {"modifier": 0, "description": "", "polymorphic_ctype": 14, "deck": 13, "name": "Blank Template"}, "model": "cards.basecard", "pk": 51}, {"fields": {"modifier": 0, "description": "", "polymorphic_ctype": 14, "deck": 13, "name": "Blank Template"}, "model": "cards.basecard", "pk": 52}, {"fields": {"modifier": 0, "description": "", "polymorphic_ctype": 14, "deck": 13, "name": "Blank Template"}, "model": "cards.basecard", "pk": 53}, {"fields": {"modifier": 1, "description": "", "polymorphic_ctype": 16, "deck": 13, "name": "Carmell House Template"}, "model": "cards.basecard", "pk": 54}, {"fields": {"modifier": 1, "description": "", "polymorphic_ctype": 16, "deck": 13, "name": "Carmell House Template"}, "model": "cards.basecard", "pk": 55}, {"fields": {"modifier": 1, "description": "", "polymorphic_ctype": 16, "deck": 13, "name": "Carmell House Template"}, "model": "cards.basecard", "pk": 56}, {"fields": {"modifier": 0, "description": "", "polymorphic_ctype": 16, "deck": 16, "name": "Carmell House Template"}, "model": "cards.basecard", "pk": 57}, {"fields": {"modifier": 0, "description": null, "polymorphic_ctype": 16, "deck": null, "name": "Steve Carmell Template"}, "model": "cards.basecard", "pk": 69}, {"fields": {"modifier": 0, "description": null, "polymorphic_ctype": 16, "deck": null, "name": "Steve Carmell Template"}, "model": "cards.basecard", "pk": 70}, {"fields": {"modifier": 0, "description": null, "polymorphic_ctype": 16, "deck": null, "name": "Renee Lilac Template"}, "model": "cards.basecard", "pk": 71}, {"fields": {"modifier": 0, "description": null, "polymorphic_ctype": 16, "deck": null, "name": "Bookcase Template"}, "model": "cards.basecard", "pk": 72}, {"fields": {"modifier": 0, "description": null, "polymorphic_ctype": 16, "deck": null, "name": "Carmell House Template"}, "model": "cards.basecard", "pk": 73}, {"fields": {"modifier": 0, "description": "", "polymorphic_ctype": 14, "deck": 17, "name": "Ask Template"}, "model": "cards.basecard", "pk": 74}, {"fields": {"modifier": 0, "description": "", "polymorphic_ctype": 14, "deck": 17, "name": "Leave Template"}, "model": "cards.basecard", "pk": 75}, {"fields": {"modifier": 0, "description": "", "polymorphic_ctype": 14, "deck": 18, "name": "Blank Template"}, "model": "cards.basecard", "pk": 76}, {"fields": {"modifier": 0, "description": "", "polymorphic_ctype": 14, "deck": 18, "name": "Blank Template"}, "model": "cards.basecard", "pk": 77}, {"fields": {"modifier": 1, "description": "", "polymorphic_ctype": 16, "deck": 18, "name": "Bookcase Template"}, "model": "cards.basecard", "pk": 78}, {"fields": {"modifier": 1, "description": "", "polymorphic_ctype": 16, "deck": 18, "name": "Bookcase Template"}, "model": "cards.basecard", "pk": 79}, {"fields": {"modifier": 0, "description": "", "polymorphic_ctype": 16, "deck": 18, "name": "Steve Carmell Template"}, "model": "cards.basecard", "pk": 80}, {"fields": {"modifier": 2, "description": "", "polymorphic_ctype": 16, "deck": 18, "name": "Bookcase Template"}, "model": "cards.basecard", "pk": 81}, {"fields": {"modifier": 0, "description": "", "polymorphic_ctype": 16, "deck": 18, "name": "Steve Carmell Template"}, "model": "cards.basecard", "pk": 82}, {"fields": {"modifier": 0, "description": "", "polymorphic_ctype": 2, "deck": 19, "name": "Charm Template"}, "model": "cards.basecard", "pk": 83}, {"fields": {"modifier": 0, "description": "", "polymorphic_ctype": 14, "deck": 20, "name": "Ask Template"}, "model": "cards.basecard", "pk": 84}, {"fields": {"modifier": 1, "description": "", "polymorphic_ctype": 14, "deck": 20, "name": "Ask Template"}, "model": "cards.basecard", "pk": 85}, {"fields": {"modifier": 0, "description": "", "polymorphic_ctype": 14, "deck": 20, "name": "Leave Template"}, "model": "cards.basecard", "pk": 86}, {"fields": {"modifier": 0, "description": "", "polymorphic_ctype": 14, "deck": 20, "name": "Reassure Template"}, "model": "cards.basecard", "pk": 87}, {"fields": {"modifier": 0, "description": "", "polymorphic_ctype": 14, "deck": 21, "name": "Blank Template"}, "model": "cards.basecard", "pk": 88}, {"fields": {"modifier": 0, "description": "", "polymorphic_ctype": 14, "deck": 21, "name": "Blank Template"}, "model": "cards.basecard", "pk": 89}, {"fields": {"modifier": 0, "description": "", "polymorphic_ctype": 14, "deck": 21, "name": "Blank Template"}, "model": "cards.basecard", "pk": 90}, {"fields": {"modifier": 0, "description": "", "polymorphic_ctype": 16, "deck": 21, "name": "Steve Carmell Template"}, "model": "cards.basecard", "pk": 91}, {"fields": {"modifier": 1, "description": "", "polymorphic_ctype": 2, "deck": 21, "name": "Resist Template"}, "model": "cards.basecard", "pk": 92}, {"fields": {"modifier": 0, "description": "", "polymorphic_ctype": 14, "deck": 22, "name": "Blank Template"}, "model": "cards.basecard", "pk": 93}, {"fields": {"modifier": 0, "description": "", "polymorphic_ctype": 14, "deck": 22, "name": "Blank Template"}, "model": "cards.basecard", "pk": 94}, {"fields": {"modifier": 1, "description": "", "polymorphic_ctype": 2, "deck": 22, "name": "Resist Template"}, "model": "cards.basecard", "pk": 95}, {"fields": {"modifier": 1, "description": "", "polymorphic_ctype": 2, "deck": 22, "name": "Resist Template"}, "model": "cards.basecard", "pk": 96}, {"fields": {"modifier": 0, "description": "", "polymorphic_ctype": 16, "deck": 22, "name": "Steve Carmell Template"}, "model": "cards.basecard", "pk": 97}, {"fields": {"template": 13}, "model": "cards.card", "pk": 26}, {"fields": {"template": 13}, "model": "cards.card", "pk": 32}, {"fields": {"template": 13}, "model": "cards.card", "pk": 33}, {"fields": {"template": 13}, "model": "cards.card", "pk": 40}, {"fields": {"template": 13}, "model": "cards.card", "pk": 41}, {"fields": {"template": 13}, "model": "cards.card", "pk": 42}, {"fields": {"template": 13}, "model": "cards.card", "pk": 45}, {"fields": {"template": 13}, "model": "cards.card", "pk": 46}, {"fields": {"template": 13}, "model": "cards.card", "pk": 47}, {"fields": {"template": 13}, "model": "cards.card", "pk": 51}, {"fields": {"template": 13}, "model": "cards.card", "pk": 52}, {"fields": {"template": 13}, "model": "cards.card", "pk": 53}, {"fields": {"template": 11}, "model": "cards.card", "pk": 74}, {"fields": {"template": 12}, "model": "cards.card", "pk": 75}, {"fields": {"template": 13}, "model": "cards.card", "pk": 76}, {"fields": {"template": 13}, "model": "cards.card", "pk": 77}, {"fields": {"template": 11}, "model": "cards.card", "pk": 84}, {"fields": {"template": 11}, "model": "cards.card", "pk": 85}, {"fields": {"template": 12}, "model": "cards.card", "pk": 86}, {"fields": {"template": 14}, "model": "cards.card", "pk": 87}, {"fields": {"template": 13}, "model": "cards.card", "pk": 88}, {"fields": {"template": 13}, "model": "cards.card", "pk": 89}, {"fields": {"template": 13}, "model": "cards.card", "pk": 90}, {"fields": {"template": 13}, "model": "cards.card", "pk": 93}, {"fields": {"template": 13}, "model": "cards.card", "pk": 94}, {"fields": {"template": 1, "experience": 8}, "model": "cards.playercard", "pk": 1}, {"fields": {"template": 1, "experience": 6}, "model": "cards.playercard", "pk": 2}, {"fields": {"template": 1, "experience": 6}, "model": "cards.playercard", "pk": 3}, {"fields": {"template": 2, "experience": 10}, "model": "cards.playercard", "pk": 4}, {"fields": {"template": 2, "experience": 8}, "model": "cards.playercard", "pk": 5}, {"fields": {"template": 3, "experience": 3}, "model": "cards.playercard", "pk": 6}, {"fields": {"template": 3, "experience": 6}, "model": "cards.playercard", "pk": 7}, {"fields": {"template": 4, "experience": 9}, "model": "cards.playercard", "pk": 8}, {"fields": {"template": 1, "experience": 0}, "model": "cards.playercard", "pk": 9}, {"fields": {"template": 1, "experience": 0}, "model": "cards.playercard", "pk": 10}, {"fields": {"template": 1, "experience": 0}, "model": "cards.playercard", "pk": 11}, {"fields": {"template": 2, "experience": 0}, "model": "cards.playercard", "pk": 12}, {"fields": {"template": 2, "experience": 0}, "model": "cards.playercard", "pk": 13}, {"fields": {"template": 3, "experience": 0}, "model": "cards.playercard", "pk": 14}, {"fields": {"template": 3, "experience": 0}, "model": "cards.playercard", "pk": 15}, {"fields": {"template": 4, "experience": 0}, "model": "cards.playercard", "pk": 16}, {"fields": {"template": 1, "experience": 0}, "model": "cards.playercard", "pk": 17}, {"fields": {"template": 1, "experience": 0}, "model": "cards.playercard", "pk": 18}, {"fields": {"template": 1, "experience": 0}, "model": "cards.playercard", "pk": 19}, {"fields": {"template": 2, "experience": 0}, "model": "cards.playercard", "pk": 20}, {"fields": {"template": 2, "experience": 0}, "model": "cards.playercard", "pk": 21}, {"fields": {"template": 3, "experience": 0}, "model": "cards.playercard", "pk": 22}, {"fields": {"template": 3, "experience": 0}, "model": "cards.playercard", "pk": 23}, {"fields": {"template": 4, "experience": 0}, "model": "cards.playercard", "pk": 24}, {"fields": {"template": 1, "experience": 2}, "model": "cards.playercard", "pk": 36}, {"fields": {"template": 2, "experience": 0}, "model": "cards.playercard", "pk": 37}, {"fields": {"template": 3, "experience": 3}, "model": "cards.playercard", "pk": 38}, {"fields": {"template": 3, "experience": 13}, "model": "cards.playercard", "pk": 39}, {"fields": {"template": 4, "experience": 1}, "model": "cards.playercard", "pk": 83}, {"fields": {"template": 3, "experience": 0}, "model": "cards.playercard", "pk": 92}, {"fields": {"template": 3, "experience": 0}, "model": "cards.playercard", "pk": 95}, {"fields": {"template": 3, "experience": 0}, "model": "cards.playercard", "pk": 96}, {"fields": {"template": 7}, "model": "cards.npccard", "pk": 25}, {"fields": {"template": 7}, "model": "cards.npccard", "pk": 34}, {"fields": {"template": 7}, "model": "cards.npccard", "pk": 35}, {"fields": {"template": 9}, "model": "cards.npccard", "pk": 43}, {"fields": {"template": 9}, "model": "cards.npccard", "pk": 44}, {"fields": {"template": 7}, "model": "cards.npccard", "pk": 48}, {"fields": {"template": 7}, "model": "cards.npccard", "pk": 49}, {"fields": {"template": 7}, "model": "cards.npccard", "pk": 50}, {"fields": {"template": 7}, "model": "cards.npccard", "pk": 54}, {"fields": {"template": 7}, "model": "cards.npccard", "pk": 55}, {"fields": {"template": 7}, "model": "cards.npccard", "pk": 56}, {"fields": {"template": 7}, "model": "cards.npccard", "pk": 57}, {"fields": {"template": 8}, "model": "cards.npccard", "pk": 69}, {"fields": {"template": 8}, "model": "cards.npccard", "pk": 70}, {"fields": {"template": 10}, "model": "cards.npccard", "pk": 71}, {"fields": {"template": 9}, "model": "cards.npccard", "pk": 72}, {"fields": {"template": 7}, "model": "cards.npccard", "pk": 73}, {"fields": {"template": 9}, "model": "cards.npccard", "pk": 78}, {"fields": {"template": 9}, "model": "cards.npccard", "pk": 79}, {"fields": {"template": 8}, "model": "cards.npccard", "pk": 80}, {"fields": {"template": 9}, "model": "cards.npccard", "pk": 81}, {"fields": {"template": 8}, "model": "cards.npccard", "pk": 82}, {"fields": {"template": 8}, "model": "cards.npccard", "pk": 91}, {"fields": {"template": 8}, "model": "cards.npccard", "pk": 97}, {"fields": {"polymorphic_ctype": 22, "name": "Mistress Photo"}, "model": "cards.effect", "pk": 9}, {"fields": {"polymorphic_ctype": 22, "name": "Incriminating Documents"}, "model": "cards.effect", "pk": 10}, {"fields": {"polymorphic_ctype": 20, "name": "Steve Departs"}, "model": "cards.effect", "pk": 11}, {"fields": {"polymorphic_ctype": 20, "name": "Steve Arrives"}, "model": "cards.effect", "pk": 12}, {"fields": {"polymorphic_ctype": 20, "name": "break_in"}, "model": "cards.effect", "pk": 13}, {"fields": {"polymorphic_ctype": 20, "name": "Affair Revealed"}, "model": "cards.effect", "pk": 14}, {"fields": {"value": 0, "flag": 1}, "model": "cards.flageffect", "pk": 11}, {"fields": {"value": 1, "flag": 1}, "model": "cards.flageffect", "pk": 12}, {"fields": {"value": 1, "flag": 2}, "model": "cards.flageffect", "pk": 13}, {"fields": {"value": 0, "flag": 3}, "model": "cards.flageffect", "pk": 14}, {"fields": {"keyitem": 1}, "model": "cards.keyitemeffect", "pk": 9}, {"fields": {"keyitem": 2}, "model": "cards.keyitemeffect", "pk": 10}, {"fields": {"blocking": false, "generic_result": null, "auto": false, "tolog": false, "slug": "prospect_heights", "deck": 8, "created": "2015-03-15T18:11:10.847Z", "canshuffle": false, "locationDeck": null, "published": true, "content": "", "description": "", "npc": null, "title": "Prospect Heights"}, "model": "events.event", "pk": 2}, {"fields": {"blocking": false, "generic_result": null, "auto": false, "tolog": true, "slug": "chiefs_house", "deck": 17, "created": "2015-03-15T18:24:30.473Z", "canshuffle": false, "locationDeck": null, "published": true, "content": "You arrive at the house of the Chief of Police. {steve_home?It looks like her husband is home.:}", "description": "", "npc": 1, "title": "Chief's House"}, "model": "events.event", "pk": 3}, {"fields": {"blocking": false, "generic_result": null, "auto": true, "tolog": true, "slug": "steve_arrives", "deck": null, "created": "2015-03-15T18:25:44.877Z", "canshuffle": false, "locationDeck": null, "published": true, "content": "You see Steve Carmell enter the house.", "description": "", "npc": null, "title": "Steve Arrives"}, "model": "events.event", "pk": 4}, {"fields": {"blocking": false, "generic_result": null, "auto": true, "tolog": true, "slug": "steve_departs", "deck": null, "created": "2015-03-15T18:26:30.495Z", "canshuffle": false, "locationDeck": null, "published": true, "content": "You see Steve Carmell leave the house.", "description": "", "npc": null, "title": "Steve Departs"}, "model": "events.event", "pk": 5}, {"fields": {"blocking": false, "generic_result": null, "auto": false, "tolog": true, "slug": "chief_sitting_room", "deck": null, "created": "2015-03-15T18:28:14.134Z", "canshuffle": false, "locationDeck": 18, "published": true, "content": "", "description": "", "npc": null, "title": "Chief Sitting Room"}, "model": "events.event", "pk": 6}, {"fields": {"blocking": false, "generic_result": null, "auto": false, "tolog": true, "slug": "chief_bedroom", "deck": null, "created": "2015-03-15T18:29:15.155Z", "canshuffle": false, "locationDeck": 22, "published": true, "content": "{steve_home?{night?The lights turn on suddenly. :}Steve is standing in the bedroom, looking both perplexed and increasingly angry. :The Chief's bedroom looks more practical than functional, but perhaps you'll be able to find something here.}", "description": "", "npc": null, "title": "Chief Bedroom"}, "model": "events.event", "pk": 7}, {"fields": {"blocking": false, "generic_result": null, "auto": false, "tolog": true, "slug": "steve_at_threshold", "deck": null, "created": "2015-03-15T18:30:28.836Z", "canshuffle": false, "locationDeck": null, "published": true, "content": "The Chief's husband looks out from behind the door. \"Can I help you?\"", "description": "", "npc": 2, "title": "Steve at the Threshold"}, "model": "events.event", "pk": 8}, {"fields": {"blocking": false, "generic_result": null, "auto": false, "tolog": true, "slug": "fight_with_steve", "deck": null, "created": "2015-03-15T18:33:05.581Z", "canshuffle": false, "locationDeck": null, "published": true, "content": "", "description": "", "npc": 2, "title": "Fight with Steve"}, "model": "events.event", "pk": 9}, {"fields": {"blocking": false, "generic_result": 18, "auto": true, "tolog": true, "slug": "steve_unconscious", "deck": null, "created": "2015-03-15T18:39:36.289Z", "canshuffle": false, "locationDeck": null, "published": true, "content": "", "description": "", "npc": null, "title": "Knock Steve Unconscious"}, "model": "events.event", "pk": 10}, {"fields": {"blocking": false, "generic_result": 21, "auto": true, "tolog": true, "slug": "break_into_bedroom", "deck": null, "created": "2015-03-15T18:56:36.569Z", "canshuffle": false, "locationDeck": null, "published": true, "content": "", "description": "", "npc": null, "title": "Break into Bedroom"}, "model": "events.event", "pk": 11}, {"fields": {"blocking": false, "generic_result": 22, "auto": true, "tolog": true, "slug": "break_into_sitting", "deck": null, "created": "2015-03-15T18:57:07.986Z", "canshuffle": false, "locationDeck": null, "published": true, "content": "", "description": "", "npc": null, "title": "Break into Sitting Room"}, "model": "events.event", "pk": 12}, {"fields": {"blocking": false, "generic_result": null, "auto": true, "tolog": true, "slug": "pain", "deck": null, "created": "2015-03-15T19:05:14.897Z", "canshuffle": false, "locationDeck": null, "published": true, "content": "", "description": "", "npc": null, "title": "Pain"}, "model": "events.event", "pk": 13}, {"fields": {"blocking": false, "generic_result": null, "auto": true, "tolog": true, "slug": "incriminating_documents", "deck": null, "created": "2015-03-15T19:20:46.709Z", "canshuffle": false, "locationDeck": null, "published": true, "content": "You find some documents that look quite thoroughly suspicious. The documents have many romantic flourishes and all share the signed initials RL. From the letters, you gather that this RL was previously in the Black Hand and has been trying to leave for years. You doubt that the initials would be enough to locate her, though.", "description": "", "npc": null, "title": "Incriminating Documents"}, "model": "events.event", "pk": 14}, {"fields": {"blocking": false, "generic_result": null, "auto": false, "tolog": true, "slug": "bookcase", "deck": null, "created": "2015-03-15T19:20:52.099Z", "canshuffle": false, "locationDeck": 21, "published": true, "content": "The bookcase looks to be a complete mess. It's probably going to take you a while to try to search it.", "description": "", "npc": 3, "title": "Bookcase"}, "model": "events.event", "pk": 15}, {"fields": {"blocking": false, "generic_result": null, "auto": false, "tolog": false, "slug": "home", "deck": 14, "created": "2015-03-15T21:29:58.878Z", "canshuffle": true, "locationDeck": null, "published": true, "content": "", "description": "", "npc": null, "title": "Home"}, "model": "events.event", "pk": 18}, {"fields": {"blocking": false, "generic_result": null, "auto": false, "tolog": false, "slug": "prospect_heights_2", "deck": null, "created": "2015-03-15T21:36:09.547Z", "canshuffle": false, "locationDeck": 13, "published": true, "content": "", "description": "", "npc": null, "title": "Prospect Heights"}, "model": "events.event", "pk": 19}, {"fields": {"blocking": false, "generic_result": null, "auto": false, "tolog": true, "slug": "heart_to_heart", "deck": 19, "created": "2015-03-21T01:07:14.564Z", "canshuffle": false, "locationDeck": null, "published": true, "content": "Steve sits in his armchair, waiting for your questions.", "description": "", "npc": 2, "title": "Heart to Heart"}, "model": "events.event", "pk": 20}, {"fields": {"blocking": false, "generic_result": null, "auto": false, "tolog": true, "slug": "confessions", "deck": 20, "created": "2015-03-26T16:20:12.946Z", "canshuffle": false, "locationDeck": null, "published": true, "content": "With a choked sob, Steve confesses to his affair, telling you the name of his mistress: Renee Lilac. He swears he'll break it off if you don't tell the Chief.", "description": "Steve confesses his Affair", "npc": null, "title": "Confessions"}, "model": "events.event", "pk": 21}, {"fields": {"blocking": false, "generic_result": null, "auto": true, "tolog": true, "slug": "picture", "deck": null, "created": "2015-03-26T17:29:52.456Z", "canshuffle": false, "locationDeck": null, "published": true, "content": "You find a picture deep in the drawers of a woman of Italian descent. You take it with you. You could probably identify her if you saw her, but you have no idea where to start looking.", "description": "Picture in the Drawers", "npc": null, "title": "Picture"}, "model": "events.event", "pk": 22}, {"fields": {"threshold": 0, "conditions": "", "helper": "", "template": 8, "content": "", "localOnly": false, "result": "switch", "npcthreshold": true, "onlyWhenNotPlayed": false, "originalEvent": 2, "event": 3}, "model": "events.eventtrigger", "pk": 1}, {"fields": {"threshold": -1, "conditions": "not steve_home", "helper": "", "template": 7, "content": "", "localOnly": false, "result": null, "npcthreshold": true, "onlyWhenNotPlayed": false, "originalEvent": 2, "event": 4}, "model": "events.eventtrigger", "pk": 2}, {"fields": {"threshold": -1, "conditions": "steve_home", "helper": "", "template": 7, "content": "", "localOnly": false, "result": null, "npcthreshold": true, "onlyWhenNotPlayed": false, "originalEvent": 2, "event": 5}, "model": "events.eventtrigger", "pk": 3}, {"fields": {"threshold": 99, "conditions": "", "helper": "", "template": 1, "content": "That's one sturdy door.", "localOnly": true, "result": null, "npcthreshold": true, "onlyWhenNotPlayed": false, "originalEvent": 3, "event": null}, "model": "events.eventtrigger", "pk": 5}, {"fields": {"threshold": 0, "conditions": "", "helper": "Climb the fire escape", "template": 2, "content": "You climb the fire escape and head into the second story window.", "localOnly": true, "result": null, "npcthreshold": true, "onlyWhenNotPlayed": false, "originalEvent": 3, "event": 7}, "model": "events.eventtrigger", "pk": 6}, {"fields": {"threshold": 99, "conditions": "", "helper": "", "template": 2, "content": "You can't quite reach the fire escape.", "localOnly": true, "result": null, "npcthreshold": true, "onlyWhenNotPlayed": false, "originalEvent": 3, "event": null}, "model": "events.eventtrigger", "pk": 7}, {"fields": {"threshold": 0, "conditions": "steve_home", "helper": "Knock on the door", "template": 11, "content": "You knock on the door, and hear an unlatching sound as Steve Carmell answers the door.", "localOnly": true, "result": null, "npcthreshold": true, "onlyWhenNotPlayed": false, "originalEvent": 3, "event": 8}, "model": "events.eventtrigger", "pk": 8}, {"fields": {"threshold": 0, "conditions": "", "helper": "Leave the premises", "template": 12, "content": "You leave the premises.", "localOnly": false, "result": "resolve", "npcthreshold": true, "onlyWhenNotPlayed": false, "originalEvent": 3, "event": null}, "model": "events.eventtrigger", "pk": 9}, {"fields": {"threshold": 0, "conditions": "not steve_home", "helper": "Knock on the door", "template": 11, "content": "No one answers.", "localOnly": true, "result": null, "npcthreshold": true, "onlyWhenNotPlayed": false, "originalEvent": 3, "event": null}, "model": "events.eventtrigger", "pk": 10}, {"fields": {"threshold": 0, "conditions": "steve_home", "helper": "Break down the door", "template": 1, "content": "You break down the door.", "localOnly": true, "result": "resolve", "npcthreshold": true, "onlyWhenNotPlayed": false, "originalEvent": 3, "event": 12}, "model": "events.eventtrigger", "pk": 11}, {"fields": {"threshold": 2, "conditions": "", "helper": "Intimidate", "template": 1, "content": "\"Look, I'm a busy fella. I just have a few questions. Let me in, and we can resolve this quickly.\"", "localOnly": false, "result": "switch", "npcthreshold": true, "onlyWhenNotPlayed": false, "originalEvent": 8, "event": 6}, "model": "events.eventtrigger", "pk": 12}, {"fields": {"threshold": 0, "conditions": "", "helper": "Knock him out", "template": 2, "content": "Would have thought that the Chief of Police's husband would have had better self defense training. Oh well. You drag him into a corner of the sitting room.", "localOnly": false, "result": "switch", "npcthreshold": true, "onlyWhenNotPlayed": false, "originalEvent": 8, "event": 6}, "model": "events.eventtrigger", "pk": 13}, {"fields": {"threshold": 3, "conditions": "", "helper": "Seduce him", "template": 4, "content": "\"Don't suppose you could let me in to talk, sweetie? It's a bit chilly out here.\" With a sly grin, he steps aside.", "localOnly": false, "result": "switch", "npcthreshold": true, "onlyWhenNotPlayed": false, "originalEvent": 8, "event": 6}, "model": "events.eventtrigger", "pk": 14}, {"fields": {"threshold": 99, "conditions": "", "helper": "", "template": 1, "content": "\"Umm... You know, I can get pretty scary when I get angry, so maybe you could just let me in, please...?\" He doesn't look convinced.", "localOnly": false, "result": null, "npcthreshold": true, "onlyWhenNotPlayed": false, "originalEvent": 8, "event": null}, "model": "events.eventtrigger", "pk": 15}, {"fields": {"threshold": 99, "conditions": "", "helper": "", "template": 2, "content": "\"What's that behind you!\" He eyes you suspiciously.", "localOnly": false, "result": null, "npcthreshold": true, "onlyWhenNotPlayed": false, "originalEvent": 8, "event": null}, "model": "events.eventtrigger", "pk": 16}, {"fields": {"threshold": 99, "conditions": "", "helper": "", "template": 4, "content": "\"Don't suppose you could let me in to talk, sweetie? It's a bit chilly out here.\"\r\n\r\n\"I'm not interested.\"", "localOnly": false, "result": null, "npcthreshold": true, "onlyWhenNotPlayed": false, "originalEvent": 8, "event": null}, "model": "events.eventtrigger", "pk": 17}, {"fields": {"threshold": 0, "conditions": "", "helper": "", "template": 8, "content": "", "localOnly": false, "result": "resolve", "npcthreshold": true, "onlyWhenNotPlayed": false, "originalEvent": 10, "event": 6}, "model": "events.eventtrigger", "pk": 18}, {"fields": {"threshold": 0, "conditions": "", "helper": "", "template": 1, "content": "", "localOnly": false, "result": "switch", "npcthreshold": true, "onlyWhenNotPlayed": false, "originalEvent": 9, "event": 10}, "model": "events.eventtrigger", "pk": 19}, {"fields": {"threshold": 0, "conditions": "", "helper": "", "template": 2, "content": "", "localOnly": false, "result": "switch", "npcthreshold": true, "onlyWhenNotPlayed": false, "originalEvent": 9, "event": 10}, "model": "events.eventtrigger", "pk": 20}, {"fields": {"threshold": 0, "conditions": "", "helper": "", "template": 7, "content": "", "localOnly": false, "result": "resolve", "npcthreshold": true, "onlyWhenNotPlayed": false, "originalEvent": 11, "event": 7}, "model": "events.eventtrigger", "pk": 21}, {"fields": {"threshold": 0, "conditions": "", "helper": "", "template": 7, "content": "", "localOnly": true, "result": "resolve", "npcthreshold": true, "onlyWhenNotPlayed": false, "originalEvent": 12, "event": 6}, "model": "events.eventtrigger", "pk": 22}, {"fields": {"threshold": 0, "conditions": "steve_home and break_in and not steve_unconscious", "helper": "", "template": null, "content": "Looks like Steve is not taking kindly to your break in. That's awfully inconsiderate.", "localOnly": false, "result": null, "npcthreshold": false, "onlyWhenNotPlayed": false, "originalEvent": 6, "event": 9}, "model": "events.eventtrigger", "pk": 23}, {"fields": {"threshold": 0, "conditions": "steve_home and break_in and not steve_unconscious", "helper": "", "template": null, "content": "", "localOnly": false, "result": null, "npcthreshold": false, "onlyWhenNotPlayed": false, "originalEvent": 7, "event": 9}, "model": "events.eventtrigger", "pk": 24}, {"fields": {"threshold": 0, "conditions": "", "helper": "", "template": null, "content": "", "localOnly": false, "result": null, "npcthreshold": true, "onlyWhenNotPlayed": true, "originalEvent": 9, "event": 13}, "model": "events.eventtrigger", "pk": 28}, {"fields": {"threshold": 3, "conditions": "", "helper": "", "template": 3, "content": "After a methodical search, you find some papers of interest.", "localOnly": false, "result": "resolve", "npcthreshold": true, "onlyWhenNotPlayed": false, "originalEvent": 15, "event": 14}, "model": "events.eventtrigger", "pk": 31}, {"fields": {"threshold": 1, "conditions": "not night", "helper": "", "template": 9, "content": "The bookcase catches your attention.", "localOnly": false, "result": null, "npcthreshold": false, "onlyWhenNotPlayed": false, "originalEvent": 6, "event": 15}, "model": "events.eventtrigger", "pk": 32}, {"fields": {"threshold": 2, "conditions": "night", "helper": "", "template": 9, "content": "You stumble across a bookcase in the dark.", "localOnly": false, "result": null, "npcthreshold": false, "onlyWhenNotPlayed": false, "originalEvent": 6, "event": 15}, "model": "events.eventtrigger", "pk": 33}, {"fields": {"threshold": 0, "conditions": "", "helper": "", "template": 7, "content": "", "localOnly": false, "result": "resolve", "npcthreshold": false, "onlyWhenNotPlayed": false, "originalEvent": 19, "event": 3}, "model": "events.eventtrigger", "pk": 34}, {"fields": {"threshold": 1, "conditions": "steve_home", "helper": "", "template": 7, "content": "", "localOnly": false, "result": "resolve", "npcthreshold": false, "onlyWhenNotPlayed": false, "originalEvent": 19, "event": 5}, "model": "events.eventtrigger", "pk": 35}, {"fields": {"threshold": 1, "conditions": "not steve_home", "helper": "", "template": 7, "content": "", "localOnly": false, "result": "resolve", "npcthreshold": false, "onlyWhenNotPlayed": false, "originalEvent": 19, "event": 4}, "model": "events.eventtrigger", "pk": 36}, {"fields": {"threshold": 0, "conditions": "steve_home and not steve_unconscious and not break_in", "helper": "", "template": 8, "content": "\"You wanted to talk? Let's talk.\"", "localOnly": false, "result": null, "npcthreshold": false, "onlyWhenNotPlayed": false, "originalEvent": 6, "event": 20}, "model": "events.eventtrigger", "pk": 37}, {"fields": {"threshold": 0, "conditions": "not steve_home", "helper": "", "template": 8, "content": "Well, it looks like your time is up. Steve walks in the door and sees you.", "localOnly": false, "result": null, "npcthreshold": false, "onlyWhenNotPlayed": false, "originalEvent": 6, "event": 4}, "model": "events.eventtrigger", "pk": 40}, {"fields": {"threshold": 0, "conditions": "", "helper": "", "template": 13, "content": "You find nothing of interest.", "localOnly": false, "result": null, "npcthreshold": false, "onlyWhenNotPlayed": false, "originalEvent": 19, "event": null}, "model": "events.eventtrigger", "pk": 41}, {"fields": {"threshold": 0, "conditions": "", "helper": "", "template": 9, "content": "Your search reveals nothing.", "localOnly": false, "result": null, "npcthreshold": false, "onlyWhenNotPlayed": false, "originalEvent": 6, "event": null}, "model": "events.eventtrigger", "pk": 42}, {"fields": {"threshold": 0, "conditions": "", "helper": "Why did you do it?", "template": 11, "content": "\"Why did you do it?\"<br>\r\n\r\nAccording to his account, she's a member of  some gang and has been trying desperately to leave. In his haste to help her, the two developed a bond.", "localOnly": false, "result": null, "npcthreshold": false, "onlyWhenNotPlayed": false, "originalEvent": 21, "event": null}, "model": "events.eventtrigger", "pk": 43}, {"fields": {"threshold": 0, "conditions": "", "helper": "I can't promise anything.", "template": 12, "content": "\"I can't promise anything.\"<br>\r\n\r\nYou make no promises and leave the man to his grief.", "localOnly": false, "result": "resolve", "npcthreshold": false, "onlyWhenNotPlayed": false, "originalEvent": 21, "event": null}, "model": "events.eventtrigger", "pk": 44}, {"fields": {"threshold": 1, "conditions": "", "helper": "Where can I find her?", "template": 11, "content": "\"Where can I find her?\"<br>\r\n\r\nHe isn't sure, but she first approached him near the docks.", "localOnly": false, "result": null, "npcthreshold": false, "onlyWhenNotPlayed": false, "originalEvent": 21, "event": null}, "model": "events.eventtrigger", "pk": 45}, {"fields": {"threshold": 0, "conditions": "", "helper": "I don't want either of you to get hurt.", "template": 14, "content": "\"I don't want either of you to get hurt.\"<br>\r\n\r\nHe looks immensely relieved.", "localOnly": false, "result": "resolve", "npcthreshold": false, "onlyWhenNotPlayed": false, "originalEvent": 21, "event": null}, "model": "events.eventtrigger", "pk": 46}, {"fields": {"threshold": 0, "conditions": "", "helper": "Intimidate him", "template": 1, "content": "\"I really don't have time to sit around and exchange pleasantries. Tell me about the affair.\"", "localOnly": false, "result": "switch", "npcthreshold": true, "onlyWhenNotPlayed": false, "originalEvent": 20, "event": 21}, "model": "events.eventtrigger", "pk": 47}, {"fields": {"threshold": 99, "conditions": "", "helper": "", "template": 1, "content": "You begin a tirade, but in the middle of it, your voice cracks. He doesn't look very intimidated.", "localOnly": false, "result": null, "npcthreshold": true, "onlyWhenNotPlayed": false, "originalEvent": 20, "event": null}, "model": "events.eventtrigger", "pk": 48}, {"fields": {"threshold": 0, "conditions": "", "helper": "Knock him unconscious", "template": 2, "content": "Before he can get another word in, you hit him over the head with a candelabra. He slumps to the ground.", "localOnly": false, "result": "resolve", "npcthreshold": true, "onlyWhenNotPlayed": false, "originalEvent": 20, "event": 10}, "model": "events.eventtrigger", "pk": 49}, {"fields": {"threshold": 99, "conditions": "", "helper": "", "template": 2, "content": "", "localOnly": false, "result": "switch", "npcthreshold": true, "onlyWhenNotPlayed": false, "originalEvent": 20, "event": 9}, "model": "events.eventtrigger", "pk": 50}, {"fields": {"threshold": 0, "conditions": "", "helper": "Persuade him to come clean.", "template": 4, "content": "\"The Chief knows what's been going on. She sent me to resolve this quietly. Let's just get this out into the open so that we can figure out how to resolve this.\"", "localOnly": false, "result": "switch", "npcthreshold": true, "onlyWhenNotPlayed": false, "originalEvent": 20, "event": 21}, "model": "events.eventtrigger", "pk": 51}, {"fields": {"threshold": 99, "conditions": "", "helper": "", "template": 4, "content": "\"Well... you know that most married couples are happier when they're honest with each other, right? ...I suppose not that I would know from personal experience...\"", "localOnly": false, "result": null, "npcthreshold": true, "onlyWhenNotPlayed": false, "originalEvent": 20, "event": null}, "model": "events.eventtrigger", "pk": 52}, {"fields": {"threshold": 0, "conditions": "not steve_unconscious and steve_home and not night", "helper": "", "template": 8, "content": "\"I thought you wanted to talk, not peruse our collection of books.\" He eyes you suspiciously and gestures to one of the seats.", "localOnly": false, "result": "switch", "npcthreshold": true, "onlyWhenNotPlayed": false, "originalEvent": 15, "event": 20}, "model": "events.eventtrigger", "pk": 53}, {"fields": {"threshold": 4, "conditions": "", "helper": "", "template": 3, "content": "", "localOnly": false, "result": null, "npcthreshold": true, "onlyWhenNotPlayed": false, "originalEvent": 7, "event": 22}, "model": "events.eventtrigger", "pk": 54}, {"fields": {"effect": 10, "event": 14}, "model": "events.eventeffect", "pk": 10}, {"fields": {"effect": 11, "event": 5}, "model": "events.eventeffect", "pk": 11}, {"fields": {"effect": 12, "event": 4}, "model": "events.eventeffect", "pk": 12}, {"fields": {"effect": 13, "event": 12}, "model": "events.eventeffect", "pk": 13}, {"fields": {"effect": 14, "event": 21}, "model": "events.eventeffect", "pk": 14}, {"fields": {"effect": 13, "event": 11}, "model": "events.eventeffect", "pk": 15}, {"fields": {}, "model": "locations.location", "pk": 19}, {"fields": {}, "model": "locations.location", "pk": 18}, {"fields": {"player": 1, "status": "deck", "deck": 2, "card": 1, "position": 7, "targetDeck": null, "played": false}, "model": "accounts.cardstatus", "pk": 10}, {"fields": {"player": 1, "status": "deck", "deck": 2, "card": 2, "position": 4, "targetDeck": null, "played": false}, "model": "accounts.cardstatus", "pk": 11}, {"fields": {"player": 1, "status": "discard", "deck": 2, "card": 3, "position": 0, "targetDeck": 2, "played": true}, "model": "accounts.cardstatus", "pk": 12}, {"fields": {"player": 1, "status": "deck", "deck": 2, "card": 4, "position": 6, "targetDeck": null, "played": false}, "model": "accounts.cardstatus", "pk": 13}, {"fields": {"player": 1, "status": "play", "deck": 2, "card": 5, "position": 0, "targetDeck": 2, "played": true}, "model": "accounts.cardstatus", "pk": 14}, {"fields": {"player": 1, "status": "deck", "deck": 2, "card": 6, "position": 2, "targetDeck": null, "played": false}, "model": "accounts.cardstatus", "pk": 15}, {"fields": {"player": 1, "status": "deck", "deck": 2, "card": 7, "position": 5, "targetDeck": null, "played": false}, "model": "accounts.cardstatus", "pk": 16}, {"fields": {"player": 1, "status": "deck", "deck": 2, "card": 8, "position": 3, "targetDeck": null, "played": false}, "model": "accounts.cardstatus", "pk": 17}, {"fields": {"player": 1, "status": "deck", "deck": 3, "card": 51, "position": 4, "targetDeck": null, "played": false}, "model": "accounts.cardstatus", "pk": 18}, {"fields": {"player": 1, "status": "deck", "deck": 3, "card": 52, "position": 3, "targetDeck": null, "played": false}, "model": "accounts.cardstatus", "pk": 19}, {"fields": {"player": 1, "status": "discard", "deck": 3, "card": 53, "position": 0, "targetDeck": 3, "played": true}, "model": "accounts.cardstatus", "pk": 20}, {"fields": {"player": 1, "status": "deck", "deck": 3, "card": 54, "position": 1, "targetDeck": null, "played": false}, "model": "accounts.cardstatus", "pk": 21}, {"fields": {"player": 1, "status": "deck", "deck": 3, "card": 55, "position": 5, "targetDeck": null, "played": false}, "model": "accounts.cardstatus", "pk": 22}, {"fields": {"player": 1, "status": "deck", "deck": 3, "card": 56, "position": 2, "targetDeck": null, "played": false}, "model": "accounts.cardstatus", "pk": 23}, {"fields": {"player": 1, "status": "play", "deck": null, "card": 73, "position": 0, "targetDeck": null, "played": true}, "model": "accounts.cardstatus", "pk": 24}, {"fields": {"player": 1, "status": "hand", "deck": 4, "card": 75, "position": 0, "targetDeck": null, "played": false}, "model": "accounts.cardstatus", "pk": 26}, {"fields": {"player": 1, "status": "hand", "deck": 4, "card": 74, "position": 0, "targetDeck": null, "played": false}, "model": "accounts.cardstatus", "pk": 28}, {"fields": {"player": 1, "status": "deck", "deck": 5, "card": 93, "position": 4, "targetDeck": null, "played": false}, "model": "accounts.cardstatus", "pk": 29}, {"fields": {"player": 1, "status": "deck", "deck": 5, "card": 94, "position": 2, "targetDeck": null, "played": false}, "model": "accounts.cardstatus", "pk": 30}, {"fields": {"player": 1, "status": "deck", "deck": 5, "card": 95, "position": 0, "targetDeck": null, "played": false}, "model": "accounts.cardstatus", "pk": 31}, {"fields": {"player": 1, "status": "deck", "deck": 5, "card": 96, "position": 1, "targetDeck": null, "played": false}, "model": "accounts.cardstatus", "pk": 32}, {"fields": {"player": 1, "status": "deck", "deck": 5, "card": 97, "position": 3, "targetDeck": null, "played": false}, "model": "accounts.cardstatus", "pk": 33}, {"fields": {"player": 1, "initialized": true, "event": null, "deck": 1}, "model": "accounts.deckstatus", "pk": 2}, {"fields": {"player": 1, "initialized": true, "event": 19, "deck": 13}, "model": "accounts.deckstatus", "pk": 3}, {"fields": {"player": 1, "initialized": true, "event": null, "deck": 17}, "model": "accounts.deckstatus", "pk": 4}, {"fields": {"player": 1, "initialized": true, "event": 7, "deck": 22}, "model": "accounts.deckstatus", "pk": 5}, {"fields": {"location": 19, "event": null, "logged": "2015-03-26T18:40:41.128Z", "card": 53, "polymorphic_ctype": 34, "user": 1}, "model": "accounts.log", "pk": 1}, {"fields": {"location": 19, "event": null, "logged": "2015-03-26T18:40:45.844Z", "card": 73, "polymorphic_ctype": 34, "user": 1}, "model": "accounts.log", "pk": 2}, {"fields": {"location": 19, "event": 3, "logged": "2015-03-26T18:40:45.851Z", "card": null, "polymorphic_ctype": 33, "user": 1}, "model": "accounts.log", "pk": 3}, {"fields": {"location": 19, "event": null, "logged": "2015-03-26T19:08:55.667Z", "card": 3, "polymorphic_ctype": 34, "user": 1}, "model": "accounts.log", "pk": 4}, {"fields": {"location": 19, "event": null, "logged": "2015-03-26T19:09:44.195Z", "card": 74, "polymorphic_ctype": 34, "user": 1}, "model": "accounts.log", "pk": 5}, {"fields": {"location": 19, "event": null, "logged": "2015-03-26T19:19:50.593Z", "card": 74, "polymorphic_ctype": 34, "user": 1}, "model": "accounts.log", "pk": 6}, {"fields": {"location": 19, "event": null, "logged": "2015-03-26T19:19:54.993Z", "card": 5, "polymorphic_ctype": 34, "user": 1}, "model": "accounts.log", "pk": 7}, {"fields": {"location": 19, "event": 7, "logged": "2015-03-26T19:19:54.997Z", "card": null, "polymorphic_ctype": 33, "user": 1}, "model": "accounts.log", "pk": 8}, {"fields": {"trigger": 41}, "model": "accounts.triggerlog", "pk": 1}, {"fields": {"trigger": 34}, "model": "accounts.triggerlog", "pk": 2}, {"fields": {"trigger": 5}, "model": "accounts.triggerlog", "pk": 4}, {"fields": {"trigger": 10}, "model": "accounts.triggerlog", "pk": 5}, {"fields": {"trigger": 10}, "model": "accounts.triggerlog", "pk": 6}, {"fields": {"trigger": 6}, "model": "accounts.triggerlog", "pk": 7}, {"fields": {"logged": false, "player": 1, "location": 19, "event": 19, "cardStatus": null, "resolved": true, "stackOrder": 0}, "model": "accounts.activeevent", "pk": 1}, {"fields": {"logged": true, "player": 1, "location": 19, "event": 3, "cardStatus": 24, "resolved": false, "stackOrder": 1}, "model": "accounts.activeevent", "pk": 2}, {"fields": {"logged": true, "player": 1, "location": 19, "event": 7, "cardStatus": 14, "resolved": false, "stackOrder": 2}, "model": "accounts.activeevent", "pk": 3}, {"fields": {"name": "Photo of Mistress"}, "model": "accounts.keyitem", "pk": 1}, {"fields": {"name": "Incriminating Documents"}, "model": "accounts.keyitem", "pk": 2}, {"fields": {"dash": 0, "deck": null, "charm": 0, "resist": 0, "slug": "carmell_house", "wisdom": 0, "card": 73, "force": 0, "power": 0, "name": "Carmell House"}, "model": "npcs.npc", "pk": 1}, {"fields": {"dash": 0, "deck": 9, "charm": 0, "resist": 0, "slug": "steve_carmell", "wisdom": 0, "card": 70, "force": 0, "power": 0, "name": "Steve Carmell"}, "model": "npcs.npc", "pk": 2}, {"fields": {"dash": 0, "deck": null, "charm": 0, "resist": 0, "slug": "bookcase", "wisdom": 0, "card": 72, "force": 0, "power": 0, "name": "Bookcase"}, "model": "npcs.npc", "pk": 3}, {"fields": {"dash": 0, "deck": null, "charm": 0, "resist": 0, "slug": "renee_lilac", "wisdom": 0, "card": 71, "force": 0, "power": 0, "name": "Renee Lilac"}, "model": "npcs.npc", "pk": 4}, {"fields": {"player": 1, "npc": 1}, "model": "npcs.npcinstance", "pk": 20}, {"fields": {"player": 1, "npc": 2}, "model": "npcs.npcinstance", "pk": 21}, {"fields": {"npc": 1, "event": 2}, "model": "npcs.npclink", "pk": 1}, {"fields": {"npc": 1, "event": 19}, "model": "npcs.npclink", "pk": 3}, {"fields": {"content_type": 3, "codename": "add_permission", "name": "Can add permission"}, "model": "auth.permission", "pk": 1}, {"fields": {"content_type": 3, "codename": "change_permission", "name": "Can change permission"}, "model": "auth.permission", "pk": 2}, {"fields": {"content_type": 3, "codename": "delete_permission", "name": "Can delete permission"}, "model": "auth.permission", "pk": 3}, {"fields": {"content_type": 4, "codename": "add_group", "name": "Can add group"}, "model": "auth.permission", "pk": 4}, {"fields": {"content_type": 4, "codename": "change_group", "name": "Can change group"}, "model": "auth.permission", "pk": 5}, {"fields": {"content_type": 4, "codename": "delete_group", "name": "Can delete group"}, "model": "auth.permission", "pk": 6}, {"fields": {"content_type": 5, "codename": "add_user", "name": "Can add user"}, "model": "auth.permission", "pk": 7}, {"fields": {"content_type": 5, "codename": "change_user", "name": "Can change user"}, "model": "auth.permission", "pk": 8}, {"fields": {"content_type": 5, "codename": "delete_user", "name": "Can delete user"}, "model": "auth.permission", "pk": 9}, {"fields": {"content_type": 6, "codename": "add_contenttype", "name": "Can add content type"}, "model": "auth.permission", "pk": 10}, {"fields": {"content_type": 6, "codename": "change_contenttype", "name": "Can change content type"}, "model": "auth.permission", "pk": 11}, {"fields": {"content_type": 6, "codename": "delete_contenttype", "name": "Can delete content type"}, "model": "auth.permission", "pk": 12}, {"fields": {"content_type": 7, "codename": "add_session", "name": "Can add session"}, "model": "auth.permission", "pk": 13}, {"fields": {"content_type": 7, "codename": "change_session", "name": "Can change session"}, "model": "auth.permission", "pk": 14}, {"fields": {"content_type": 7, "codename": "delete_session", "name": "Can delete session"}, "model": "auth.permission", "pk": 15}, {"fields": {"content_type": 8, "codename": "add_logentry", "name": "Can add log entry"}, "model": "auth.permission", "pk": 16}, {"fields": {"content_type": 8, "codename": "change_logentry", "name": "Can change log entry"}, "model": "auth.permission", "pk": 17}, {"fields": {"content_type": 8, "codename": "delete_logentry", "name": "Can delete log entry"}, "model": "auth.permission", "pk": 18}, {"fields": {"content_type": 9, "codename": "add_cardtemplate", "name": "Can add card template"}, "model": "auth.permission", "pk": 19}, {"fields": {"content_type": 9, "codename": "change_cardtemplate", "name": "Can change card template"}, "model": "auth.permission", "pk": 20}, {"fields": {"content_type": 9, "codename": "delete_cardtemplate", "name": "Can delete card template"}, "model": "auth.permission", "pk": 21}, {"fields": {"content_type": 1, "codename": "add_stattemplate", "name": "Can add stat template"}, "model": "auth.permission", "pk": 22}, {"fields": {"content_type": 1, "codename": "change_stattemplate", "name": "Can change stat template"}, "model": "auth.permission", "pk": 23}, {"fields": {"content_type": 1, "codename": "delete_stattemplate", "name": "Can delete stat template"}, "model": "auth.permission", "pk": 24}, {"fields": {"content_type": 10, "codename": "add_itemtemplate", "name": "Can add item template"}, "model": "auth.permission", "pk": 25}, {"fields": {"content_type": 10, "codename": "change_itemtemplate", "name": "Can change item template"}, "model": "auth.permission", "pk": 26}, {"fields": {"content_type": 10, "codename": "delete_itemtemplate", "name": "Can delete item template"}, "model": "auth.permission", "pk": 27}, {"fields": {"content_type": 11, "codename": "add_npctemplate", "name": "Can add npc template"}, "model": "auth.permission", "pk": 28}, {"fields": {"content_type": 11, "codename": "change_npctemplate", "name": "Can change npc template"}, "model": "auth.permission", "pk": 29}, {"fields": {"content_type": 11, "codename": "delete_npctemplate", "name": "Can delete npc template"}, "model": "auth.permission", "pk": 30}, {"fields": {"content_type": 12, "codename": "add_deck", "name": "Can add deck"}, "model": "auth.permission", "pk": 31}, {"fields": {"content_type": 12, "codename": "change_deck", "name": "Can change deck"}, "model": "auth.permission", "pk": 32}, {"fields": {"content_type": 12, "codename": "delete_deck", "name": "Can delete deck"}, "model": "auth.permission", "pk": 33}, {"fields": {"content_type": 13, "codename": "add_basecard", "name": "Can add base card"}, "model": "auth.permission", "pk": 34}, {"fields": {"content_type": 13, "codename": "change_basecard", "name": "Can change base card"}, "model": "auth.permission", "pk": 35}, {"fields": {"content_type": 13, "codename": "delete_basecard", "name": "Can delete base card"}, "model": "auth.permission", "pk": 36}, {"fields": {"content_type": 14, "codename": "add_card", "name": "Can add card"}, "model": "auth.permission", "pk": 37}, {"fields": {"content_type": 14, "codename": "change_card", "name": "Can change card"}, "model": "auth.permission", "pk": 38}, {"fields": {"content_type": 14, "codename": "delete_card", "name": "Can delete card"}, "model": "auth.permission", "pk": 39}, {"fields": {"content_type": 2, "codename": "add_playercard", "name": "Can add player card"}, "model": "auth.permission", "pk": 40}, {"fields": {"content_type": 2, "codename": "change_playercard", "name": "Can change player card"}, "model": "auth.permission", "pk": 41}, {"fields": {"content_type": 2, "codename": "delete_playercard", "name": "Can delete player card"}, "model": "auth.permission", "pk": 42}, {"fields": {"content_type": 15, "codename": "add_itemcard", "name": "Can add item card"}, "model": "auth.permission", "pk": 43}, {"fields": {"content_type": 15, "codename": "change_itemcard", "name": "Can change item card"}, "model": "auth.permission", "pk": 44}, {"fields": {"content_type": 15, "codename": "delete_itemcard", "name": "Can delete item card"}, "model": "auth.permission", "pk": 45}, {"fields": {"content_type": 16, "codename": "add_npccard", "name": "Can add npc card"}, "model": "auth.permission", "pk": 46}, {"fields": {"content_type": 16, "codename": "change_npccard", "name": "Can change npc card"}, "model": "auth.permission", "pk": 47}, {"fields": {"content_type": 16, "codename": "delete_npccard", "name": "Can delete npc card"}, "model": "auth.permission", "pk": 48}, {"fields": {"content_type": 17, "codename": "add_effect", "name": "Can add effect"}, "model": "auth.permission", "pk": 49}, {"fields": {"content_type": 17, "codename": "change_effect", "name": "Can change effect"}, "model": "auth.permission", "pk": 50}, {"fields": {"content_type": 17, "codename": "delete_effect", "name": "Can delete effect"}, "model": "auth.permission", "pk": 51}, {"fields": {"content_type": 18, "codename": "add_healeffect", "name": "Can add heal effect"}, "model": "auth.permission", "pk": 52}, {"fields": {"content_type": 18, "codename": "change_healeffect", "name": "Can change heal effect"}, "model": "auth.permission", "pk": 53}, {"fields": {"content_type": 18, "codename": "delete_healeffect", "name": "Can delete heal effect"}, "model": "auth.permission", "pk": 54}, {"fields": {"content_type": 19, "codename": "add_statchangeeffect", "name": "Can add stat change effect"}, "model": "auth.permission", "pk": 55}, {"fields": {"content_type": 19, "codename": "change_statchangeeffect", "name": "Can change stat change effect"}, "model": "auth.permission", "pk": 56}, {"fields": {"content_type": 19, "codename": "delete_statchangeeffect", "name": "Can delete stat change effect"}, "model": "auth.permission", "pk": 57}, {"fields": {"content_type": 20, "codename": "add_flageffect", "name": "Can add flag effect"}, "model": "auth.permission", "pk": 58}, {"fields": {"content_type": 20, "codename": "change_flageffect", "name": "Can change flag effect"}, "model": "auth.permission", "pk": 59}, {"fields": {"content_type": 20, "codename": "delete_flageffect", "name": "Can delete flag effect"}, "model": "auth.permission", "pk": 60}, {"fields": {"content_type": 21, "codename": "add_addcardeffect", "name": "Can add add card effect"}, "model": "auth.permission", "pk": 61}, {"fields": {"content_type": 21, "codename": "change_addcardeffect", "name": "Can change add card effect"}, "model": "auth.permission", "pk": 62}, {"fields": {"content_type": 21, "codename": "delete_addcardeffect", "name": "Can delete add card effect"}, "model": "auth.permission", "pk": 63}, {"fields": {"content_type": 22, "codename": "add_keyitemeffect", "name": "Can add key item effect"}, "model": "auth.permission", "pk": 64}, {"fields": {"content_type": 22, "codename": "change_keyitemeffect", "name": "Can change key item effect"}, "model": "auth.permission", "pk": 65}, {"fields": {"content_type": 22, "codename": "delete_keyitemeffect", "name": "Can delete key item effect"}, "model": "auth.permission", "pk": 66}, {"fields": {"content_type": 23, "codename": "add_damageeffect", "name": "Can add damage effect"}, "model": "auth.permission", "pk": 67}, {"fields": {"content_type": 23, "codename": "change_damageeffect", "name": "Can change damage effect"}, "model": "auth.permission", "pk": 68}, {"fields": {"content_type": 23, "codename": "delete_damageeffect", "name": "Can delete damage effect"}, "model": "auth.permission", "pk": 69}, {"fields": {"content_type": 24, "codename": "add_effectlink", "name": "Can add effect link"}, "model": "auth.permission", "pk": 70}, {"fields": {"content_type": 24, "codename": "change_effectlink", "name": "Can change effect link"}, "model": "auth.permission", "pk": 71}, {"fields": {"content_type": 24, "codename": "delete_effectlink", "name": "Can delete effect link"}, "model": "auth.permission", "pk": 72}, {"fields": {"content_type": 25, "codename": "add_event", "name": "Can add event"}, "model": "auth.permission", "pk": 73}, {"fields": {"content_type": 25, "codename": "change_event", "name": "Can change event"}, "model": "auth.permission", "pk": 74}, {"fields": {"content_type": 25, "codename": "delete_event", "name": "Can delete event"}, "model": "auth.permission", "pk": 75}, {"fields": {"content_type": 26, "codename": "add_eventtrigger", "name": "Can add event trigger"}, "model": "auth.permission", "pk": 76}, {"fields": {"content_type": 26, "codename": "change_eventtrigger", "name": "Can change event trigger"}, "model": "auth.permission", "pk": 77}, {"fields": {"content_type": 26, "codename": "delete_eventtrigger", "name": "Can delete event trigger"}, "model": "auth.permission", "pk": 78}, {"fields": {"content_type": 27, "codename": "add_eventeffect", "name": "Can add event effect"}, "model": "auth.permission", "pk": 79}, {"fields": {"content_type": 27, "codename": "change_eventeffect", "name": "Can change event effect"}, "model": "auth.permission", "pk": 80}, {"fields": {"content_type": 27, "codename": "delete_eventeffect", "name": "Can delete event effect"}, "model": "auth.permission", "pk": 81}, {"fields": {"content_type": 28, "codename": "add_location", "name": "Can add location"}, "model": "auth.permission", "pk": 82}, {"fields": {"content_type": 28, "codename": "change_location", "name": "Can change location"}, "model": "auth.permission", "pk": 83}, {"fields": {"content_type": 28, "codename": "delete_location", "name": "Can delete location"}, "model": "auth.permission", "pk": 84}, {"fields": {"content_type": 29, "codename": "add_globaleventtrigger", "name": "Can add global event trigger"}, "model": "auth.permission", "pk": 85}, {"fields": {"content_type": 29, "codename": "change_globaleventtrigger", "name": "Can change global event trigger"}, "model": "auth.permission", "pk": 86}, {"fields": {"content_type": 29, "codename": "delete_globaleventtrigger", "name": "Can delete global event trigger"}, "model": "auth.permission", "pk": 87}, {"fields": {"content_type": 30, "codename": "add_cardstatus", "name": "Can add card status"}, "model": "auth.permission", "pk": 88}, {"fields": {"content_type": 30, "codename": "change_cardstatus", "name": "Can change card status"}, "model": "auth.permission", "pk": 89}, {"fields": {"content_type": 30, "codename": "delete_cardstatus", "name": "Can delete card status"}, "model": "auth.permission", "pk": 90}, {"fields": {"content_type": 31, "codename": "add_deckstatus", "name": "Can add deck status"}, "model": "auth.permission", "pk": 91}, {"fields": {"content_type": 31, "codename": "change_deckstatus", "name": "Can change deck status"}, "model": "auth.permission", "pk": 92}, {"fields": {"content_type": 31, "codename": "delete_deckstatus", "name": "Can delete deck status"}, "model": "auth.permission", "pk": 93}, {"fields": {"content_type": 32, "codename": "add_player", "name": "Can add player"}, "model": "auth.permission", "pk": 94}, {"fields": {"content_type": 32, "codename": "change_player", "name": "Can change player"}, "model": "auth.permission", "pk": 95}, {"fields": {"content_type": 32, "codename": "delete_player", "name": "Can delete player"}, "model": "auth.permission", "pk": 96}, {"fields": {"content_type": 33, "codename": "add_log", "name": "Can add log"}, "model": "auth.permission", "pk": 97}, {"fields": {"content_type": 33, "codename": "change_log", "name": "Can change log"}, "model": "auth.permission", "pk": 98}, {"fields": {"content_type": 33, "codename": "delete_log", "name": "Can delete log"}, "model": "auth.permission", "pk": 99}, {"fields": {"content_type": 34, "codename": "add_triggerlog", "name": "Can add trigger log"}, "model": "auth.permission", "pk": 100}, {"fields": {"content_type": 34, "codename": "change_triggerlog", "name": "Can change trigger log"}, "model": "auth.permission", "pk": 101}, {"fields": {"content_type": 34, "codename": "delete_triggerlog", "name": "Can delete trigger log"}, "model": "auth.permission", "pk": 102}, {"fields": {"content_type": 35, "codename": "add_activeevent", "name": "Can add active event"}, "model": "auth.permission", "pk": 103}, {"fields": {"content_type": 35, "codename": "change_activeevent", "name": "Can change active event"}, "model": "auth.permission", "pk": 104}, {"fields": {"content_type": 35, "codename": "delete_activeevent", "name": "Can delete active event"}, "model": "auth.permission", "pk": 105}, {"fields": {"content_type": 40, "codename": "add_keyitem", "name": "Can add key item"}, "model": "auth.permission", "pk": 118}, {"fields": {"content_type": 40, "codename": "change_keyitem", "name": "Can change key item"}, "model": "auth.permission", "pk": 119}, {"fields": {"content_type": 40, "codename": "delete_keyitem", "name": "Can delete key item"}, "model": "auth.permission", "pk": 120}, {"fields": {"content_type": 41, "codename": "add_keyiteminstance", "name": "Can add key item instance"}, "model": "auth.permission", "pk": 121}, {"fields": {"content_type": 41, "codename": "change_keyiteminstance", "name": "Can change key item instance"}, "model": "auth.permission", "pk": 122}, {"fields": {"content_type": 41, "codename": "delete_keyiteminstance", "name": "Can delete key item instance"}, "model": "auth.permission", "pk": 123}, {"fields": {"content_type": 42, "codename": "add_npc", "name": "Can add npc"}, "model": "auth.permission", "pk": 124}, {"fields": {"content_type": 42, "codename": "change_npc", "name": "Can change npc"}, "model": "auth.permission", "pk": 125}, {"fields": {"content_type": 42, "codename": "delete_npc", "name": "Can delete npc"}, "model": "auth.permission", "pk": 126}, {"fields": {"content_type": 43, "codename": "add_npcinstance", "name": "Can add npc instance"}, "model": "auth.permission", "pk": 127}, {"fields": {"content_type": 43, "codename": "change_npcinstance", "name": "Can change npc instance"}, "model": "auth.permission", "pk": 128}, {"fields": {"content_type": 43, "codename": "delete_npcinstance", "name": "Can delete npc instance"}, "model": "auth.permission", "pk": 129}, {"fields": {"content_type": 44, "codename": "add_npclink", "name": "Can add npc link"}, "model": "auth.permission", "pk": 130}, {"fields": {"content_type": 44, "codename": "change_npclink", "name": "Can change npc link"}, "model": "auth.permission", "pk": 131}, {"fields": {"content_type": 44, "codename": "delete_npclink", "name": "Can delete npc link"}, "model": "auth.permission", "pk": 132}, {"fields": {"content_type": 49, "codename": "add_flag", "name": "Can add flag"}, "model": "auth.permission", "pk": 145}, {"fields": {"content_type": 49, "codename": "change_flag", "name": "Can change flag"}, "model": "auth.permission", "pk": 146}, {"fields": {"content_type": 49, "codename": "delete_flag", "name": "Can delete flag"}, "model": "auth.permission", "pk": 147}, {"fields": {"content_type": 50, "codename": "add_flagdependency", "name": "Can add flag dependency"}, "model": "auth.permission", "pk": 148}, {"fields": {"content_type": 50, "codename": "change_flagdependency", "name": "Can change flag dependency"}, "model": "auth.permission", "pk": 149}, {"fields": {"content_type": 50, "codename": "delete_flagdependency", "name": "Can delete flag dependency"}, "model": "auth.permission", "pk": 150}, {"fields": {"content_type": 51, "codename": "add_playerflag", "name": "Can add player flag"}, "model": "auth.permission", "pk": 151}, {"fields": {"content_type": 51, "codename": "change_playerflag", "name": "Can change player flag"}, "model": "auth.permission", "pk": 152}, {"fields": {"content_type": 51, "codename": "delete_playerflag", "name": "Can delete player flag"}, "model": "auth.permission", "pk": 153}, {"fields": {"content_type": 52, "codename": "add_logflag", "name": "Can add log flag"}, "model": "auth.permission", "pk": 154}, {"fields": {"content_type": 52, "codename": "change_logflag", "name": "Can change log flag"}, "model": "auth.permission", "pk": 155}, {"fields": {"content_type": 52, "codename": "delete_logflag", "name": "Can delete log flag"}, "model": "auth.permission", "pk": 156}, {"fields": {"user_permissions": [], "is_active": true, "date_joined": "2014-09-24T06:03:56.267Z", "is_superuser": true, "email": "brown.justin.michael@gmail.com", "is_staff": true, "password": "pbkdf2_sha256$12000$JgAopSkAH1aN$jFKrm6ma6yVZ2+Ua1dImHOIXu6Ols/bdfUns7DpRJDI=", "last_name": "Brown", "groups": [], "last_login": "2015-03-26T18:40:05.877Z", "username": "justinbrown", "first_name": "Justin"}, "model": "auth.user", "pk": 1}, {"fields": {"user_permissions": [], "is_active": true, "date_joined": "2014-09-23T04:29:44Z", "is_superuser": true, "email": "Brown.Nathan.Andrew@gmail.com", "is_staff": true, "password": "pbkdf2_sha256$12000$RJubOgT7a0Kp$pq2n0N9+HUq49f80Bk75nky2NBlWX+lZAa00ixW+l+A=", "last_name": "Brown", "groups": [], "last_login": "2014-09-23T04:29:44Z", "username": "NathanBrown", "first_name": "Nathan"}, "model": "auth.user", "pk": 2}, {"fields": {"user_permissions": [], "is_active": true, "date_joined": "2014-09-23T04:31:32Z", "is_superuser": true, "email": "Allattos@gmail.com", "is_staff": true, "password": "pbkdf2_sha256$12000$BK8XF5EbsDeY$o7vwY2vNkNcc2JJEe/d0vwGXqpj2OFpwsaQrTea15Ow=", "last_name": "Thomas", "groups": [], "last_login": "2014-09-23T04:31:32Z", "username": "RichardThomas", "first_name": "Richard"}, "model": "auth.user", "pk": 3}, {"fields": {"action_time": "2015-03-26T18:40:23.998Z", "object_repr": "Dash Template 1 w/ EXP 10 in (justinbrown's Deck viewed by justinbrown)", "object_id": "4", "content_type": 30, "change_message": "", "action_flag": 3, "user": 1}, "model": "admin.logentry", "pk": 1}, {"fields": {"action_time": "2015-03-26T18:40:24.001Z", "object_repr": "Resist Template 1 w/ EXP 3 in (justinbrown's Deck viewed by justinbrown)", "object_id": "9", "content_type": 30, "change_message": "", "action_flag": 3, "user": 1}, "model": "admin.logentry", "pk": 2}, {"fields": {"action_time": "2015-03-26T18:40:24.002Z", "object_repr": "Charm Template 1 w/ EXP 9 in (justinbrown's Deck viewed by justinbrown)", "object_id": "8", "content_type": 30, "change_message": "", "action_flag": 3, "user": 1}, "model": "admin.logentry", "pk": 3}, {"fields": {"action_time": "2015-03-26T18:40:24.003Z", "object_repr": "Force Template 3 w/ EXP 5 in (justinbrown's Deck viewed by justinbrown)", "object_id": "3", "content_type": 30, "change_message": "", "action_flag": 3, "user": 1}, "model": "admin.logentry", "pk": 4}, {"fields": {"action_time": "2015-03-26T18:40:24.004Z", "object_repr": "Force Template 2 w/ EXP 6 in (justinbrown's Deck viewed by justinbrown)", "object_id": "2", "content_type": 30, "change_message": "", "action_flag": 3, "user": 1}, "model": "admin.logentry", "pk": 5}, {"fields": {"action_time": "2015-03-26T18:40:24.005Z", "object_repr": "Dash Template 2 w/ EXP 8 in (justinbrown's Deck viewed by justinbrown)", "object_id": "5", "content_type": 30, "change_message": "", "action_flag": 3, "user": 1}, "model": "admin.logentry", "pk": 6}, {"fields": {"action_time": "2015-03-26T18:40:24.006Z", "object_repr": "Resist Template 1 w/ EXP 3 in (justinbrown's Deck viewed by justinbrown)", "object_id": "6", "content_type": 30, "change_message": "", "action_flag": 3, "user": 1}, "model": "admin.logentry", "pk": 7}, {"fields": {"action_time": "2015-03-26T18:40:24.007Z", "object_repr": "Force Template 1 w/ EXP 8 in (justinbrown's Deck viewed by justinbrown)", "object_id": "1", "content_type": 30, "change_message": "", "action_flag": 3, "user": 1}, "model": "admin.logentry", "pk": 8}, {"fields": {"action_time": "2015-03-26T18:40:24.008Z", "object_repr": "Resist Template 2 w/ EXP 6 in (justinbrown's Deck viewed by justinbrown)", "object_id": "7", "content_type": 30, "change_message": "", "action_flag": 3, "user": 1}, "model": "admin.logentry", "pk": 9}, {"fields": {"action_time": "2015-03-26T18:40:32.694Z", "object_repr": "justinbrown's Deck viewed by justinbrown", "object_id": "1", "content_type": 31, "change_message": "", "action_flag": 3, "user": 1}, "model": "admin.logentry", "pk": 10}, {"fields": {"action_time": "2015-03-26T19:13:27.452Z", "object_repr": "Photo of Mistress", "object_id": "1", "content_type": 40, "change_message": "", "action_flag": 1, "user": 1}, "model": "admin.logentry", "pk": 13}, {"fields": {"action_time": "2015-03-26T19:13:35.387Z", "object_repr": "Incriminating Documents", "object_id": "2", "content_type": 40, "change_message": "", "action_flag": 1, "user": 1}, "model": "admin.logentry", "pk": 14}, {"fields": {"action_time": "2015-03-26T19:14:28.695Z", "object_repr": "Reveal Affair", "object_id": "7", "content_type": 17, "change_message": "", "action_flag": 3, "user": 1}, "model": "admin.logentry", "pk": 15}, {"fields": {"action_time": "2015-03-26T19:14:28.697Z", "object_repr": "Break In", "object_id": "5", "content_type": 17, "change_message": "", "action_flag": 3, "user": 1}, "model": "admin.logentry", "pk": 16}, {"fields": {"action_time": "2015-03-26T19:14:28.698Z", "object_repr": "Damage x1", "object_id": "4", "content_type": 17, "change_message": "", "action_flag": 3, "user": 1}, "model": "admin.logentry", "pk": 17}, {"fields": {"action_time": "2015-03-26T19:14:28.699Z", "object_repr": "Steve Unconscious", "object_id": "3", "content_type": 17, "change_message": "", "action_flag": 3, "user": 1}, "model": "admin.logentry", "pk": 18}, {"fields": {"action_time": "2015-03-26T19:14:28.700Z", "object_repr": "Steve Departs", "object_id": "2", "content_type": 17, "change_message": "", "action_flag": 3, "user": 1}, "model": "admin.logentry", "pk": 19}, {"fields": {"action_time": "2015-03-26T19:14:28.701Z", "object_repr": "Steve Arrives", "object_id": "1", "content_type": 17, "change_message": "", "action_flag": 3, "user": 1}, "model": "admin.logentry", "pk": 20}, {"fields": {"action_time": "2015-03-26T19:14:34.741Z", "object_repr": "Photo of the Mistress", "object_id": "8", "content_type": 17, "change_message": "", "action_flag": 3, "user": 1}, "model": "admin.logentry", "pk": 21}, {"fields": {"action_time": "2015-03-26T19:14:34.743Z", "object_repr": "Incriminating Documents", "object_id": "6", "content_type": 17, "change_message": "", "action_flag": 3, "user": 1}, "model": "admin.logentry", "pk": 22}, {"fields": {"action_time": "2015-03-26T19:16:28.340Z", "object_repr": "Effect: Add Photo of Mistress", "object_id": "9", "content_type": 22, "change_message": "", "action_flag": 1, "user": 1}, "model": "admin.logentry", "pk": 23}, {"fields": {"action_time": "2015-03-26T19:16:53.377Z", "object_repr": "Effect: Add Incriminating Documents", "object_id": "10", "content_type": 22, "change_message": "", "action_flag": 1, "user": 1}, "model": "admin.logentry", "pk": 24}, {"fields": {"action_time": "2015-03-26T19:16:55.683Z", "object_repr": "Incriminating Documents", "object_id": "14", "content_type": 25, "change_message": "Added event effect \"EventEffect object\".", "action_flag": 2, "user": 1}, "model": "admin.logentry", "pk": 25}, {"fields": {"action_time": "2015-03-26T19:17:21.391Z", "object_repr": "Effect: steve_home -> 0", "object_id": "11", "content_type": 20, "change_message": "", "action_flag": 1, "user": 1}, "model": "admin.logentry", "pk": 26}, {"fields": {"action_time": "2015-03-26T19:17:30.565Z", "object_repr": "Steve Departs", "object_id": "5", "content_type": 25, "change_message": "Added event effect \"EventEffect object\".", "action_flag": 2, "user": 1}, "model": "admin.logentry", "pk": 27}, {"fields": {"action_time": "2015-03-26T19:17:58.632Z", "object_repr": "Effect: steve_home -> 1", "object_id": "12", "content_type": 20, "change_message": "", "action_flag": 1, "user": 1}, "model": "admin.logentry", "pk": 28}, {"fields": {"action_time": "2015-03-26T19:18:01.687Z", "object_repr": "Steve Arrives", "object_id": "4", "content_type": 25, "change_message": "Added event effect \"EventEffect object\".", "action_flag": 2, "user": 1}, "model": "admin.logentry", "pk": 29}, {"fields": {"action_time": "2015-03-26T19:18:37.428Z", "object_repr": "Effect: break_in -> 1", "object_id": "13", "content_type": 20, "change_message": "", "action_flag": 1, "user": 1}, "model": "admin.logentry", "pk": 31}, {"fields": {"action_time": "2015-03-26T19:18:39.283Z", "object_repr": "Break into Sitting Room", "object_id": "12", "content_type": 25, "change_message": "Added event effect \"EventEffect object\".", "action_flag": 2, "user": 1}, "model": "admin.logentry", "pk": 32}, {"fields": {"action_time": "2015-03-26T19:19:24.163Z", "object_repr": "Effect: affair_revealed -> 0", "object_id": "14", "content_type": 20, "change_message": "", "action_flag": 1, "user": 1}, "model": "admin.logentry", "pk": 34}, {"fields": {"action_time": "2015-03-26T19:19:26.323Z", "object_repr": "Confessions", "object_id": "21", "content_type": 25, "change_message": "Added event effect \"EventEffect object\".", "action_flag": 2, "user": 1}, "model": "admin.logentry", "pk": 35}, {"fields": {"action_time": "2015-03-26T19:19:39.214Z", "object_repr": "Break into Bedroom", "object_id": "11", "content_type": 25, "change_message": "Added event effect \"EventEffect object\".", "action_flag": 2, "user": 1}, "model": "admin.logentry", "pk": 36}, {"fields": {"dash": 2, "charm": 1, "resist": 2, "deck": 1, "wisdom": 0, "money": 0, "force": 3, "power": 0, "user": 1}, "model": "accounts.player", "pk": 1}, {"fields": {"dash": 2, "charm": 1, "resist": 2, "deck": 2, "wisdom": 0, "money": 0, "force": 3, "power": 0, "user": 2}, "model": "accounts.player", "pk": 2}, {"fields": {"dash": 2, "charm": 1, "resist": 2, "deck": 3, "wisdom": 0, "money": 0, "force": 3, "power": 0, "user": 3}, "model": "accounts.player", "pk": 3}]