[{"fields": {"name": "stat template", "app_label": "cards", "model": "stattemplate"}, "model": "contenttypes.contenttype", "pk": 1}, {"fields": {"name": "player card", "app_label": "cards", "model": "playercard"}, "model": "contenttypes.contenttype", "pk": 2}, {"fields": {"name": "permission", "app_label": "auth", "model": "permission"}, "model": "contenttypes.contenttype", "pk": 3}, {"fields": {"name": "group", "app_label": "auth", "model": "group"}, "model": "contenttypes.contenttype", "pk": 4}, {"fields": {"name": "user", "app_label": "auth", "model": "user"}, "model": "contenttypes.contenttype", "pk": 5}, {"fields": {"name": "content type", "app_label": "contenttypes", "model": "contenttype"}, "model": "contenttypes.contenttype", "pk": 6}, {"fields": {"name": "session", "app_label": "sessions", "model": "session"}, "model": "contenttypes.contenttype", "pk": 7}, {"fields": {"name": "log entry", "app_label": "admin", "model": "logentry"}, "model": "contenttypes.contenttype", "pk": 8}, {"fields": {"name": "card template", "app_label": "cards", "model": "cardtemplate"}, "model": "contenttypes.contenttype", "pk": 9}, {"fields": {"name": "item template", "app_label": "cards", "model": "itemtemplate"}, "model": "contenttypes.contenttype", "pk": 10}, {"fields": {"name": "npc template", "app_label": "cards", "model": "npctemplate"}, "model": "contenttypes.contenttype", "pk": 11}, {"fields": {"name": "deck", "app_label": "cards", "model": "deck"}, "model": "contenttypes.contenttype", "pk": 12}, {"fields": {"name": "base card", "app_label": "cards", "model": "basecard"}, "model": "contenttypes.contenttype", "pk": 13}, {"fields": {"name": "card", "app_label": "cards", "model": "card"}, "model": "contenttypes.contenttype", "pk": 14}, {"fields": {"name": "item card", "app_label": "cards", "model": "itemcard"}, "model": "contenttypes.contenttype", "pk": 15}, {"fields": {"name": "npc card", "app_label": "cards", "model": "npccard"}, "model": "contenttypes.contenttype", "pk": 16}, {"fields": {"name": "effect", "app_label": "cards", "model": "effect"}, "model": "contenttypes.contenttype", "pk": 17}, {"fields": {"name": "heal effect", "app_label": "cards", "model": "healeffect"}, "model": "contenttypes.contenttype", "pk": 18}, {"fields": {"name": "stat change effect", "app_label": "cards", "model": "statchangeeffect"}, "model": "contenttypes.contenttype", "pk": 19}, {"fields": {"name": "flag effect", "app_label": "cards", "model": "flageffect"}, "model": "contenttypes.contenttype", "pk": 20}, {"fields": {"name": "add card effect", "app_label": "cards", "model": "addcardeffect"}, "model": "contenttypes.contenttype", "pk": 21}, {"fields": {"name": "key item effect", "app_label": "cards", "model": "keyitemeffect"}, "model": "contenttypes.contenttype", "pk": 22}, {"fields": {"name": "effect link", "app_label": "cards", "model": "effectlink"}, "model": "contenttypes.contenttype", "pk": 23}, {"fields": {"name": "event", "app_label": "events", "model": "event"}, "model": "contenttypes.contenttype", "pk": 24}, {"fields": {"name": "event trigger", "app_label": "events", "model": "eventtrigger"}, "model": "contenttypes.contenttype", "pk": 25}, {"fields": {"name": "event effect", "app_label": "events", "model": "eventeffect"}, "model": "contenttypes.contenttype", "pk": 26}, {"fields": {"name": "location", "app_label": "locations", "model": "location"}, "model": "contenttypes.contenttype", "pk": 27}, {"fields": {"name": "global event trigger", "app_label": "locations", "model": "globaleventtrigger"}, "model": "contenttypes.contenttype", "pk": 28}, {"fields": {"name": "card status", "app_label": "accounts", "model": "cardstatus"}, "model": "contenttypes.contenttype", "pk": 29}, {"fields": {"name": "deck status", "app_label": "accounts", "model": "deckstatus"}, "model": "contenttypes.contenttype", "pk": 30}, {"fields": {"name": "player", "app_label": "accounts", "model": "player"}, "model": "contenttypes.contenttype", "pk": 31}, {"fields": {"name": "log", "app_label": "accounts", "model": "log"}, "model": "contenttypes.contenttype", "pk": 32}, {"fields": {"name": "trigger log", "app_label": "accounts", "model": "triggerlog"}, "model": "contenttypes.contenttype", "pk": 33}, {"fields": {"name": "active event", "app_label": "accounts", "model": "activeevent"}, "model": "contenttypes.contenttype", "pk": 34}, {"fields": {"name": "flag", "app_label": "accounts", "model": "flag"}, "model": "contenttypes.contenttype", "pk": 35}, {"fields": {"name": "player flag", "app_label": "accounts", "model": "playerflag"}, "model": "contenttypes.contenttype", "pk": 36}, {"fields": {"name": "log flag", "app_label": "accounts", "model": "logflag"}, "model": "contenttypes.contenttype", "pk": 37}, {"fields": {"name": "key item", "app_label": "accounts", "model": "keyitem"}, "model": "contenttypes.contenttype", "pk": 38}, {"fields": {"name": "key item instance", "app_label": "accounts", "model": "keyiteminstance"}, "model": "contenttypes.contenttype", "pk": 39}, {"fields": {"name": "npc", "app_label": "npcs", "model": "npc"}, "model": "contenttypes.contenttype", "pk": 40}, {"fields": {"name": "npc instance", "app_label": "npcs", "model": "npcinstance"}, "model": "contenttypes.contenttype", "pk": 41}, {"fields": {"name": "npc link", "app_label": "npcs", "model": "npclink"}, "model": "contenttypes.contenttype", "pk": 42}, {"fields": {"name": "damage effect", "app_label": "cards", "model": "damageeffect"}, "model": "contenttypes.contenttype", "pk": 43}, {"fields": {"name": "flag dependency", "app_label": "accounts", "model": "flagdependency"}, "model": "contenttypes.contenttype", "pk": 44}, {"fields": {"session_data": "MmM2ZDI5NzEwZTVmNjQ5ZTJkODY5YmFkNDM2ZTE3ZmUyMDIyMjJjZTp7Il9hdXRoX3VzZXJfYmFja2VuZCI6ImRqYW5nby5jb250cmliLmF1dGguYmFja2VuZHMuTW9kZWxCYWNrZW5kIiwiX2F1dGhfdXNlcl9pZCI6MSwiX21lc3NhZ2VzIjoiW1tcIl9fanNvbl9tZXNzYWdlXCIsMCwyNSxcIlRoZSBwbGF5ZXIgXFxcImp1c3RpbmJyb3duJ3MgUHJvZmlsZVxcXCIgd2FzIGNoYW5nZWQgc3VjY2Vzc2Z1bGx5LlwiXSxbXCJfX2pzb25fbWVzc2FnZVwiLDAsMjUsXCJUaGUgZGVjayBzdGF0dXMgXFxcImp1c3RpbmJyb3duJ3MgRGVjayB2aWV3ZWQgYnkganVzdGluYnJvd25cXFwiIHdhcyBjaGFuZ2VkIHN1Y2Nlc3NmdWxseS5cIl0sW1wiX19qc29uX21lc3NhZ2VcIiwwLDI1LFwiU3VjY2Vzc2Z1bGx5IGRlbGV0ZWQgMTMgYWN0aXZlIGV2ZW50cy5cIl0sW1wiX19qc29uX21lc3NhZ2VcIiwwLDI1LFwiU3VjY2Vzc2Z1bGx5IGRlbGV0ZWQgMTAgYWN0aXZlIGV2ZW50cy5cIl0sW1wiX19qc29uX21lc3NhZ2VcIiwwLDI1LFwiVGhlIGV2ZW50IFxcXCJCcmVhayBpbnRvIFNpdHRpbmcgUm9vbVxcXCIgd2FzIGNoYW5nZWQgc3VjY2Vzc2Z1bGx5LlwiXSxbXCJfX2pzb25fbWVzc2FnZVwiLDAsMjUsXCJTdWNjZXNzZnVsbHkgZGVsZXRlZCAyNCBhY3RpdmUgZXZlbnRzLlwiXSxbXCJfX2pzb25fbWVzc2FnZVwiLDAsMjUsXCJUaGUgZXZlbnQgXFxcIkNoaWVmIFNpdHRpbmcgUm9vbVxcXCIgd2FzIGNoYW5nZWQgc3VjY2Vzc2Z1bGx5LlwiXSxbXCJfX2pzb25fbWVzc2FnZVwiLDAsMjUsXCJTdWNjZXNzZnVsbHkgZGVsZXRlZCAxIGRlY2sgc3RhdHVzLlwiXSxbXCJfX2pzb25fbWVzc2FnZVwiLDAsMjUsXCJUaGUgZXZlbnQgXFxcIkNoaWVmIFNpdHRpbmcgUm9vbVxcXCIgd2FzIGNoYW5nZWQgc3VjY2Vzc2Z1bGx5LlwiXSxbXCJfX2pzb25fbWVzc2FnZVwiLDAsMjUsXCJUaGUgZmxhZyBcXFwic3RldmVfaG9tZVxcXCIgd2FzIGNoYW5nZWQgc3VjY2Vzc2Z1bGx5LlwiXSxbXCJfX2pzb25fbWVzc2FnZVwiLDAsMjUsXCJUaGUgcGxheWVyIFxcXCJqdXN0aW5icm93bidzIFByb2ZpbGVcXFwiIHdhcyBjaGFuZ2VkIHN1Y2Nlc3NmdWxseS5cIl0sW1wiX19qc29uX21lc3NhZ2VcIiwwLDI1LFwiVGhlIGV2ZW50IFxcXCJQcm9zcGVjdCBIZWlnaHRzXFxcIiB3YXMgY2hhbmdlZCBzdWNjZXNzZnVsbHkuXCJdLFtcIl9fanNvbl9tZXNzYWdlXCIsMCwyNSxcIlRoZSBldmVudCBcXFwiQ2hpZWYgU2l0dGluZyBSb29tXFxcIiB3YXMgY2hhbmdlZCBzdWNjZXNzZnVsbHkuXCJdLFtcIl9fanNvbl9tZXNzYWdlXCIsMCwyNSxcIlRoZSBldmVudCBcXFwiSGVhcnQgdG8gSGVhcnRcXFwiIHdhcyBjaGFuZ2VkIHN1Y2Nlc3NmdWxseS4gWW91IG1heSBlZGl0IGl0IGFnYWluIGJlbG93LlwiXSxbXCJfX2pzb25fbWVzc2FnZVwiLDAsMjUsXCJUaGUgZXZlbnQgXFxcIkhlYXJ0IHRvIEhlYXJ0XFxcIiB3YXMgY2hhbmdlZCBzdWNjZXNzZnVsbHkuXCJdLFtcIl9fanNvbl9tZXNzYWdlXCIsMCwyNSxcIlRoZSBldmVudCBcXFwiSGVhcnQgdG8gSGVhcnRcXFwiIHdhcyBjaGFuZ2VkIHN1Y2Nlc3NmdWxseS5cIl0sW1wiX19qc29uX21lc3NhZ2VcIiwwLDI1LFwiVGhlIGV2ZW50IFxcXCJIZWFydCB0byBIZWFydFxcXCIgd2FzIGNoYW5nZWQgc3VjY2Vzc2Z1bGx5LlwiXSxbXCJfX2pzb25fbWVzc2FnZVwiLDAsMjUsXCJUaGUgZXZlbnQgXFxcIkNvbmZlc3Npb25zXFxcIiB3YXMgY2hhbmdlZCBzdWNjZXNzZnVsbHkuXCJdLFtcIl9fanNvbl9tZXNzYWdlXCIsMCwyNSxcIlRoZSBldmVudCBcXFwiQm9va2Nhc2VcXFwiIHdhcyBjaGFuZ2VkIHN1Y2Nlc3NmdWxseS5cIl0sW1wiX19qc29uX21lc3NhZ2VcIiwwLDI1LFwiVGhlIGRlY2sgXFxcIkRlY2sgYXQgQm9va2Nhc2VcXFwiIHdhcyBjaGFuZ2VkIHN1Y2Nlc3NmdWxseS5cIl0sW1wiX19qc29uX21lc3NhZ2VcIiwwLDI1LFwiVGhlIGV2ZW50IFxcXCJJbmNyaW1pbmF0aW5nIERvY3VtZW50c1xcXCIgd2FzIGNoYW5nZWQgc3VjY2Vzc2Z1bGx5LlwiXSxbXCJfX2pzb25fbWVzc2FnZVwiLDAsMjUsXCJUaGUgZXZlbnQgXFxcIkJvb2tjYXNlXFxcIiB3YXMgY2hhbmdlZCBzdWNjZXNzZnVsbHkuXCJdLFtcIl9fanNvbl9tZXNzYWdlXCIsMCwyNSxcIlRoZSBldmVudCBcXFwiQ29uZmVzc2lvbnNcXFwiIHdhcyBjaGFuZ2VkIHN1Y2Nlc3NmdWxseS5cIl0sW1wiX19qc29uX21lc3NhZ2VcIiwwLDI1LFwiVGhlIGV2ZW50IFxcXCJDaGllZiBCZWRyb29tXFxcIiB3YXMgY2hhbmdlZCBzdWNjZXNzZnVsbHkuXCJdLFtcIl9fanNvbl9tZXNzYWdlXCIsMCwyNSxcIlRoZSBldmVudCBcXFwiSW5jcmltaW5hdGluZyBEb2N1bWVudHNcXFwiIHdhcyBjaGFuZ2VkIHN1Y2Nlc3NmdWxseS5cIl0sW1wiX19qc29uX21lc3NhZ2VcIiwwLDI1LFwiVGhlIGV2ZW50IFxcXCJDb25mZXNzaW9uc1xcXCIgd2FzIGNoYW5nZWQgc3VjY2Vzc2Z1bGx5LlwiXSxbXCJfX2pzb25fbWVzc2FnZVwiLDAsMjUsXCJUaGUgZXZlbnQgXFxcIkNvbmZlc3Npb25zXFxcIiB3YXMgY2hhbmdlZCBzdWNjZXNzZnVsbHkuXCJdXSIsIl9hdXRoX3VzZXJfaGFzaCI6IjYyZmRjZDQ2YzNhNTczOWUzMjBkYmM4NjgyOTdmZTlkZjEyNjRjNjMifQ==", "expire_date": "2015-04-09T17:45:35.235Z"}, "model": "sessions.session", "pk": "maoneaiw3l0t92z1y5pjcauz78zqg6kh"}, {"fields": {"name": "Force", "requiresTarget": false, "polymorphic_ctype": 1}, "model": "cards.cardtemplate", "pk": 1}, {"fields": {"name": "Dash", "requiresTarget": false, "polymorphic_ctype": 1}, "model": "cards.cardtemplate", "pk": 2}, {"fields": {"name": "Resist", "requiresTarget": false, "polymorphic_ctype": 1}, "model": "cards.cardtemplate", "pk": 3}, {"fields": {"name": "Charm", "requiresTarget": false, "polymorphic_ctype": 1}, "model": "cards.cardtemplate", "pk": 4}, {"fields": {"name": "Wisdom", "requiresTarget": false, "polymorphic_ctype": 1}, "model": "cards.cardtemplate", "pk": 5}, {"fields": {"name": "Power", "requiresTarget": false, "polymorphic_ctype": 1}, "model": "cards.cardtemplate", "pk": 6}, {"fields": {"name": "Carmell House", "requiresTarget": false, "polymorphic_ctype": 11}, "model": "cards.cardtemplate", "pk": 7}, {"fields": {"name": "Steve Carmell", "requiresTarget": false, "polymorphic_ctype": 11}, "model": "cards.cardtemplate", "pk": 8}, {"fields": {"name": "Bookcase", "requiresTarget": false, "polymorphic_ctype": 11}, "model": "cards.cardtemplate", "pk": 9}, {"fields": {"name": "Renee Lilac", "requiresTarget": false, "polymorphic_ctype": 11}, "model": "cards.cardtemplate", "pk": 10}, {"fields": {"name": "Ask", "requiresTarget": false, "polymorphic_ctype": 9}, "model": "cards.cardtemplate", "pk": 11}, {"fields": {"name": "Leave", "requiresTarget": false, "polymorphic_ctype": 9}, "model": "cards.cardtemplate", "pk": 12}, {"fields": {"name": "Blank", "requiresTarget": false, "polymorphic_ctype": 9}, "model": "cards.cardtemplate", "pk": 13}, {"fields": {"name": "Reassure", "requiresTarget": false, "polymorphic_ctype": 9}, "model": "cards.cardtemplate", "pk": 14}, {"fields": {"statistic": "force"}, "model": "cards.stattemplate", "pk": 1}, {"fields": {"statistic": "dash"}, "model": "cards.stattemplate", "pk": 2}, {"fields": {"statistic": "resist"}, "model": "cards.stattemplate", "pk": 3}, {"fields": {"statistic": "charm"}, "model": "cards.stattemplate", "pk": 4}, {"fields": {"statistic": "wisdom"}, "model": "cards.stattemplate", "pk": 5}, {"fields": {"statistic": "power"}, "model": "cards.stattemplate", "pk": 6}, {"fields": {"npc": 1}, "model": "cards.npctemplate", "pk": 7}, {"fields": {"npc": 2}, "model": "cards.npctemplate", "pk": 8}, {"fields": {"npc": 3}, "model": "cards.npctemplate", "pk": 9}, {"fields": {"npc": 4}, "model": "cards.npctemplate", "pk": 10}, {"fields": {}, "model": "cards.deck", "pk": 1}, {"fields": {}, "model": "cards.deck", "pk": 2}, {"fields": {}, "model": "cards.deck", "pk": 3}, {"fields": {}, "model": "cards.deck", "pk": 8}, {"fields": {}, "model": "cards.deck", "pk": 9}, {"fields": {}, "model": "cards.deck", "pk": 10}, {"fields": {}, "model": "cards.deck", "pk": 11}, {"fields": {}, "model": "cards.deck", "pk": 12}, {"fields": {}, "model": "cards.deck", "pk": 13}, {"fields": {}, "model": "cards.deck", "pk": 14}, {"fields": {}, "model": "cards.deck", "pk": 15}, {"fields": {}, "model": "cards.deck", "pk": 16}, {"fields": {}, "model": "cards.deck", "pk": 17}, {"fields": {}, "model": "cards.deck", "pk": 18}, {"fields": {}, "model": "cards.deck", "pk": 19}, {"fields": {}, "model": "cards.deck", "pk": 20}, {"fields": {}, "model": "cards.deck", "pk": 21}, {"fields": {}, "model": "cards.deck", "pk": 22}, {"fields": {"deck": 1, "name": "Force Template", "modifier": 1, "polymorphic_ctype": 2, "description": null}, "model": "cards.basecard", "pk": 1}, {"fields": {"deck": 1, "name": "Force Template", "modifier": 2, "polymorphic_ctype": 2, "description": null}, "model": "cards.basecard", "pk": 2}, {"fields": {"deck": 1, "name": "Force Template", "modifier": 3, "polymorphic_ctype": 2, "description": null}, "model": "cards.basecard", "pk": 3}, {"fields": {"deck": 1, "name": "Dash Template", "modifier": 1, "polymorphic_ctype": 2, "description": null}, "model": "cards.basecard", "pk": 4}, {"fields": {"deck": 1, "name": "Dash Template", "modifier": 2, "polymorphic_ctype": 2, "description": null}, "model": "cards.basecard", "pk": 5}, {"fields": {"deck": 1, "name": "Resist Template", "modifier": 1, "polymorphic_ctype": 2, "description": null}, "model": "cards.basecard", "pk": 6}, {"fields": {"deck": 1, "name": "Resist Template", "modifier": 2, "polymorphic_ctype": 2, "description": null}, "model": "cards.basecard", "pk": 7}, {"fields": {"deck": 1, "name": "Charm Template", "modifier": 1, "polymorphic_ctype": 2, "description": null}, "model": "cards.basecard", "pk": 8}, {"fields": {"deck": 2, "name": "", "modifier": 1, "polymorphic_ctype": 2, "description": null}, "model": "cards.basecard", "pk": 9}, {"fields": {"deck": 2, "name": "", "modifier": 2, "polymorphic_ctype": 2, "description": null}, "model": "cards.basecard", "pk": 10}, {"fields": {"deck": 2, "name": "", "modifier": 3, "polymorphic_ctype": 2, "description": null}, "model": "cards.basecard", "pk": 11}, {"fields": {"deck": 2, "name": "", "modifier": 1, "polymorphic_ctype": 2, "description": null}, "model": "cards.basecard", "pk": 12}, {"fields": {"deck": 2, "name": "", "modifier": 2, "polymorphic_ctype": 2, "description": null}, "model": "cards.basecard", "pk": 13}, {"fields": {"deck": 2, "name": "", "modifier": 1, "polymorphic_ctype": 2, "description": null}, "model": "cards.basecard", "pk": 14}, {"fields": {"deck": 2, "name": "", "modifier": 2, "polymorphic_ctype": 2, "description": null}, "model": "cards.basecard", "pk": 15}, {"fields": {"deck": 2, "name": "", "modifier": 1, "polymorphic_ctype": 2, "description": null}, "model": "cards.basecard", "pk": 16}, {"fields": {"deck": 3, "name": "", "modifier": 1, "polymorphic_ctype": 2, "description": null}, "model": "cards.basecard", "pk": 17}, {"fields": {"deck": 3, "name": "", "modifier": 2, "polymorphic_ctype": 2, "description": null}, "model": "cards.basecard", "pk": 18}, {"fields": {"deck": 3, "name": "", "modifier": 3, "polymorphic_ctype": 2, "description": null}, "model": "cards.basecard", "pk": 19}, {"fields": {"deck": 3, "name": "", "modifier": 1, "polymorphic_ctype": 2, "description": null}, "model": "cards.basecard", "pk": 20}, {"fields": {"deck": 3, "name": "", "modifier": 2, "polymorphic_ctype": 2, "description": null}, "model": "cards.basecard", "pk": 21}, {"fields": {"deck": 3, "name": "", "modifier": 1, "polymorphic_ctype": 2, "description": null}, "model": "cards.basecard", "pk": 22}, {"fields": {"deck": 3, "name": "", "modifier": 2, "polymorphic_ctype": 2, "description": null}, "model": "cards.basecard", "pk": 23}, {"fields": {"deck": 3, "name": "", "modifier": 1, "polymorphic_ctype": 2, "description": null}, "model": "cards.basecard", "pk": 24}, {"fields": {"deck": null, "name": "Carmell House Template", "modifier": 0, "polymorphic_ctype": 16, "description": ""}, "model": "cards.basecard", "pk": 25}, {"fields": {"deck": 8, "name": "Blank Template", "modifier": 0, "polymorphic_ctype": 14, "description": ""}, "model": "cards.basecard", "pk": 26}, {"fields": {"deck": 8, "name": "Blank Template", "modifier": 0, "polymorphic_ctype": 14, "description": ""}, "model": "cards.basecard", "pk": 32}, {"fields": {"deck": 8, "name": "Blank Template", "modifier": 0, "polymorphic_ctype": 14, "description": ""}, "model": "cards.basecard", "pk": 33}, {"fields": {"deck": 8, "name": "Carmell House Template", "modifier": 1, "polymorphic_ctype": 16, "description": ""}, "model": "cards.basecard", "pk": 34}, {"fields": {"deck": 8, "name": "Carmell House Template", "modifier": 1, "polymorphic_ctype": 16, "description": ""}, "model": "cards.basecard", "pk": 35}, {"fields": {"deck": 9, "name": "Force Template", "modifier": 1, "polymorphic_ctype": 2, "description": ""}, "model": "cards.basecard", "pk": 36}, {"fields": {"deck": 9, "name": "Dash Template", "modifier": 1, "polymorphic_ctype": 2, "description": ""}, "model": "cards.basecard", "pk": 37}, {"fields": {"deck": 9, "name": "Resist Template", "modifier": 1, "polymorphic_ctype": 2, "description": ""}, "model": "cards.basecard", "pk": 38}, {"fields": {"deck": 9, "name": "Resist Template", "modifier": 2, "polymorphic_ctype": 2, "description": ""}, "model": "cards.basecard", "pk": 39}, {"fields": {"deck": 10, "name": "Blank Template", "modifier": 0, "polymorphic_ctype": 14, "description": ""}, "model": "cards.basecard", "pk": 40}, {"fields": {"deck": 10, "name": "Blank Template", "modifier": 0, "polymorphic_ctype": 14, "description": ""}, "model": "cards.basecard", "pk": 41}, {"fields": {"deck": 10, "name": "Blank Template", "modifier": 0, "polymorphic_ctype": 14, "description": ""}, "model": "cards.basecard", "pk": 42}, {"fields": {"deck": 10, "name": "Bookcase Template", "modifier": 0, "polymorphic_ctype": 16, "description": ""}, "model": "cards.basecard", "pk": 43}, {"fields": {"deck": 10, "name": "Bookcase Template", "modifier": 0, "polymorphic_ctype": 16, "description": ""}, "model": "cards.basecard", "pk": 44}, {"fields": {"deck": 12, "name": "Blank Template", "modifier": 0, "polymorphic_ctype": 14, "description": ""}, "model": "cards.basecard", "pk": 45}, {"fields": {"deck": 12, "name": "Blank Template", "modifier": 0, "polymorphic_ctype": 14, "description": ""}, "model": "cards.basecard", "pk": 46}, {"fields": {"deck": 12, "name": "Blank Template", "modifier": 0, "polymorphic_ctype": 14, "description": ""}, "model": "cards.basecard", "pk": 47}, {"fields": {"deck": 12, "name": "Carmell House Template", "modifier": 1, "polymorphic_ctype": 16, "description": ""}, "model": "cards.basecard", "pk": 48}, {"fields": {"deck": 12, "name": "Carmell House Template", "modifier": 1, "polymorphic_ctype": 16, "description": ""}, "model": "cards.basecard", "pk": 49}, {"fields": {"deck": 12, "name": "Carmell House Template", "modifier": 1, "polymorphic_ctype": 16, "description": ""}, "model": "cards.basecard", "pk": 50}, {"fields": {"deck": 13, "name": "Blank Template", "modifier": 0, "polymorphic_ctype": 14, "description": ""}, "model": "cards.basecard", "pk": 51}, {"fields": {"deck": 13, "name": "Blank Template", "modifier": 0, "polymorphic_ctype": 14, "description": ""}, "model": "cards.basecard", "pk": 52}, {"fields": {"deck": 13, "name": "Blank Template", "modifier": 0, "polymorphic_ctype": 14, "description": ""}, "model": "cards.basecard", "pk": 53}, {"fields": {"deck": 13, "name": "Carmell House Template", "modifier": 1, "polymorphic_ctype": 16, "description": ""}, "model": "cards.basecard", "pk": 54}, {"fields": {"deck": 13, "name": "Carmell House Template", "modifier": 1, "polymorphic_ctype": 16, "description": ""}, "model": "cards.basecard", "pk": 55}, {"fields": {"deck": 13, "name": "Carmell House Template", "modifier": 1, "polymorphic_ctype": 16, "description": ""}, "model": "cards.basecard", "pk": 56}, {"fields": {"deck": 16, "name": "Carmell House Template", "modifier": 0, "polymorphic_ctype": 16, "description": ""}, "model": "cards.basecard", "pk": 57}, {"fields": {"deck": null, "name": "Steve Carmell Template", "modifier": 0, "polymorphic_ctype": 16, "description": null}, "model": "cards.basecard", "pk": 69}, {"fields": {"deck": null, "name": "Steve Carmell Template", "modifier": 0, "polymorphic_ctype": 16, "description": null}, "model": "cards.basecard", "pk": 70}, {"fields": {"deck": null, "name": "Renee Lilac Template", "modifier": 0, "polymorphic_ctype": 16, "description": null}, "model": "cards.basecard", "pk": 71}, {"fields": {"deck": null, "name": "Bookcase Template", "modifier": 0, "polymorphic_ctype": 16, "description": null}, "model": "cards.basecard", "pk": 72}, {"fields": {"deck": null, "name": "Carmell House Template", "modifier": 0, "polymorphic_ctype": 16, "description": null}, "model": "cards.basecard", "pk": 73}, {"fields": {"deck": 17, "name": "Ask Template", "modifier": 0, "polymorphic_ctype": 14, "description": ""}, "model": "cards.basecard", "pk": 74}, {"fields": {"deck": 17, "name": "Leave Template", "modifier": 0, "polymorphic_ctype": 14, "description": ""}, "model": "cards.basecard", "pk": 75}, {"fields": {"deck": 18, "name": "Blank Template", "modifier": 0, "polymorphic_ctype": 14, "description": ""}, "model": "cards.basecard", "pk": 76}, {"fields": {"deck": 18, "name": "Blank Template", "modifier": 0, "polymorphic_ctype": 14, "description": ""}, "model": "cards.basecard", "pk": 77}, {"fields": {"deck": 18, "name": "Bookcase Template", "modifier": 1, "polymorphic_ctype": 16, "description": ""}, "model": "cards.basecard", "pk": 78}, {"fields": {"deck": 18, "name": "Bookcase Template", "modifier": 1, "polymorphic_ctype": 16, "description": ""}, "model": "cards.basecard", "pk": 79}, {"fields": {"deck": 18, "name": "Steve Carmell Template", "modifier": 0, "polymorphic_ctype": 16, "description": ""}, "model": "cards.basecard", "pk": 80}, {"fields": {"deck": 18, "name": "Bookcase Template", "modifier": 2, "polymorphic_ctype": 16, "description": ""}, "model": "cards.basecard", "pk": 81}, {"fields": {"deck": 18, "name": "Steve Carmell Template", "modifier": 0, "polymorphic_ctype": 16, "description": ""}, "model": "cards.basecard", "pk": 82}, {"fields": {"deck": 19, "name": "Charm Template", "modifier": 0, "polymorphic_ctype": 2, "description": ""}, "model": "cards.basecard", "pk": 83}, {"fields": {"deck": 20, "name": "Ask Template", "modifier": 0, "polymorphic_ctype": 14, "description": ""}, "model": "cards.basecard", "pk": 84}, {"fields": {"deck": 20, "name": "Ask Template", "modifier": 1, "polymorphic_ctype": 14, "description": ""}, "model": "cards.basecard", "pk": 85}, {"fields": {"deck": 20, "name": "Leave Template", "modifier": 0, "polymorphic_ctype": 14, "description": ""}, "model": "cards.basecard", "pk": 86}, {"fields": {"deck": 20, "name": "Reassure Template", "modifier": 0, "polymorphic_ctype": 14, "description": ""}, "model": "cards.basecard", "pk": 87}, {"fields": {"deck": 21, "name": "Blank Template", "modifier": 0, "polymorphic_ctype": 14, "description": ""}, "model": "cards.basecard", "pk": 88}, {"fields": {"deck": 21, "name": "Blank Template", "modifier": 0, "polymorphic_ctype": 14, "description": ""}, "model": "cards.basecard", "pk": 89}, {"fields": {"deck": 21, "name": "Blank Template", "modifier": 0, "polymorphic_ctype": 14, "description": ""}, "model": "cards.basecard", "pk": 90}, {"fields": {"deck": 21, "name": "Steve Carmell Template", "modifier": 0, "polymorphic_ctype": 16, "description": ""}, "model": "cards.basecard", "pk": 91}, {"fields": {"deck": 21, "name": "Resist Template", "modifier": 1, "polymorphic_ctype": 2, "description": ""}, "model": "cards.basecard", "pk": 92}, {"fields": {"deck": 22, "name": "Blank Template", "modifier": 0, "polymorphic_ctype": 14, "description": ""}, "model": "cards.basecard", "pk": 93}, {"fields": {"deck": 22, "name": "Blank Template", "modifier": 0, "polymorphic_ctype": 14, "description": ""}, "model": "cards.basecard", "pk": 94}, {"fields": {"deck": 22, "name": "Resist Template", "modifier": 1, "polymorphic_ctype": 2, "description": ""}, "model": "cards.basecard", "pk": 95}, {"fields": {"deck": 22, "name": "Resist Template", "modifier": 1, "polymorphic_ctype": 2, "description": ""}, "model": "cards.basecard", "pk": 96}, {"fields": {"deck": 22, "name": "Steve Carmell Template", "modifier": 0, "polymorphic_ctype": 16, "description": ""}, "model": "cards.basecard", "pk": 97}, {"fields": {"template": 13}, "model": "cards.card", "pk": 26}, {"fields": {"template": 13}, "model": "cards.card", "pk": 32}, {"fields": {"template": 13}, "model": "cards.card", "pk": 33}, {"fields": {"template": 13}, "model": "cards.card", "pk": 40}, {"fields": {"template": 13}, "model": "cards.card", "pk": 41}, {"fields": {"template": 13}, "model": "cards.card", "pk": 42}, {"fields": {"template": 13}, "model": "cards.card", "pk": 45}, {"fields": {"template": 13}, "model": "cards.card", "pk": 46}, {"fields": {"template": 13}, "model": "cards.card", "pk": 47}, {"fields": {"template": 13}, "model": "cards.card", "pk": 51}, {"fields": {"template": 13}, "model": "cards.card", "pk": 52}, {"fields": {"template": 13}, "model": "cards.card", "pk": 53}, {"fields": {"template": 11}, "model": "cards.card", "pk": 74}, {"fields": {"template": 12}, "model": "cards.card", "pk": 75}, {"fields": {"template": 13}, "model": "cards.card", "pk": 76}, {"fields": {"template": 13}, "model": "cards.card", "pk": 77}, {"fields": {"template": 11}, "model": "cards.card", "pk": 84}, {"fields": {"template": 11}, "model": "cards.card", "pk": 85}, {"fields": {"template": 12}, "model": "cards.card", "pk": 86}, {"fields": {"template": 14}, "model": "cards.card", "pk": 87}, {"fields": {"template": 13}, "model": "cards.card", "pk": 88}, {"fields": {"template": 13}, "model": "cards.card", "pk": 89}, {"fields": {"template": 13}, "model": "cards.card", "pk": 90}, {"fields": {"template": 13}, "model": "cards.card", "pk": 93}, {"fields": {"template": 13}, "model": "cards.card", "pk": 94}, {"fields": {"template": 1, "experience": 8}, "model": "cards.playercard", "pk": 1}, {"fields": {"template": 1, "experience": 6}, "model": "cards.playercard", "pk": 2}, {"fields": {"template": 1, "experience": 5}, "model": "cards.playercard", "pk": 3}, {"fields": {"template": 2, "experience": 10}, "model": "cards.playercard", "pk": 4}, {"fields": {"template": 2, "experience": 8}, "model": "cards.playercard", "pk": 5}, {"fields": {"template": 3, "experience": 3}, "model": "cards.playercard", "pk": 6}, {"fields": {"template": 3, "experience": 6}, "model": "cards.playercard", "pk": 7}, {"fields": {"template": 4, "experience": 9}, "model": "cards.playercard", "pk": 8}, {"fields": {"template": 1, "experience": 0}, "model": "cards.playercard", "pk": 9}, {"fields": {"template": 1, "experience": 0}, "model": "cards.playercard", "pk": 10}, {"fields": {"template": 1, "experience": 0}, "model": "cards.playercard", "pk": 11}, {"fields": {"template": 2, "experience": 0}, "model": "cards.playercard", "pk": 12}, {"fields": {"template": 2, "experience": 0}, "model": "cards.playercard", "pk": 13}, {"fields": {"template": 3, "experience": 0}, "model": "cards.playercard", "pk": 14}, {"fields": {"template": 3, "experience": 0}, "model": "cards.playercard", "pk": 15}, {"fields": {"template": 4, "experience": 0}, "model": "cards.playercard", "pk": 16}, {"fields": {"template": 1, "experience": 0}, "model": "cards.playercard", "pk": 17}, {"fields": {"template": 1, "experience": 0}, "model": "cards.playercard", "pk": 18}, {"fields": {"template": 1, "experience": 0}, "model": "cards.playercard", "pk": 19}, {"fields": {"template": 2, "experience": 0}, "model": "cards.playercard", "pk": 20}, {"fields": {"template": 2, "experience": 0}, "model": "cards.playercard", "pk": 21}, {"fields": {"template": 3, "experience": 0}, "model": "cards.playercard", "pk": 22}, {"fields": {"template": 3, "experience": 0}, "model": "cards.playercard", "pk": 23}, {"fields": {"template": 4, "experience": 0}, "model": "cards.playercard", "pk": 24}, {"fields": {"template": 1, "experience": 2}, "model": "cards.playercard", "pk": 36}, {"fields": {"template": 2, "experience": 0}, "model": "cards.playercard", "pk": 37}, {"fields": {"template": 3, "experience": 3}, "model": "cards.playercard", "pk": 38}, {"fields": {"template": 3, "experience": 13}, "model": "cards.playercard", "pk": 39}, {"fields": {"template": 4, "experience": 1}, "model": "cards.playercard", "pk": 83}, {"fields": {"template": 3, "experience": 0}, "model": "cards.playercard", "pk": 92}, {"fields": {"template": 3, "experience": 0}, "model": "cards.playercard", "pk": 95}, {"fields": {"template": 3, "experience": 0}, "model": "cards.playercard", "pk": 96}, {"fields": {"template": 7}, "model": "cards.npccard", "pk": 25}, {"fields": {"template": 7}, "model": "cards.npccard", "pk": 34}, {"fields": {"template": 7}, "model": "cards.npccard", "pk": 35}, {"fields": {"template": 9}, "model": "cards.npccard", "pk": 43}, {"fields": {"template": 9}, "model": "cards.npccard", "pk": 44}, {"fields": {"template": 7}, "model": "cards.npccard", "pk": 48}, {"fields": {"template": 7}, "model": "cards.npccard", "pk": 49}, {"fields": {"template": 7}, "model": "cards.npccard", "pk": 50}, {"fields": {"template": 7}, "model": "cards.npccard", "pk": 54}, {"fields": {"template": 7}, "model": "cards.npccard", "pk": 55}, {"fields": {"template": 7}, "model": "cards.npccard", "pk": 56}, {"fields": {"template": 7}, "model": "cards.npccard", "pk": 57}, {"fields": {"template": 8}, "model": "cards.npccard", "pk": 69}, {"fields": {"template": 8}, "model": "cards.npccard", "pk": 70}, {"fields": {"template": 10}, "model": "cards.npccard", "pk": 71}, {"fields": {"template": 9}, "model": "cards.npccard", "pk": 72}, {"fields": {"template": 7}, "model": "cards.npccard", "pk": 73}, {"fields": {"template": 9}, "model": "cards.npccard", "pk": 78}, {"fields": {"template": 9}, "model": "cards.npccard", "pk": 79}, {"fields": {"template": 8}, "model": "cards.npccard", "pk": 80}, {"fields": {"template": 9}, "model": "cards.npccard", "pk": 81}, {"fields": {"template": 8}, "model": "cards.npccard", "pk": 82}, {"fields": {"template": 8}, "model": "cards.npccard", "pk": 91}, {"fields": {"template": 8}, "model": "cards.npccard", "pk": 97}, {"fields": {"name": "Steve Arrives", "polymorphic_ctype": 20}, "model": "cards.effect", "pk": 1}, {"fields": {"name": "Steve Departs", "polymorphic_ctype": 20}, "model": "cards.effect", "pk": 2}, {"fields": {"name": "Steve Unconscious", "polymorphic_ctype": 20}, "model": "cards.effect", "pk": 3}, {"fields": {"name": "Damage x1", "polymorphic_ctype": 43}, "model": "cards.effect", "pk": 4}, {"fields": {"name": "Break In", "polymorphic_ctype": 20}, "model": "cards.effect", "pk": 5}, {"fields": {"name": "Incriminating Documents", "polymorphic_ctype": 22}, "model": "cards.effect", "pk": 6}, {"fields": {"name": "Reveal Affair", "polymorphic_ctype": 20}, "model": "cards.effect", "pk": 7}, {"fields": {"name": "Photo of the Mistress", "polymorphic_ctype": 22}, "model": "cards.effect", "pk": 8}, {"fields": {"flag": 1, "value": 1}, "model": "cards.flageffect", "pk": 1}, {"fields": {"flag": 1, "value": 0}, "model": "cards.flageffect", "pk": 2}, {"fields": {"flag": 3, "value": 1}, "model": "cards.flageffect", "pk": 3}, {"fields": {"flag": 4, "value": 1}, "model": "cards.flageffect", "pk": 5}, {"fields": {"flag": 5, "value": 1}, "model": "cards.flageffect", "pk": 7}, {"fields": {"keyitem": 1}, "model": "cards.keyitemeffect", "pk": 6}, {"fields": {"keyitem": 2}, "model": "cards.keyitemeffect", "pk": 8}, {"fields": {"number": 1}, "model": "cards.damageeffect", "pk": 4}, {"fields": {"deck": 8, "canshuffle": false, "generic_result": null, "locationDeck": null, "tolog": false, "slug": "prospect_heights", "auto": false, "blocking": false, "description": "", "npc": null, "created": "2015-03-15T18:11:10.847Z", "content": "", "title": "Prospect Heights", "published": true}, "model": "events.event", "pk": 2}, {"fields": {"deck": 17, "canshuffle": false, "generic_result": null, "locationDeck": null, "tolog": true, "slug": "chiefs_house", "auto": false, "blocking": false, "description": "", "npc": 1, "created": "2015-03-15T18:24:30.473Z", "content": "You arrive at the house of the Chief of Police. {steve_home?It looks like her husband is home.:}", "title": "Chief's House", "published": true}, "model": "events.event", "pk": 3}, {"fields": {"deck": null, "canshuffle": false, "generic_result": null, "locationDeck": null, "tolog": true, "slug": "steve_arrives", "auto": true, "blocking": false, "description": "", "npc": null, "created": "2015-03-15T18:25:44.877Z", "content": "You see Steve Carmell enter the house.", "title": "Steve Arrives", "published": true}, "model": "events.event", "pk": 4}, {"fields": {"deck": null, "canshuffle": false, "generic_result": null, "locationDeck": null, "tolog": true, "slug": "steve_departs", "auto": true, "blocking": false, "description": "", "npc": null, "created": "2015-03-15T18:26:30.495Z", "content": "You see Steve Carmell leave the house.", "title": "Steve Departs", "published": true}, "model": "events.event", "pk": 5}, {"fields": {"deck": null, "canshuffle": false, "generic_result": null, "locationDeck": 18, "tolog": true, "slug": "chief_sitting_room", "auto": false, "blocking": false, "description": "", "npc": null, "created": "2015-03-15T18:28:14.134Z", "content": "", "title": "Chief Sitting Room", "published": true}, "model": "events.event", "pk": 6}, {"fields": {"deck": null, "canshuffle": false, "generic_result": null, "locationDeck": 22, "tolog": true, "slug": "chief_bedroom", "auto": false, "blocking": false, "description": "", "npc": null, "created": "2015-03-15T18:29:15.155Z", "content": "{steve_home?{night?The lights turn on suddenly. :}Steve is standing in the bedroom, looking both perplexed and increasingly angry. :The Chief's bedroom looks more practical than functional, but perhaps you'll be able to find something here.}", "title": "Chief Bedroom", "published": true}, "model": "events.event", "pk": 7}, {"fields": {"deck": null, "canshuffle": false, "generic_result": null, "locationDeck": null, "tolog": true, "slug": "steve_at_threshold", "auto": false, "blocking": false, "description": "", "npc": 2, "created": "2015-03-15T18:30:28.836Z", "content": "The Chief's husband looks out from behind the door. \"Can I help you?\"", "title": "Steve at the Threshold", "published": true}, "model": "events.event", "pk": 8}, {"fields": {"deck": null, "canshuffle": false, "generic_result": null, "locationDeck": null, "tolog": true, "slug": "fight_with_steve", "auto": false, "blocking": false, "description": "", "npc": 2, "created": "2015-03-15T18:33:05.581Z", "content": "", "title": "Fight with Steve", "published": true}, "model": "events.event", "pk": 9}, {"fields": {"deck": null, "canshuffle": false, "generic_result": 18, "locationDeck": null, "tolog": true, "slug": "steve_unconscious", "auto": true, "blocking": false, "description": "", "npc": null, "created": "2015-03-15T18:39:36.289Z", "content": "", "title": "Knock Steve Unconscious", "published": true}, "model": "events.event", "pk": 10}, {"fields": {"deck": null, "canshuffle": false, "generic_result": 21, "locationDeck": null, "tolog": true, "slug": "break_into_bedroom", "auto": true, "blocking": false, "description": "", "npc": null, "created": "2015-03-15T18:56:36.569Z", "content": "", "title": "Break into Bedroom", "published": true}, "model": "events.event", "pk": 11}, {"fields": {"deck": null, "canshuffle": false, "generic_result": 22, "locationDeck": null, "tolog": true, "slug": "break_into_sitting", "auto": true, "blocking": false, "description": "", "npc": null, "created": "2015-03-15T18:57:07.986Z", "content": "", "title": "Break into Sitting Room", "published": true}, "model": "events.event", "pk": 12}, {"fields": {"deck": null, "canshuffle": false, "generic_result": null, "locationDeck": null, "tolog": true, "slug": "pain", "auto": true, "blocking": false, "description": "", "npc": null, "created": "2015-03-15T19:05:14.897Z", "content": "", "title": "Pain", "published": true}, "model": "events.event", "pk": 13}, {"fields": {"deck": null, "canshuffle": false, "generic_result": null, "locationDeck": null, "tolog": true, "slug": "incriminating_documents", "auto": true, "blocking": false, "description": "", "npc": null, "created": "2015-03-15T19:20:46.709Z", "content": "You find some documents that look quite thoroughly suspicious. The documents have many romantic flourishes and all share the signed initials RL. From the letters, you gather that this RL was previously in the Black Hand and has been trying to leave for years. You doubt that the initials would be enough to locate her, though.", "title": "Incriminating Documents", "published": true}, "model": "events.event", "pk": 14}, {"fields": {"deck": null, "canshuffle": false, "generic_result": null, "locationDeck": 21, "tolog": true, "slug": "bookcase", "auto": false, "blocking": false, "description": "", "npc": 3, "created": "2015-03-15T19:20:52.099Z", "content": "The bookcase looks to be a complete mess. It's probably going to take you a while to try to search it.", "title": "Bookcase", "published": true}, "model": "events.event", "pk": 15}, {"fields": {"deck": 14, "canshuffle": true, "generic_result": null, "locationDeck": null, "tolog": false, "slug": "home", "auto": false, "blocking": false, "description": "", "npc": null, "created": "2015-03-15T21:29:58.878Z", "content": "", "title": "Home", "published": true}, "model": "events.event", "pk": 18}, {"fields": {"deck": null, "canshuffle": false, "generic_result": null, "locationDeck": 13, "tolog": false, "slug": "prospect_heights_2", "auto": false, "blocking": false, "description": "", "npc": null, "created": "2015-03-15T21:36:09.547Z", "content": "", "title": "Prospect Heights", "published": true}, "model": "events.event", "pk": 19}, {"fields": {"deck": 19, "canshuffle": false, "generic_result": null, "locationDeck": null, "tolog": true, "slug": "heart_to_heart", "auto": false, "blocking": false, "description": "", "npc": 2, "created": "2015-03-21T01:07:14.564Z", "content": "Steve sits in his armchair, waiting for your questions.", "title": "Heart to Heart", "published": true}, "model": "events.event", "pk": 20}, {"fields": {"deck": 20, "canshuffle": false, "generic_result": null, "locationDeck": null, "tolog": true, "slug": "confessions", "auto": false, "blocking": false, "description": "Steve confesses his Affair", "npc": null, "created": "2015-03-26T16:20:12.946Z", "content": "With a choked sob, Steve confesses to his affair, telling you the name of his mistress: Renee Lilac. He swears he'll break it off if you don't tell the Chief.", "title": "Confessions", "published": true}, "model": "events.event", "pk": 21}, {"fields": {"deck": null, "canshuffle": false, "generic_result": null, "locationDeck": null, "tolog": true, "slug": "picture", "auto": true, "blocking": false, "description": "Picture in the Drawers", "npc": null, "created": "2015-03-26T17:29:52.456Z", "content": "You find a picture deep in the drawers of a woman of Italian descent. You take it with you. You could probably identify her if you saw her, but you have no idea where to start looking.", "title": "Picture", "published": true}, "model": "events.event", "pk": 22}, {"fields": {"result": "switch", "template": 8, "localOnly": false, "threshold": 0, "helper": "", "originalEvent": 2, "event": 3, "content": "", "conditions": "", "npcthreshold": true, "onlyWhenNotPlayed": false}, "model": "events.eventtrigger", "pk": 1}, {"fields": {"result": null, "template": 7, "localOnly": false, "threshold": -1, "helper": "", "originalEvent": 2, "event": 4, "content": "", "conditions": "not steve_home", "npcthreshold": true, "onlyWhenNotPlayed": false}, "model": "events.eventtrigger", "pk": 2}, {"fields": {"result": null, "template": 7, "localOnly": false, "threshold": -1, "helper": "", "originalEvent": 2, "event": 5, "content": "", "conditions": "steve_home", "npcthreshold": true, "onlyWhenNotPlayed": false}, "model": "events.eventtrigger", "pk": 3}, {"fields": {"result": null, "template": 1, "localOnly": true, "threshold": 99, "helper": "", "originalEvent": 3, "event": null, "content": "That's one sturdy door.", "conditions": "", "npcthreshold": true, "onlyWhenNotPlayed": false}, "model": "events.eventtrigger", "pk": 5}, {"fields": {"result": null, "template": 2, "localOnly": true, "threshold": 0, "helper": "Climb the fire escape", "originalEvent": 3, "event": 7, "content": "You climb the fire escape and head into the second story window.", "conditions": "", "npcthreshold": true, "onlyWhenNotPlayed": false}, "model": "events.eventtrigger", "pk": 6}, {"fields": {"result": null, "template": 2, "localOnly": true, "threshold": 99, "helper": "", "originalEvent": 3, "event": null, "content": "You can't quite reach the fire escape.", "conditions": "", "npcthreshold": true, "onlyWhenNotPlayed": false}, "model": "events.eventtrigger", "pk": 7}, {"fields": {"result": null, "template": 11, "localOnly": true, "threshold": 0, "helper": "Knock on the door", "originalEvent": 3, "event": 8, "content": "You knock on the door, and hear an unlatching sound as Steve Carmell answers the door.", "conditions": "steve_home", "npcthreshold": true, "onlyWhenNotPlayed": false}, "model": "events.eventtrigger", "pk": 8}, {"fields": {"result": "resolve", "template": 12, "localOnly": false, "threshold": 0, "helper": "Leave the premises", "originalEvent": 3, "event": null, "content": "You leave the premises.", "conditions": "", "npcthreshold": true, "onlyWhenNotPlayed": false}, "model": "events.eventtrigger", "pk": 9}, {"fields": {"result": null, "template": 11, "localOnly": true, "threshold": 0, "helper": "Knock on the door", "originalEvent": 3, "event": null, "content": "No one answers.", "conditions": "not steve_home", "npcthreshold": true, "onlyWhenNotPlayed": false}, "model": "events.eventtrigger", "pk": 10}, {"fields": {"result": "resolve", "template": 1, "localOnly": true, "threshold": 0, "helper": "Break down the door", "originalEvent": 3, "event": 12, "content": "You break down the door.", "conditions": "steve_home", "npcthreshold": true, "onlyWhenNotPlayed": false}, "model": "events.eventtrigger", "pk": 11}, {"fields": {"result": "switch", "template": 1, "localOnly": false, "threshold": 2, "helper": "Intimidate", "originalEvent": 8, "event": 6, "content": "\"Look, I'm a busy fella. I just have a few questions. Let me in, and we can resolve this quickly.\"", "conditions": "", "npcthreshold": true, "onlyWhenNotPlayed": false}, "model": "events.eventtrigger", "pk": 12}, {"fields": {"result": "switch", "template": 2, "localOnly": false, "threshold": 0, "helper": "Knock him out", "originalEvent": 8, "event": 6, "content": "Would have thought that the Chief of Police's husband would have had better self defense training. Oh well. You drag him into a corner of the sitting room.", "conditions": "", "npcthreshold": true, "onlyWhenNotPlayed": false}, "model": "events.eventtrigger", "pk": 13}, {"fields": {"result": "switch", "template": 4, "localOnly": false, "threshold": 3, "helper": "Seduce him", "originalEvent": 8, "event": 6, "content": "\"Don't suppose you could let me in to talk, sweetie? It's a bit chilly out here.\" With a sly grin, he steps aside.", "conditions": "", "npcthreshold": true, "onlyWhenNotPlayed": false}, "model": "events.eventtrigger", "pk": 14}, {"fields": {"result": null, "template": 1, "localOnly": false, "threshold": 99, "helper": "", "originalEvent": 8, "event": null, "content": "\"Umm... You know, I can get pretty scary when I get angry, so maybe you could just let me in, please...?\" He doesn't look convinced.", "conditions": "", "npcthreshold": true, "onlyWhenNotPlayed": false}, "model": "events.eventtrigger", "pk": 15}, {"fields": {"result": null, "template": 2, "localOnly": false, "threshold": 99, "helper": "", "originalEvent": 8, "event": null, "content": "\"What's that behind you!\" He eyes you suspiciously.", "conditions": "", "npcthreshold": true, "onlyWhenNotPlayed": false}, "model": "events.eventtrigger", "pk": 16}, {"fields": {"result": null, "template": 4, "localOnly": false, "threshold": 99, "helper": "", "originalEvent": 8, "event": null, "content": "\"Don't suppose you could let me in to talk, sweetie? It's a bit chilly out here.\"\r\n\r\n\"I'm not interested.\"", "conditions": "", "npcthreshold": true, "onlyWhenNotPlayed": false}, "model": "events.eventtrigger", "pk": 17}, {"fields": {"result": "resolve", "template": 8, "localOnly": false, "threshold": 0, "helper": "", "originalEvent": 10, "event": 6, "content": "", "conditions": "", "npcthreshold": true, "onlyWhenNotPlayed": false}, "model": "events.eventtrigger", "pk": 18}, {"fields": {"result": "switch", "template": 1, "localOnly": false, "threshold": 0, "helper": "", "originalEvent": 9, "event": 10, "content": "", "conditions": "", "npcthreshold": true, "onlyWhenNotPlayed": false}, "model": "events.eventtrigger", "pk": 19}, {"fields": {"result": "switch", "template": 2, "localOnly": false, "threshold": 0, "helper": "", "originalEvent": 9, "event": 10, "content": "", "conditions": "", "npcthreshold": true, "onlyWhenNotPlayed": false}, "model": "events.eventtrigger", "pk": 20}, {"fields": {"result": "resolve", "template": 7, "localOnly": false, "threshold": 0, "helper": "", "originalEvent": 11, "event": 7, "content": "", "conditions": "", "npcthreshold": true, "onlyWhenNotPlayed": false}, "model": "events.eventtrigger", "pk": 21}, {"fields": {"result": "resolve", "template": 7, "localOnly": true, "threshold": 0, "helper": "", "originalEvent": 12, "event": 6, "content": "", "conditions": "", "npcthreshold": true, "onlyWhenNotPlayed": false}, "model": "events.eventtrigger", "pk": 22}, {"fields": {"result": null, "template": null, "localOnly": false, "threshold": 0, "helper": "", "originalEvent": 6, "event": 9, "content": "Looks like Steve is not taking kindly to your break in. That's awfully inconsiderate.", "conditions": "steve_home and break_in and not steve_unconscious", "npcthreshold": false, "onlyWhenNotPlayed": false}, "model": "events.eventtrigger", "pk": 23}, {"fields": {"result": null, "template": null, "localOnly": false, "threshold": 0, "helper": "", "originalEvent": 7, "event": 9, "content": "", "conditions": "steve_home and break_in and not steve_unconscious", "npcthreshold": false, "onlyWhenNotPlayed": false}, "model": "events.eventtrigger", "pk": 24}, {"fields": {"result": null, "template": null, "localOnly": false, "threshold": 0, "helper": "", "originalEvent": 9, "event": 13, "content": "", "conditions": "", "npcthreshold": true, "onlyWhenNotPlayed": true}, "model": "events.eventtrigger", "pk": 28}, {"fields": {"result": "resolve", "template": 3, "localOnly": false, "threshold": 3, "helper": "", "originalEvent": 15, "event": 14, "content": "After a methodical search, you find some papers of interest.", "conditions": "", "npcthreshold": true, "onlyWhenNotPlayed": false}, "model": "events.eventtrigger", "pk": 31}, {"fields": {"result": null, "template": 9, "localOnly": false, "threshold": 1, "helper": "", "originalEvent": 6, "event": 15, "content": "The bookcase catches your attention.", "conditions": "not night", "npcthreshold": false, "onlyWhenNotPlayed": false}, "model": "events.eventtrigger", "pk": 32}, {"fields": {"result": null, "template": 9, "localOnly": false, "threshold": 2, "helper": "", "originalEvent": 6, "event": 15, "content": "You stumble across a bookcase in the dark.", "conditions": "night", "npcthreshold": false, "onlyWhenNotPlayed": false}, "model": "events.eventtrigger", "pk": 33}, {"fields": {"result": "resolve", "template": 7, "localOnly": false, "threshold": 0, "helper": "", "originalEvent": 19, "event": 3, "content": "", "conditions": "", "npcthreshold": false, "onlyWhenNotPlayed": false}, "model": "events.eventtrigger", "pk": 34}, {"fields": {"result": "resolve", "template": 7, "localOnly": false, "threshold": 1, "helper": "", "originalEvent": 19, "event": 5, "content": "", "conditions": "steve_home", "npcthreshold": false, "onlyWhenNotPlayed": false}, "model": "events.eventtrigger", "pk": 35}, {"fields": {"result": "resolve", "template": 7, "localOnly": false, "threshold": 1, "helper": "", "originalEvent": 19, "event": 4, "content": "", "conditions": "not steve_home", "npcthreshold": false, "onlyWhenNotPlayed": false}, "model": "events.eventtrigger", "pk": 36}, {"fields": {"result": null, "template": 8, "localOnly": false, "threshold": 0, "helper": "", "originalEvent": 6, "event": 20, "content": "\"You wanted to talk? Let's talk.\"", "conditions": "steve_home and not steve_unconscious and not break_in", "npcthreshold": false, "onlyWhenNotPlayed": false}, "model": "events.eventtrigger", "pk": 37}, {"fields": {"result": null, "template": 8, "localOnly": false, "threshold": 0, "helper": "", "originalEvent": 6, "event": 4, "content": "Well, it looks like your time is up. Steve walks in the door and sees you.", "conditions": "not steve_home", "npcthreshold": false, "onlyWhenNotPlayed": false}, "model": "events.eventtrigger", "pk": 40}, {"fields": {"result": null, "template": 13, "localOnly": false, "threshold": 0, "helper": "", "originalEvent": 19, "event": null, "content": "You find nothing of interest.", "conditions": "", "npcthreshold": false, "onlyWhenNotPlayed": false}, "model": "events.eventtrigger", "pk": 41}, {"fields": {"result": null, "template": 9, "localOnly": false, "threshold": 0, "helper": "", "originalEvent": 6, "event": null, "content": "Your search reveals nothing.", "conditions": "", "npcthreshold": false, "onlyWhenNotPlayed": false}, "model": "events.eventtrigger", "pk": 42}, {"fields": {"result": null, "template": 11, "localOnly": false, "threshold": 0, "helper": "Why did you do it?", "originalEvent": 21, "event": null, "content": "\"Why did you do it?\"<br>\r\n\r\nAccording to his account, she's a member of  some gang and has been trying desperately to leave. In his haste to help her, the two developed a bond.", "conditions": "", "npcthreshold": false, "onlyWhenNotPlayed": false}, "model": "events.eventtrigger", "pk": 43}, {"fields": {"result": "resolve", "template": 12, "localOnly": false, "threshold": 0, "helper": "I can't promise anything.", "originalEvent": 21, "event": null, "content": "\"I can't promise anything.\"<br>\r\n\r\nYou make no promises and leave the man to his grief.", "conditions": "", "npcthreshold": false, "onlyWhenNotPlayed": false}, "model": "events.eventtrigger", "pk": 44}, {"fields": {"result": null, "template": 11, "localOnly": false, "threshold": 1, "helper": "Where can I find her?", "originalEvent": 21, "event": null, "content": "\"Where can I find her?\"<br>\r\n\r\nHe isn't sure, but she first approached him near the docks.", "conditions": "", "npcthreshold": false, "onlyWhenNotPlayed": false}, "model": "events.eventtrigger", "pk": 45}, {"fields": {"result": "resolve", "template": 14, "localOnly": false, "threshold": 0, "helper": "I don't want either of you to get hurt.", "originalEvent": 21, "event": null, "content": "\"I don't want either of you to get hurt.\"<br>\r\n\r\nHe looks immensely relieved.", "conditions": "", "npcthreshold": false, "onlyWhenNotPlayed": false}, "model": "events.eventtrigger", "pk": 46}, {"fields": {"result": "switch", "template": 1, "localOnly": false, "threshold": 0, "helper": "Intimidate him", "originalEvent": 20, "event": 21, "content": "\"I really don't have time to sit around and exchange pleasantries. Tell me about the affair.\"", "conditions": "", "npcthreshold": true, "onlyWhenNotPlayed": false}, "model": "events.eventtrigger", "pk": 47}, {"fields": {"result": null, "template": 1, "localOnly": false, "threshold": 99, "helper": "", "originalEvent": 20, "event": null, "content": "You begin a tirade, but in the middle of it, your voice cracks. He doesn't look very intimidated.", "conditions": "", "npcthreshold": true, "onlyWhenNotPlayed": false}, "model": "events.eventtrigger", "pk": 48}, {"fields": {"result": "resolve", "template": 2, "localOnly": false, "threshold": 0, "helper": "Knock him unconscious", "originalEvent": 20, "event": 10, "content": "Before he can get another word in, you hit him over the head with a candelabra. He slumps to the ground.", "conditions": "", "npcthreshold": true, "onlyWhenNotPlayed": false}, "model": "events.eventtrigger", "pk": 49}, {"fields": {"result": "switch", "template": 2, "localOnly": false, "threshold": 99, "helper": "", "originalEvent": 20, "event": 9, "content": "", "conditions": "", "npcthreshold": true, "onlyWhenNotPlayed": false}, "model": "events.eventtrigger", "pk": 50}, {"fields": {"result": "switch", "template": 4, "localOnly": false, "threshold": 0, "helper": "Persuade him to come clean.", "originalEvent": 20, "event": 21, "content": "\"The Chief knows what's been going on. She sent me to resolve this quietly. Let's just get this out into the open so that we can figure out how to resolve this.\"", "conditions": "", "npcthreshold": true, "onlyWhenNotPlayed": false}, "model": "events.eventtrigger", "pk": 51}, {"fields": {"result": null, "template": 4, "localOnly": false, "threshold": 99, "helper": "", "originalEvent": 20, "event": null, "content": "\"Well... you know that most married couples are happier when they're honest with each other, right? ...I suppose not that I would know from personal experience...\"", "conditions": "", "npcthreshold": true, "onlyWhenNotPlayed": false}, "model": "events.eventtrigger", "pk": 52}, {"fields": {"result": "switch", "template": 8, "localOnly": false, "threshold": 0, "helper": "", "originalEvent": 15, "event": 20, "content": "\"I thought you wanted to talk, not peruse our collection of books.\" He eyes you suspiciously and gestures to one of the seats.", "conditions": "not steve_unconscious and steve_home and not night", "npcthreshold": true, "onlyWhenNotPlayed": false}, "model": "events.eventtrigger", "pk": 53}, {"fields": {"result": null, "template": 3, "localOnly": false, "threshold": 4, "helper": "", "originalEvent": 7, "event": 22, "content": "", "conditions": "", "npcthreshold": true, "onlyWhenNotPlayed": false}, "model": "events.eventtrigger", "pk": 54}, {"fields": {"event": 4, "effect": 1}, "model": "events.eventeffect", "pk": 1}, {"fields": {"event": 5, "effect": 2}, "model": "events.eventeffect", "pk": 2}, {"fields": {"event": 10, "effect": 3}, "model": "events.eventeffect", "pk": 3}, {"fields": {"event": 11, "effect": 5}, "model": "events.eventeffect", "pk": 4}, {"fields": {"event": 12, "effect": 5}, "model": "events.eventeffect", "pk": 5}, {"fields": {"event": 13, "effect": 4}, "model": "events.eventeffect", "pk": 6}, {"fields": {"event": 14, "effect": 6}, "model": "events.eventeffect", "pk": 7}, {"fields": {"event": 21, "effect": 7}, "model": "events.eventeffect", "pk": 8}, {"fields": {"event": 22, "effect": 8}, "model": "events.eventeffect", "pk": 9}, {"fields": {}, "model": "locations.location", "pk": 19}, {"fields": {}, "model": "locations.location", "pk": 18}, {"fields": {"position": 0, "status": "play", "deck": null, "player": 1, "card": 73, "played": true, "targetDeck": null}, "model": "accounts.cardstatus", "pk": 1022}, {"fields": {"position": 4, "status": "deck", "deck": 126, "player": 1, "card": 1, "played": false, "targetDeck": null}, "model": "accounts.cardstatus", "pk": 1193}, {"fields": {"position": 6, "status": "deck", "deck": 126, "player": 1, "card": 2, "played": false, "targetDeck": null}, "model": "accounts.cardstatus", "pk": 1194}, {"fields": {"position": 0, "status": "discard", "deck": 126, "player": 1, "card": 3, "played": true, "targetDeck": 126}, "model": "accounts.cardstatus", "pk": 1195}, {"fields": {"position": 7, "status": "deck", "deck": 126, "player": 1, "card": 4, "played": false, "targetDeck": null}, "model": "accounts.cardstatus", "pk": 1196}, {"fields": {"position": 3, "status": "deck", "deck": 126, "player": 1, "card": 5, "played": false, "targetDeck": null}, "model": "accounts.cardstatus", "pk": 1197}, {"fields": {"position": 0, "status": "hand", "deck": 126, "player": 1, "card": 6, "played": false, "targetDeck": null}, "model": "accounts.cardstatus", "pk": 1198}, {"fields": {"position": 1, "status": "hand", "deck": 126, "player": 1, "card": 7, "played": false, "targetDeck": null}, "model": "accounts.cardstatus", "pk": 1199}, {"fields": {"position": 5, "status": "deck", "deck": 126, "player": 1, "card": 8, "played": false, "targetDeck": null}, "model": "accounts.cardstatus", "pk": 1200}, {"fields": {"position": 2, "status": "discard", "deck": 127, "player": 1, "card": 51, "played": true, "targetDeck": 127}, "model": "accounts.cardstatus", "pk": 1201}, {"fields": {"position": 5, "status": "deck", "deck": 127, "player": 1, "card": 52, "played": false, "targetDeck": null}, "model": "accounts.cardstatus", "pk": 1202}, {"fields": {"position": 3, "status": "discard", "deck": 127, "player": 1, "card": 53, "played": true, "targetDeck": 127}, "model": "accounts.cardstatus", "pk": 1203}, {"fields": {"position": 1, "status": "discard", "deck": 127, "player": 1, "card": 54, "played": true, "targetDeck": 127}, "model": "accounts.cardstatus", "pk": 1204}, {"fields": {"position": 4, "status": "discard", "deck": 127, "player": 1, "card": 55, "played": true, "targetDeck": 127}, "model": "accounts.cardstatus", "pk": 1205}, {"fields": {"position": 0, "status": "discard", "deck": 127, "player": 1, "card": 56, "played": true, "targetDeck": 127}, "model": "accounts.cardstatus", "pk": 1206}, {"fields": {"position": 2, "status": "discard", "deck": 129, "player": 1, "card": 36, "played": false, "targetDeck": null}, "model": "accounts.cardstatus", "pk": 1209}, {"fields": {"position": 1, "status": "discard", "deck": 129, "player": 1, "card": 37, "played": false, "targetDeck": null}, "model": "accounts.cardstatus", "pk": 1210}, {"fields": {"position": 0, "status": "discard", "deck": 129, "player": 1, "card": 38, "played": true, "targetDeck": 129}, "model": "accounts.cardstatus", "pk": 1211}, {"fields": {"position": 3, "status": "discard", "deck": 129, "player": 1, "card": 39, "played": true, "targetDeck": 129}, "model": "accounts.cardstatus", "pk": 1212}, {"fields": {"position": 0, "status": "discard", "deck": 130, "player": 1, "card": 76, "played": true, "targetDeck": 130}, "model": "accounts.cardstatus", "pk": 1214}, {"fields": {"position": 6, "status": "deck", "deck": 130, "player": 1, "card": 77, "played": false, "targetDeck": null}, "model": "accounts.cardstatus", "pk": 1215}, {"fields": {"position": 1, "status": "discard", "deck": 130, "player": 1, "card": 78, "played": true, "targetDeck": 130}, "model": "accounts.cardstatus", "pk": 1216}, {"fields": {"position": 3, "status": "deck", "deck": 130, "player": 1, "card": 79, "played": false, "targetDeck": null}, "model": "accounts.cardstatus", "pk": 1217}, {"fields": {"position": 4, "status": "deck", "deck": 130, "player": 1, "card": 80, "played": false, "targetDeck": null}, "model": "accounts.cardstatus", "pk": 1218}, {"fields": {"position": 5, "status": "deck", "deck": 130, "player": 1, "card": 81, "played": false, "targetDeck": null}, "model": "accounts.cardstatus", "pk": 1219}, {"fields": {"position": 2, "status": "discard", "deck": 130, "player": 1, "card": 82, "played": true, "targetDeck": 130}, "model": "accounts.cardstatus", "pk": 1220}, {"fields": {"player": 1, "event": null, "initialized": true, "deck": 1}, "model": "accounts.deckstatus", "pk": 126}, {"fields": {"player": 1, "event": 19, "initialized": true, "deck": 13}, "model": "accounts.deckstatus", "pk": 127}, {"fields": {"player": 1, "event": null, "initialized": true, "deck": 9}, "model": "accounts.deckstatus", "pk": 129}, {"fields": {"player": 1, "event": 6, "initialized": true, "deck": 18}, "model": "accounts.deckstatus", "pk": 130}, {"fields": {"polymorphic_ctype": 33, "logged": "2015-03-21T00:41:37.655Z", "card": 73, "event": null, "user": 1, "location": 19}, "model": "accounts.log", "pk": 144}, {"fields": {"polymorphic_ctype": 32, "logged": "2015-03-21T00:41:37.661Z", "card": null, "event": 3, "user": 1, "location": 19}, "model": "accounts.log", "pk": 145}, {"fields": {"polymorphic_ctype": 33, "logged": "2015-03-21T00:41:42.143Z", "card": 74, "event": null, "user": 1, "location": 19}, "model": "accounts.log", "pk": 146}, {"fields": {"polymorphic_ctype": 33, "logged": "2015-03-21T00:42:45.447Z", "card": 56, "event": null, "user": 1, "location": 19}, "model": "accounts.log", "pk": 147}, {"fields": {"polymorphic_ctype": 32, "logged": "2015-03-21T00:42:45.459Z", "card": null, "event": 4, "user": 1, "location": 19}, "model": "accounts.log", "pk": 148}, {"fields": {"polymorphic_ctype": 33, "logged": "2015-03-21T00:42:49.246Z", "card": 73, "event": null, "user": 1, "location": 19}, "model": "accounts.log", "pk": 149}, {"fields": {"polymorphic_ctype": 32, "logged": "2015-03-21T00:42:49.253Z", "card": null, "event": 3, "user": 1, "location": 19}, "model": "accounts.log", "pk": 150}, {"fields": {"polymorphic_ctype": 33, "logged": "2015-03-21T00:42:51.996Z", "card": 74, "event": null, "user": 1, "location": 19}, "model": "accounts.log", "pk": 151}, {"fields": {"polymorphic_ctype": 32, "logged": "2015-03-21T00:42:52.001Z", "card": null, "event": 8, "user": 1, "location": 19}, "model": "accounts.log", "pk": 152}, {"fields": {"polymorphic_ctype": 33, "logged": "2015-03-21T00:43:11.407Z", "card": 3, "event": null, "user": 1, "location": 19}, "model": "accounts.log", "pk": 153}, {"fields": {"polymorphic_ctype": 32, "logged": "2015-03-21T00:43:11.413Z", "card": null, "event": 6, "user": 1, "location": 19}, "model": "accounts.log", "pk": 154}, {"fields": {"polymorphic_ctype": 33, "logged": "2015-03-26T03:29:58.725Z", "card": 4, "event": null, "user": 1, "location": 19}, "model": "accounts.log", "pk": 155}, {"fields": {"polymorphic_ctype": 32, "logged": "2015-03-26T03:29:58.731Z", "card": null, "event": 7, "user": 1, "location": 19}, "model": "accounts.log", "pk": 156}, {"fields": {"polymorphic_ctype": 33, "logged": "2015-03-26T04:44:35.943Z", "card": 4, "event": null, "user": 1, "location": 19}, "model": "accounts.log", "pk": 157}, {"fields": {"polymorphic_ctype": 33, "logged": "2015-03-26T04:44:47.773Z", "card": 75, "event": null, "user": 1, "location": 19}, "model": "accounts.log", "pk": 158}, {"fields": {"polymorphic_ctype": 33, "logged": "2015-03-26T05:22:57.774Z", "card": 73, "event": null, "user": 1, "location": 19}, "model": "accounts.log", "pk": 159}, {"fields": {"polymorphic_ctype": 32, "logged": "2015-03-26T05:22:57.782Z", "card": null, "event": 3, "user": 1, "location": 19}, "model": "accounts.log", "pk": 160}, {"fields": {"polymorphic_ctype": 33, "logged": "2015-03-26T05:27:00.451Z", "card": 73, "event": null, "user": 1, "location": 19}, "model": "accounts.log", "pk": 161}, {"fields": {"polymorphic_ctype": 32, "logged": "2015-03-26T05:27:00.457Z", "card": null, "event": 3, "user": 1, "location": 19}, "model": "accounts.log", "pk": 162}, {"fields": {"polymorphic_ctype": 33, "logged": "2015-03-26T05:32:17.886Z", "card": 75, "event": null, "user": 1, "location": 19}, "model": "accounts.log", "pk": 163}, {"fields": {"polymorphic_ctype": 33, "logged": "2015-03-26T05:51:05.151Z", "card": 55, "event": null, "user": 1, "location": 19}, "model": "accounts.log", "pk": 164}, {"fields": {"polymorphic_ctype": 32, "logged": "2015-03-26T05:51:05.158Z", "card": null, "event": 3, "user": 1, "location": 19}, "model": "accounts.log", "pk": 165}, {"fields": {"polymorphic_ctype": 33, "logged": "2015-03-26T05:53:30.438Z", "card": 54, "event": null, "user": 1, "location": 19}, "model": "accounts.log", "pk": 166}, {"fields": {"polymorphic_ctype": 32, "logged": "2015-03-26T05:53:30.445Z", "card": null, "event": 3, "user": 1, "location": 19}, "model": "accounts.log", "pk": 167}, {"fields": {"polymorphic_ctype": 33, "logged": "2015-03-26T05:54:57.319Z", "card": 56, "event": null, "user": 1, "location": 19}, "model": "accounts.log", "pk": 168}, {"fields": {"polymorphic_ctype": 32, "logged": "2015-03-26T05:54:57.327Z", "card": null, "event": 3, "user": 1, "location": 19}, "model": "accounts.log", "pk": 169}, {"fields": {"polymorphic_ctype": 33, "logged": "2015-03-26T05:58:00.696Z", "card": 55, "event": null, "user": 1, "location": 19}, "model": "accounts.log", "pk": 170}, {"fields": {"polymorphic_ctype": 32, "logged": "2015-03-26T05:58:00.703Z", "card": null, "event": 3, "user": 1, "location": 19}, "model": "accounts.log", "pk": 171}, {"fields": {"polymorphic_ctype": 33, "logged": "2015-03-26T06:00:45.163Z", "card": 54, "event": null, "user": 1, "location": 19}, "model": "accounts.log", "pk": 172}, {"fields": {"polymorphic_ctype": 32, "logged": "2015-03-26T06:00:45.170Z", "card": null, "event": 3, "user": 1, "location": 19}, "model": "accounts.log", "pk": 173}, {"fields": {"polymorphic_ctype": 33, "logged": "2015-03-26T06:05:50.511Z", "card": 55, "event": null, "user": 1, "location": 19}, "model": "accounts.log", "pk": 174}, {"fields": {"polymorphic_ctype": 32, "logged": "2015-03-26T06:05:50.530Z", "card": null, "event": 4, "user": 1, "location": 19}, "model": "accounts.log", "pk": 175}, {"fields": {"polymorphic_ctype": 33, "logged": "2015-03-26T06:12:34.572Z", "card": 73, "event": null, "user": 1, "location": 19}, "model": "accounts.log", "pk": 176}, {"fields": {"polymorphic_ctype": 32, "logged": "2015-03-26T06:12:34.579Z", "card": null, "event": 3, "user": 1, "location": 19}, "model": "accounts.log", "pk": 177}, {"fields": {"polymorphic_ctype": 33, "logged": "2015-03-26T06:12:58.466Z", "card": 74, "event": null, "user": 1, "location": 19}, "model": "accounts.log", "pk": 178}, {"fields": {"polymorphic_ctype": 32, "logged": "2015-03-26T06:12:58.471Z", "card": null, "event": 8, "user": 1, "location": 19}, "model": "accounts.log", "pk": 179}, {"fields": {"polymorphic_ctype": 33, "logged": "2015-03-26T06:13:04.103Z", "card": 3, "event": null, "user": 1, "location": 19}, "model": "accounts.log", "pk": 180}, {"fields": {"polymorphic_ctype": 33, "logged": "2015-03-26T06:13:12.448Z", "card": 2, "event": null, "user": 1, "location": 19}, "model": "accounts.log", "pk": 181}, {"fields": {"polymorphic_ctype": 33, "logged": "2015-03-26T06:13:16.298Z", "card": 5, "event": null, "user": 1, "location": 19}, "model": "accounts.log", "pk": 182}, {"fields": {"polymorphic_ctype": 33, "logged": "2015-03-26T06:14:32.625Z", "card": 1, "event": null, "user": 1, "location": 19}, "model": "accounts.log", "pk": 183}, {"fields": {"polymorphic_ctype": 33, "logged": "2015-03-26T06:16:23.916Z", "card": 4, "event": null, "user": 1, "location": 19}, "model": "accounts.log", "pk": 184}, {"fields": {"polymorphic_ctype": 32, "logged": "2015-03-26T06:16:23.923Z", "card": null, "event": 6, "user": 1, "location": 19}, "model": "accounts.log", "pk": 185}, {"fields": {"polymorphic_ctype": 33, "logged": "2015-03-26T06:22:11.652Z", "card": 75, "event": null, "user": 1, "location": 19}, "model": "accounts.log", "pk": 186}, {"fields": {"polymorphic_ctype": 33, "logged": "2015-03-26T06:22:19.685Z", "card": 73, "event": null, "user": 1, "location": 19}, "model": "accounts.log", "pk": 187}, {"fields": {"polymorphic_ctype": 32, "logged": "2015-03-26T06:22:19.691Z", "card": null, "event": 3, "user": 1, "location": 19}, "model": "accounts.log", "pk": 188}, {"fields": {"polymorphic_ctype": 33, "logged": "2015-03-26T06:22:25.669Z", "card": 1, "event": null, "user": 1, "location": 19}, "model": "accounts.log", "pk": 189}, {"fields": {"polymorphic_ctype": 33, "logged": "2015-03-26T06:22:32.071Z", "card": 2, "event": null, "user": 1, "location": 19}, "model": "accounts.log", "pk": 190}, {"fields": {"polymorphic_ctype": 33, "logged": "2015-03-26T06:22:56.092Z", "card": 75, "event": null, "user": 1, "location": 19}, "model": "accounts.log", "pk": 191}, {"fields": {"polymorphic_ctype": 33, "logged": "2015-03-26T06:26:17.825Z", "card": 73, "event": null, "user": 1, "location": 19}, "model": "accounts.log", "pk": 192}, {"fields": {"polymorphic_ctype": 32, "logged": "2015-03-26T06:26:17.831Z", "card": null, "event": 3, "user": 1, "location": 19}, "model": "accounts.log", "pk": 193}, {"fields": {"polymorphic_ctype": 33, "logged": "2015-03-26T06:27:16.980Z", "card": 75, "event": null, "user": 1, "location": 19}, "model": "accounts.log", "pk": 194}, {"fields": {"polymorphic_ctype": 33, "logged": "2015-03-26T06:27:20.863Z", "card": 54, "event": null, "user": 1, "location": 19}, "model": "accounts.log", "pk": 195}, {"fields": {"polymorphic_ctype": 32, "logged": "2015-03-26T06:27:20.876Z", "card": null, "event": 4, "user": 1, "location": 19}, "model": "accounts.log", "pk": 196}, {"fields": {"polymorphic_ctype": 33, "logged": "2015-03-26T06:27:31.410Z", "card": 55, "event": null, "user": 1, "location": 19}, "model": "accounts.log", "pk": 197}, {"fields": {"polymorphic_ctype": 32, "logged": "2015-03-26T06:27:31.422Z", "card": null, "event": 5, "user": 1, "location": 19}, "model": "accounts.log", "pk": 198}, {"fields": {"polymorphic_ctype": 33, "logged": "2015-03-26T06:27:46.689Z", "card": 56, "event": null, "user": 1, "location": 19}, "model": "accounts.log", "pk": 199}, {"fields": {"polymorphic_ctype": 32, "logged": "2015-03-26T06:27:46.700Z", "card": null, "event": 4, "user": 1, "location": 19}, "model": "accounts.log", "pk": 200}, {"fields": {"polymorphic_ctype": 33, "logged": "2015-03-26T06:27:52.124Z", "card": 73, "event": null, "user": 1, "location": 19}, "model": "accounts.log", "pk": 201}, {"fields": {"polymorphic_ctype": 32, "logged": "2015-03-26T06:27:52.129Z", "card": null, "event": 3, "user": 1, "location": 19}, "model": "accounts.log", "pk": 202}, {"fields": {"polymorphic_ctype": 33, "logged": "2015-03-26T06:27:54.485Z", "card": 74, "event": null, "user": 1, "location": 19}, "model": "accounts.log", "pk": 203}, {"fields": {"polymorphic_ctype": 32, "logged": "2015-03-26T06:27:54.490Z", "card": null, "event": 8, "user": 1, "location": 19}, "model": "accounts.log", "pk": 204}, {"fields": {"polymorphic_ctype": 33, "logged": "2015-03-26T06:28:05.719Z", "card": 3, "event": null, "user": 1, "location": 19}, "model": "accounts.log", "pk": 205}, {"fields": {"polymorphic_ctype": 33, "logged": "2015-03-26T06:28:13.365Z", "card": 2, "event": null, "user": 1, "location": 19}, "model": "accounts.log", "pk": 206}, {"fields": {"polymorphic_ctype": 32, "logged": "2015-03-26T06:28:13.371Z", "card": null, "event": 6, "user": 1, "location": 19}, "model": "accounts.log", "pk": 207}, {"fields": {"polymorphic_ctype": 33, "logged": "2015-03-26T06:28:17.236Z", "card": 4, "event": null, "user": 1, "location": 19}, "model": "accounts.log", "pk": 208}, {"fields": {"polymorphic_ctype": 32, "logged": "2015-03-26T06:28:17.240Z", "card": null, "event": 7, "user": 1, "location": 19}, "model": "accounts.log", "pk": 209}, {"fields": {"polymorphic_ctype": 33, "logged": "2015-03-26T06:28:31.753Z", "card": 1, "event": null, "user": 1, "location": 19}, "model": "accounts.log", "pk": 210}, {"fields": {"polymorphic_ctype": 32, "logged": "2015-03-26T06:28:31.768Z", "card": null, "event": 12, "user": 1, "location": 19}, "model": "accounts.log", "pk": 211}, {"fields": {"polymorphic_ctype": 33, "logged": "2015-03-26T06:28:31.808Z", "card": null, "event": null, "user": 1, "location": 19}, "model": "accounts.log", "pk": 212}, {"fields": {"polymorphic_ctype": 32, "logged": "2015-03-26T06:28:31.813Z", "card": null, "event": 6, "user": 1, "location": 19}, "model": "accounts.log", "pk": 213}, {"fields": {"polymorphic_ctype": 33, "logged": "2015-03-26T06:28:31.840Z", "card": null, "event": null, "user": 1, "location": 19}, "model": "accounts.log", "pk": 214}, {"fields": {"polymorphic_ctype": 32, "logged": "2015-03-26T06:28:31.844Z", "card": null, "event": 6, "user": 1, "location": 19}, "model": "accounts.log", "pk": 215}, {"fields": {"polymorphic_ctype": 33, "logged": "2015-03-26T06:35:47.405Z", "card": 5, "event": null, "user": 1, "location": 19}, "model": "accounts.log", "pk": 216}, {"fields": {"polymorphic_ctype": 32, "logged": "2015-03-26T06:35:47.412Z", "card": null, "event": 6, "user": 1, "location": 19}, "model": "accounts.log", "pk": 217}, {"fields": {"polymorphic_ctype": 33, "logged": "2015-03-26T06:35:47.465Z", "card": null, "event": null, "user": 1, "location": 19}, "model": "accounts.log", "pk": 218}, {"fields": {"polymorphic_ctype": 32, "logged": "2015-03-26T06:35:47.469Z", "card": null, "event": 6, "user": 1, "location": 19}, "model": "accounts.log", "pk": 219}, {"fields": {"polymorphic_ctype": 33, "logged": "2015-03-26T06:35:47.510Z", "card": null, "event": null, "user": 1, "location": 19}, "model": "accounts.log", "pk": 220}, {"fields": {"polymorphic_ctype": 32, "logged": "2015-03-26T06:35:47.514Z", "card": null, "event": 6, "user": 1, "location": 19}, "model": "accounts.log", "pk": 221}, {"fields": {"polymorphic_ctype": 33, "logged": "2015-03-26T06:40:05.762Z", "card": 8, "event": null, "user": 1, "location": 19}, "model": "accounts.log", "pk": 222}, {"fields": {"polymorphic_ctype": 32, "logged": "2015-03-26T06:40:05.768Z", "card": null, "event": 6, "user": 1, "location": 19}, "model": "accounts.log", "pk": 223}, {"fields": {"polymorphic_ctype": 33, "logged": "2015-03-26T06:40:05.836Z", "card": null, "event": null, "user": 1, "location": 19}, "model": "accounts.log", "pk": 224}, {"fields": {"polymorphic_ctype": 32, "logged": "2015-03-26T06:40:05.841Z", "card": null, "event": 6, "user": 1, "location": 19}, "model": "accounts.log", "pk": 225}, {"fields": {"polymorphic_ctype": 33, "logged": "2015-03-26T06:40:05.891Z", "card": null, "event": null, "user": 1, "location": 19}, "model": "accounts.log", "pk": 226}, {"fields": {"polymorphic_ctype": 32, "logged": "2015-03-26T06:40:05.895Z", "card": null, "event": 6, "user": 1, "location": 19}, "model": "accounts.log", "pk": 227}, {"fields": {"polymorphic_ctype": 33, "logged": "2015-03-26T06:41:13.245Z", "card": 73, "event": null, "user": 1, "location": 19}, "model": "accounts.log", "pk": 228}, {"fields": {"polymorphic_ctype": 32, "logged": "2015-03-26T06:41:13.251Z", "card": null, "event": 3, "user": 1, "location": 19}, "model": "accounts.log", "pk": 229}, {"fields": {"polymorphic_ctype": 33, "logged": "2015-03-26T06:41:16.882Z", "card": 75, "event": null, "user": 1, "location": 19}, "model": "accounts.log", "pk": 230}, {"fields": {"polymorphic_ctype": 33, "logged": "2015-03-26T06:41:23.487Z", "card": 73, "event": null, "user": 1, "location": 19}, "model": "accounts.log", "pk": 231}, {"fields": {"polymorphic_ctype": 32, "logged": "2015-03-26T06:41:23.494Z", "card": null, "event": 3, "user": 1, "location": 19}, "model": "accounts.log", "pk": 232}, {"fields": {"polymorphic_ctype": 33, "logged": "2015-03-26T06:41:25.273Z", "card": 74, "event": null, "user": 1, "location": 19}, "model": "accounts.log", "pk": 233}, {"fields": {"polymorphic_ctype": 33, "logged": "2015-03-26T06:41:39.028Z", "card": 74, "event": null, "user": 1, "location": 19}, "model": "accounts.log", "pk": 234}, {"fields": {"polymorphic_ctype": 33, "logged": "2015-03-26T06:41:44.283Z", "card": 75, "event": null, "user": 1, "location": 19}, "model": "accounts.log", "pk": 235}, {"fields": {"polymorphic_ctype": 33, "logged": "2015-03-26T06:41:46.984Z", "card": 54, "event": null, "user": 1, "location": 19}, "model": "accounts.log", "pk": 236}, {"fields": {"polymorphic_ctype": 32, "logged": "2015-03-26T06:41:46.996Z", "card": null, "event": 4, "user": 1, "location": 19}, "model": "accounts.log", "pk": 237}, {"fields": {"polymorphic_ctype": 33, "logged": "2015-03-26T06:41:50.487Z", "card": 73, "event": null, "user": 1, "location": 19}, "model": "accounts.log", "pk": 238}, {"fields": {"polymorphic_ctype": 32, "logged": "2015-03-26T06:41:50.492Z", "card": null, "event": 3, "user": 1, "location": 19}, "model": "accounts.log", "pk": 239}, {"fields": {"polymorphic_ctype": 33, "logged": "2015-03-26T06:41:52.407Z", "card": 74, "event": null, "user": 1, "location": 19}, "model": "accounts.log", "pk": 240}, {"fields": {"polymorphic_ctype": 32, "logged": "2015-03-26T06:41:52.413Z", "card": null, "event": 8, "user": 1, "location": 19}, "model": "accounts.log", "pk": 241}, {"fields": {"polymorphic_ctype": 33, "logged": "2015-03-26T06:41:56.472Z", "card": 3, "event": null, "user": 1, "location": 19}, "model": "accounts.log", "pk": 242}, {"fields": {"polymorphic_ctype": 33, "logged": "2015-03-26T06:41:59.884Z", "card": 4, "event": null, "user": 1, "location": 19}, "model": "accounts.log", "pk": 243}, {"fields": {"polymorphic_ctype": 33, "logged": "2015-03-26T06:42:08.054Z", "card": 2, "event": null, "user": 1, "location": 19}, "model": "accounts.log", "pk": 244}, {"fields": {"polymorphic_ctype": 32, "logged": "2015-03-26T06:42:08.059Z", "card": null, "event": 6, "user": 1, "location": 19}, "model": "accounts.log", "pk": 245}, {"fields": {"polymorphic_ctype": 33, "logged": "2015-03-26T06:42:15.583Z", "card": 1, "event": null, "user": 1, "location": 19}, "model": "accounts.log", "pk": 246}, {"fields": {"polymorphic_ctype": 32, "logged": "2015-03-26T06:42:15.592Z", "card": null, "event": 12, "user": 1, "location": 19}, "model": "accounts.log", "pk": 247}, {"fields": {"polymorphic_ctype": 33, "logged": "2015-03-26T06:42:15.627Z", "card": null, "event": null, "user": 1, "location": 19}, "model": "accounts.log", "pk": 248}, {"fields": {"polymorphic_ctype": 32, "logged": "2015-03-26T06:42:15.631Z", "card": null, "event": 6, "user": 1, "location": 19}, "model": "accounts.log", "pk": 249}, {"fields": {"polymorphic_ctype": 33, "logged": "2015-03-26T06:42:15.655Z", "card": null, "event": null, "user": 1, "location": 19}, "model": "accounts.log", "pk": 250}, {"fields": {"polymorphic_ctype": 32, "logged": "2015-03-26T06:42:15.659Z", "card": null, "event": 6, "user": 1, "location": 19}, "model": "accounts.log", "pk": 251}, {"fields": {"polymorphic_ctype": 33, "logged": "2015-03-26T06:42:33.765Z", "card": null, "event": null, "user": 1, "location": 19}, "model": "accounts.log", "pk": 252}, {"fields": {"polymorphic_ctype": 32, "logged": "2015-03-26T06:42:33.769Z", "card": null, "event": 6, "user": 1, "location": 19}, "model": "accounts.log", "pk": 253}, {"fields": {"polymorphic_ctype": 33, "logged": "2015-03-26T06:42:33.803Z", "card": null, "event": null, "user": 1, "location": 19}, "model": "accounts.log", "pk": 254}, {"fields": {"polymorphic_ctype": 32, "logged": "2015-03-26T06:42:33.807Z", "card": null, "event": 6, "user": 1, "location": 19}, "model": "accounts.log", "pk": 255}, {"fields": {"polymorphic_ctype": 33, "logged": "2015-03-26T06:42:38.755Z", "card": null, "event": null, "user": 1, "location": 19}, "model": "accounts.log", "pk": 256}, {"fields": {"polymorphic_ctype": 32, "logged": "2015-03-26T06:42:38.759Z", "card": null, "event": 6, "user": 1, "location": 19}, "model": "accounts.log", "pk": 257}, {"fields": {"polymorphic_ctype": 33, "logged": "2015-03-26T06:42:38.802Z", "card": null, "event": null, "user": 1, "location": 19}, "model": "accounts.log", "pk": 258}, {"fields": {"polymorphic_ctype": 32, "logged": "2015-03-26T06:42:38.806Z", "card": null, "event": 6, "user": 1, "location": 19}, "model": "accounts.log", "pk": 259}, {"fields": {"polymorphic_ctype": 33, "logged": "2015-03-26T06:46:06.776Z", "card": 73, "event": null, "user": 1, "location": 19}, "model": "accounts.log", "pk": 260}, {"fields": {"polymorphic_ctype": 32, "logged": "2015-03-26T06:46:06.783Z", "card": null, "event": 3, "user": 1, "location": 19}, "model": "accounts.log", "pk": 261}, {"fields": {"polymorphic_ctype": 33, "logged": "2015-03-26T06:46:16.950Z", "card": 75, "event": null, "user": 1, "location": 19}, "model": "accounts.log", "pk": 262}, {"fields": {"polymorphic_ctype": 33, "logged": "2015-03-26T06:46:30.651Z", "card": 56, "event": null, "user": 1, "location": 19}, "model": "accounts.log", "pk": 263}, {"fields": {"polymorphic_ctype": 32, "logged": "2015-03-26T06:46:30.666Z", "card": null, "event": 4, "user": 1, "location": 19}, "model": "accounts.log", "pk": 264}, {"fields": {"polymorphic_ctype": 33, "logged": "2015-03-26T06:48:54.185Z", "card": 73, "event": null, "user": 1, "location": 19}, "model": "accounts.log", "pk": 265}, {"fields": {"polymorphic_ctype": 32, "logged": "2015-03-26T06:48:54.191Z", "card": null, "event": 3, "user": 1, "location": 19}, "model": "accounts.log", "pk": 266}, {"fields": {"polymorphic_ctype": 33, "logged": "2015-03-26T06:48:59.073Z", "card": 74, "event": null, "user": 1, "location": 19}, "model": "accounts.log", "pk": 267}, {"fields": {"polymorphic_ctype": 32, "logged": "2015-03-26T06:48:59.079Z", "card": null, "event": 8, "user": 1, "location": 19}, "model": "accounts.log", "pk": 268}, {"fields": {"polymorphic_ctype": 33, "logged": "2015-03-26T06:49:05.841Z", "card": 36, "event": null, "user": 1, "location": 19}, "model": "accounts.log", "pk": 269}, {"fields": {"polymorphic_ctype": 33, "logged": "2015-03-26T06:49:08.503Z", "card": 5, "event": null, "user": 1, "location": 19}, "model": "accounts.log", "pk": 270}, {"fields": {"polymorphic_ctype": 33, "logged": "2015-03-26T06:49:12.119Z", "card": 1, "event": null, "user": 1, "location": 19}, "model": "accounts.log", "pk": 271}, {"fields": {"polymorphic_ctype": 32, "logged": "2015-03-26T06:49:12.126Z", "card": null, "event": 6, "user": 1, "location": 19}, "model": "accounts.log", "pk": 272}, {"fields": {"polymorphic_ctype": 33, "logged": "2015-03-26T06:49:22.029Z", "card": 2, "event": null, "user": 1, "location": 19}, "model": "accounts.log", "pk": 273}, {"fields": {"polymorphic_ctype": 32, "logged": "2015-03-26T06:49:22.042Z", "card": null, "event": 12, "user": 1, "location": 19}, "model": "accounts.log", "pk": 274}, {"fields": {"polymorphic_ctype": 33, "logged": "2015-03-26T06:49:22.080Z", "card": null, "event": null, "user": 1, "location": 19}, "model": "accounts.log", "pk": 275}, {"fields": {"polymorphic_ctype": 32, "logged": "2015-03-26T06:49:22.084Z", "card": null, "event": 6, "user": 1, "location": 19}, "model": "accounts.log", "pk": 276}, {"fields": {"polymorphic_ctype": 33, "logged": "2015-03-26T06:49:22.114Z", "card": null, "event": null, "user": 1, "location": 19}, "model": "accounts.log", "pk": 277}, {"fields": {"polymorphic_ctype": 32, "logged": "2015-03-26T06:49:22.118Z", "card": null, "event": 6, "user": 1, "location": 19}, "model": "accounts.log", "pk": 278}, {"fields": {"polymorphic_ctype": 33, "logged": "2015-03-26T06:55:20.438Z", "card": null, "event": null, "user": 1, "location": 19}, "model": "accounts.log", "pk": 279}, {"fields": {"polymorphic_ctype": 32, "logged": "2015-03-26T06:55:20.444Z", "card": null, "event": 6, "user": 1, "location": 19}, "model": "accounts.log", "pk": 280}, {"fields": {"polymorphic_ctype": 33, "logged": "2015-03-26T06:55:20.478Z", "card": null, "event": null, "user": 1, "location": 19}, "model": "accounts.log", "pk": 281}, {"fields": {"polymorphic_ctype": 32, "logged": "2015-03-26T06:55:20.481Z", "card": null, "event": 6, "user": 1, "location": 19}, "model": "accounts.log", "pk": 282}, {"fields": {"polymorphic_ctype": 33, "logged": "2015-03-26T06:55:46.502Z", "card": null, "event": null, "user": 1, "location": 19}, "model": "accounts.log", "pk": 283}, {"fields": {"polymorphic_ctype": 32, "logged": "2015-03-26T06:55:46.508Z", "card": null, "event": 6, "user": 1, "location": 19}, "model": "accounts.log", "pk": 284}, {"fields": {"polymorphic_ctype": 33, "logged": "2015-03-26T06:55:46.553Z", "card": null, "event": null, "user": 1, "location": 19}, "model": "accounts.log", "pk": 285}, {"fields": {"polymorphic_ctype": 32, "logged": "2015-03-26T06:55:46.557Z", "card": null, "event": 6, "user": 1, "location": 19}, "model": "accounts.log", "pk": 286}, {"fields": {"polymorphic_ctype": 33, "logged": "2015-03-26T06:58:16.492Z", "card": null, "event": null, "user": 1, "location": 19}, "model": "accounts.log", "pk": 287}, {"fields": {"polymorphic_ctype": 32, "logged": "2015-03-26T06:58:16.497Z", "card": null, "event": 6, "user": 1, "location": 19}, "model": "accounts.log", "pk": 288}, {"fields": {"polymorphic_ctype": 33, "logged": "2015-03-26T06:58:16.553Z", "card": null, "event": null, "user": 1, "location": 19}, "model": "accounts.log", "pk": 289}, {"fields": {"polymorphic_ctype": 32, "logged": "2015-03-26T06:58:16.557Z", "card": null, "event": 6, "user": 1, "location": 19}, "model": "accounts.log", "pk": 290}, {"fields": {"polymorphic_ctype": 33, "logged": "2015-03-26T06:59:06.062Z", "card": null, "event": null, "user": 1, "location": 19}, "model": "accounts.log", "pk": 291}, {"fields": {"polymorphic_ctype": 32, "logged": "2015-03-26T06:59:06.067Z", "card": null, "event": 6, "user": 1, "location": 19}, "model": "accounts.log", "pk": 292}, {"fields": {"polymorphic_ctype": 33, "logged": "2015-03-26T06:59:06.131Z", "card": null, "event": null, "user": 1, "location": 19}, "model": "accounts.log", "pk": 293}, {"fields": {"polymorphic_ctype": 32, "logged": "2015-03-26T06:59:06.134Z", "card": null, "event": 6, "user": 1, "location": 19}, "model": "accounts.log", "pk": 294}, {"fields": {"polymorphic_ctype": 33, "logged": "2015-03-26T06:59:34.502Z", "card": null, "event": null, "user": 1, "location": 19}, "model": "accounts.log", "pk": 295}, {"fields": {"polymorphic_ctype": 32, "logged": "2015-03-26T06:59:34.506Z", "card": null, "event": 6, "user": 1, "location": 19}, "model": "accounts.log", "pk": 296}, {"fields": {"polymorphic_ctype": 33, "logged": "2015-03-26T06:59:34.579Z", "card": null, "event": null, "user": 1, "location": 19}, "model": "accounts.log", "pk": 297}, {"fields": {"polymorphic_ctype": 32, "logged": "2015-03-26T06:59:34.582Z", "card": null, "event": 6, "user": 1, "location": 19}, "model": "accounts.log", "pk": 298}, {"fields": {"polymorphic_ctype": 33, "logged": "2015-03-26T07:00:20.220Z", "card": null, "event": null, "user": 1, "location": 19}, "model": "accounts.log", "pk": 299}, {"fields": {"polymorphic_ctype": 32, "logged": "2015-03-26T07:00:20.226Z", "card": null, "event": 6, "user": 1, "location": 19}, "model": "accounts.log", "pk": 300}, {"fields": {"polymorphic_ctype": 33, "logged": "2015-03-26T07:00:20.309Z", "card": null, "event": null, "user": 1, "location": 19}, "model": "accounts.log", "pk": 301}, {"fields": {"polymorphic_ctype": 32, "logged": "2015-03-26T07:00:20.312Z", "card": null, "event": 6, "user": 1, "location": 19}, "model": "accounts.log", "pk": 302}, {"fields": {"polymorphic_ctype": 33, "logged": "2015-03-26T07:02:47.842Z", "card": null, "event": null, "user": 1, "location": 19}, "model": "accounts.log", "pk": 303}, {"fields": {"polymorphic_ctype": 32, "logged": "2015-03-26T07:02:47.845Z", "card": null, "event": 6, "user": 1, "location": 19}, "model": "accounts.log", "pk": 304}, {"fields": {"polymorphic_ctype": 33, "logged": "2015-03-26T07:02:47.928Z", "card": null, "event": null, "user": 1, "location": 19}, "model": "accounts.log", "pk": 305}, {"fields": {"polymorphic_ctype": 32, "logged": "2015-03-26T07:02:47.932Z", "card": null, "event": 6, "user": 1, "location": 19}, "model": "accounts.log", "pk": 306}, {"fields": {"polymorphic_ctype": 33, "logged": "2015-03-26T07:04:21.920Z", "card": null, "event": null, "user": 1, "location": 19}, "model": "accounts.log", "pk": 307}, {"fields": {"polymorphic_ctype": 32, "logged": "2015-03-26T07:04:21.923Z", "card": null, "event": 6, "user": 1, "location": 19}, "model": "accounts.log", "pk": 308}, {"fields": {"polymorphic_ctype": 33, "logged": "2015-03-26T07:04:22.016Z", "card": null, "event": null, "user": 1, "location": 19}, "model": "accounts.log", "pk": 309}, {"fields": {"polymorphic_ctype": 32, "logged": "2015-03-26T07:04:22.019Z", "card": null, "event": 6, "user": 1, "location": 19}, "model": "accounts.log", "pk": 310}, {"fields": {"polymorphic_ctype": 33, "logged": "2015-03-26T07:06:14.927Z", "card": null, "event": null, "user": 1, "location": 19}, "model": "accounts.log", "pk": 311}, {"fields": {"polymorphic_ctype": 32, "logged": "2015-03-26T07:06:14.932Z", "card": null, "event": 6, "user": 1, "location": 19}, "model": "accounts.log", "pk": 312}, {"fields": {"polymorphic_ctype": 33, "logged": "2015-03-26T07:06:15.029Z", "card": null, "event": null, "user": 1, "location": 19}, "model": "accounts.log", "pk": 313}, {"fields": {"polymorphic_ctype": 32, "logged": "2015-03-26T07:06:15.032Z", "card": null, "event": 6, "user": 1, "location": 19}, "model": "accounts.log", "pk": 314}, {"fields": {"polymorphic_ctype": 33, "logged": "2015-03-26T07:08:24.934Z", "card": 55, "event": null, "user": 1, "location": 19}, "model": "accounts.log", "pk": 315}, {"fields": {"polymorphic_ctype": 32, "logged": "2015-03-26T07:08:24.953Z", "card": null, "event": 4, "user": 1, "location": 19}, "model": "accounts.log", "pk": 316}, {"fields": {"polymorphic_ctype": 33, "logged": "2015-03-26T07:08:28.242Z", "card": 73, "event": null, "user": 1, "location": 19}, "model": "accounts.log", "pk": 317}, {"fields": {"polymorphic_ctype": 32, "logged": "2015-03-26T07:08:28.247Z", "card": null, "event": 3, "user": 1, "location": 19}, "model": "accounts.log", "pk": 318}, {"fields": {"polymorphic_ctype": 33, "logged": "2015-03-26T07:08:31.388Z", "card": 74, "event": null, "user": 1, "location": 19}, "model": "accounts.log", "pk": 319}, {"fields": {"polymorphic_ctype": 32, "logged": "2015-03-26T07:08:31.394Z", "card": null, "event": 8, "user": 1, "location": 19}, "model": "accounts.log", "pk": 320}, {"fields": {"polymorphic_ctype": 33, "logged": "2015-03-26T07:08:33.681Z", "card": 36, "event": null, "user": 1, "location": 19}, "model": "accounts.log", "pk": 321}, {"fields": {"polymorphic_ctype": 33, "logged": "2015-03-26T07:10:12.704Z", "card": 4, "event": null, "user": 1, "location": 19}, "model": "accounts.log", "pk": 322}, {"fields": {"polymorphic_ctype": 33, "logged": "2015-03-26T07:10:17.463Z", "card": 8, "event": null, "user": 1, "location": 19}, "model": "accounts.log", "pk": 323}, {"fields": {"polymorphic_ctype": 32, "logged": "2015-03-26T07:10:17.471Z", "card": null, "event": 6, "user": 1, "location": 19}, "model": "accounts.log", "pk": 324}, {"fields": {"polymorphic_ctype": 33, "logged": "2015-03-26T14:48:24.090Z", "card": 81, "event": null, "user": 1, "location": 19}, "model": "accounts.log", "pk": 325}, {"fields": {"polymorphic_ctype": 32, "logged": "2015-03-26T14:48:24.097Z", "card": null, "event": 15, "user": 1, "location": 19}, "model": "accounts.log", "pk": 326}, {"fields": {"polymorphic_ctype": 33, "logged": "2015-03-26T15:05:51.997Z", "card": 75, "event": null, "user": 1, "location": 19}, "model": "accounts.log", "pk": 327}, {"fields": {"polymorphic_ctype": 33, "logged": "2015-03-26T15:06:24.386Z", "card": 75, "event": null, "user": 1, "location": 19}, "model": "accounts.log", "pk": 328}, {"fields": {"polymorphic_ctype": 33, "logged": "2015-03-26T15:37:17.938Z", "card": 56, "event": null, "user": 1, "location": 19}, "model": "accounts.log", "pk": 329}, {"fields": {"polymorphic_ctype": 33, "logged": "2015-03-26T15:38:04.636Z", "card": 54, "event": null, "user": 1, "location": 19}, "model": "accounts.log", "pk": 330}, {"fields": {"polymorphic_ctype": 33, "logged": "2015-03-26T15:38:11.381Z", "card": 51, "event": null, "user": 1, "location": 19}, "model": "accounts.log", "pk": 331}, {"fields": {"polymorphic_ctype": 33, "logged": "2015-03-26T15:38:44.089Z", "card": 53, "event": null, "user": 1, "location": 19}, "model": "accounts.log", "pk": 332}, {"fields": {"polymorphic_ctype": 33, "logged": "2015-03-26T15:38:45.720Z", "card": 55, "event": null, "user": 1, "location": 19}, "model": "accounts.log", "pk": 333}, {"fields": {"polymorphic_ctype": 32, "logged": "2015-03-26T15:38:45.734Z", "card": null, "event": 4, "user": 1, "location": 19}, "model": "accounts.log", "pk": 334}, {"fields": {"polymorphic_ctype": 33, "logged": "2015-03-26T15:38:52.483Z", "card": 73, "event": null, "user": 1, "location": 19}, "model": "accounts.log", "pk": 335}, {"fields": {"polymorphic_ctype": 32, "logged": "2015-03-26T15:38:52.488Z", "card": null, "event": 3, "user": 1, "location": 19}, "model": "accounts.log", "pk": 336}, {"fields": {"polymorphic_ctype": 33, "logged": "2015-03-26T15:38:57.782Z", "card": 74, "event": null, "user": 1, "location": 19}, "model": "accounts.log", "pk": 337}, {"fields": {"polymorphic_ctype": 32, "logged": "2015-03-26T15:38:57.787Z", "card": null, "event": 8, "user": 1, "location": 19}, "model": "accounts.log", "pk": 338}, {"fields": {"polymorphic_ctype": 33, "logged": "2015-03-26T15:39:06.361Z", "card": 3, "event": null, "user": 1, "location": 19}, "model": "accounts.log", "pk": 339}, {"fields": {"polymorphic_ctype": 32, "logged": "2015-03-26T15:39:06.366Z", "card": null, "event": 6, "user": 1, "location": 19}, "model": "accounts.log", "pk": 340}, {"fields": {"polymorphic_ctype": 33, "logged": "2015-03-26T15:39:59.974Z", "card": 76, "event": null, "user": 1, "location": 19}, "model": "accounts.log", "pk": 341}, {"fields": {"polymorphic_ctype": 33, "logged": "2015-03-26T15:40:09.338Z", "card": 82, "event": null, "user": 1, "location": 19}, "model": "accounts.log", "pk": 342}, {"fields": {"polymorphic_ctype": 32, "logged": "2015-03-26T15:40:09.343Z", "card": null, "event": 20, "user": 1, "location": 19}, "model": "accounts.log", "pk": 343}, {"fields": {"polymorphic_ctype": 33, "logged": "2015-03-26T17:31:12.356Z", "card": 83, "event": null, "user": 1, "location": 19}, "model": "accounts.log", "pk": 344}, {"fields": {"polymorphic_ctype": 33, "logged": "2015-03-26T17:31:48.997Z", "card": 83, "event": null, "user": 1, "location": 19}, "model": "accounts.log", "pk": 345}, {"fields": {"polymorphic_ctype": 32, "logged": "2015-03-26T17:31:49.020Z", "card": null, "event": 21, "user": 1, "location": 19}, "model": "accounts.log", "pk": 346}, {"fields": {"polymorphic_ctype": 33, "logged": "2015-03-26T17:45:41.440Z", "card": 85, "event": null, "user": 1, "location": 19}, "model": "accounts.log", "pk": 347}, {"fields": {"polymorphic_ctype": 33, "logged": "2015-03-26T17:47:51.710Z", "card": 85, "event": null, "user": 1, "location": 19}, "model": "accounts.log", "pk": 348}, {"fields": {"polymorphic_ctype": 33, "logged": "2015-03-26T17:47:56.784Z", "card": 84, "event": null, "user": 1, "location": 19}, "model": "accounts.log", "pk": 349}, {"fields": {"polymorphic_ctype": 33, "logged": "2015-03-26T17:48:01.119Z", "card": 87, "event": null, "user": 1, "location": 19}, "model": "accounts.log", "pk": 350}, {"fields": {"polymorphic_ctype": 33, "logged": "2015-03-26T17:48:10.966Z", "card": 75, "event": null, "user": 1, "location": 19}, "model": "accounts.log", "pk": 351}, {"fields": {"trigger": 34}, "model": "accounts.triggerlog", "pk": 144}, {"fields": {"trigger": 10}, "model": "accounts.triggerlog", "pk": 146}, {"fields": {"trigger": 36}, "model": "accounts.triggerlog", "pk": 147}, {"fields": {"trigger": 34}, "model": "accounts.triggerlog", "pk": 149}, {"fields": {"trigger": 8}, "model": "accounts.triggerlog", "pk": 151}, {"fields": {"trigger": 12}, "model": "accounts.triggerlog", "pk": 153}, {"fields": {"trigger": 6}, "model": "accounts.triggerlog", "pk": 155}, {"fields": {"trigger": 7}, "model": "accounts.triggerlog", "pk": 157}, {"fields": {"trigger": 9}, "model": "accounts.triggerlog", "pk": 158}, {"fields": {"trigger": 34}, "model": "accounts.triggerlog", "pk": 159}, {"fields": {"trigger": 34}, "model": "accounts.triggerlog", "pk": 161}, {"fields": {"trigger": 9}, "model": "accounts.triggerlog", "pk": 163}, {"fields": {"trigger": 34}, "model": "accounts.triggerlog", "pk": 164}, {"fields": {"trigger": 34}, "model": "accounts.triggerlog", "pk": 166}, {"fields": {"trigger": 34}, "model": "accounts.triggerlog", "pk": 168}, {"fields": {"trigger": 34}, "model": "accounts.triggerlog", "pk": 170}, {"fields": {"trigger": 34}, "model": "accounts.triggerlog", "pk": 172}, {"fields": {"trigger": 36}, "model": "accounts.triggerlog", "pk": 174}, {"fields": {"trigger": 34}, "model": "accounts.triggerlog", "pk": 176}, {"fields": {"trigger": 8}, "model": "accounts.triggerlog", "pk": 178}, {"fields": {"trigger": 15}, "model": "accounts.triggerlog", "pk": 180}, {"fields": {"trigger": 15}, "model": "accounts.triggerlog", "pk": 181}, {"fields": {"trigger": 16}, "model": "accounts.triggerlog", "pk": 182}, {"fields": {"trigger": 15}, "model": "accounts.triggerlog", "pk": 183}, {"fields": {"trigger": 13}, "model": "accounts.triggerlog", "pk": 184}, {"fields": {"trigger": 9}, "model": "accounts.triggerlog", "pk": 186}, {"fields": {"trigger": 34}, "model": "accounts.triggerlog", "pk": 187}, {"fields": {"trigger": 5}, "model": "accounts.triggerlog", "pk": 189}, {"fields": {"trigger": 5}, "model": "accounts.triggerlog", "pk": 190}, {"fields": {"trigger": 9}, "model": "accounts.triggerlog", "pk": 191}, {"fields": {"trigger": 34}, "model": "accounts.triggerlog", "pk": 192}, {"fields": {"trigger": 9}, "model": "accounts.triggerlog", "pk": 194}, {"fields": {"trigger": 36}, "model": "accounts.triggerlog", "pk": 195}, {"fields": {"trigger": 35}, "model": "accounts.triggerlog", "pk": 197}, {"fields": {"trigger": 36}, "model": "accounts.triggerlog", "pk": 199}, {"fields": {"trigger": 34}, "model": "accounts.triggerlog", "pk": 201}, {"fields": {"trigger": 8}, "model": "accounts.triggerlog", "pk": 203}, {"fields": {"trigger": 15}, "model": "accounts.triggerlog", "pk": 205}, {"fields": {"trigger": 12}, "model": "accounts.triggerlog", "pk": 206}, {"fields": {"trigger": 6}, "model": "accounts.triggerlog", "pk": 208}, {"fields": {"trigger": 11}, "model": "accounts.triggerlog", "pk": 210}, {"fields": {"trigger": 22}, "model": "accounts.triggerlog", "pk": 212}, {"fields": {"trigger": 22}, "model": "accounts.triggerlog", "pk": 214}, {"fields": {"trigger": 22}, "model": "accounts.triggerlog", "pk": 216}, {"fields": {"trigger": 22}, "model": "accounts.triggerlog", "pk": 218}, {"fields": {"trigger": 22}, "model": "accounts.triggerlog", "pk": 220}, {"fields": {"trigger": 22}, "model": "accounts.triggerlog", "pk": 222}, {"fields": {"trigger": 22}, "model": "accounts.triggerlog", "pk": 224}, {"fields": {"trigger": 22}, "model": "accounts.triggerlog", "pk": 226}, {"fields": {"trigger": 34}, "model": "accounts.triggerlog", "pk": 228}, {"fields": {"trigger": 9}, "model": "accounts.triggerlog", "pk": 230}, {"fields": {"trigger": 34}, "model": "accounts.triggerlog", "pk": 231}, {"fields": {"trigger": 10}, "model": "accounts.triggerlog", "pk": 233}, {"fields": {"trigger": 10}, "model": "accounts.triggerlog", "pk": 234}, {"fields": {"trigger": 9}, "model": "accounts.triggerlog", "pk": 235}, {"fields": {"trigger": 36}, "model": "accounts.triggerlog", "pk": 236}, {"fields": {"trigger": 34}, "model": "accounts.triggerlog", "pk": 238}, {"fields": {"trigger": 8}, "model": "accounts.triggerlog", "pk": 240}, {"fields": {"trigger": 15}, "model": "accounts.triggerlog", "pk": 242}, {"fields": {"trigger": 16}, "model": "accounts.triggerlog", "pk": 243}, {"fields": {"trigger": 12}, "model": "accounts.triggerlog", "pk": 244}, {"fields": {"trigger": 11}, "model": "accounts.triggerlog", "pk": 246}, {"fields": {"trigger": 22}, "model": "accounts.triggerlog", "pk": 248}, {"fields": {"trigger": 22}, "model": "accounts.triggerlog", "pk": 250}, {"fields": {"trigger": 22}, "model": "accounts.triggerlog", "pk": 252}, {"fields": {"trigger": 22}, "model": "accounts.triggerlog", "pk": 254}, {"fields": {"trigger": 22}, "model": "accounts.triggerlog", "pk": 256}, {"fields": {"trigger": 22}, "model": "accounts.triggerlog", "pk": 258}, {"fields": {"trigger": 34}, "model": "accounts.triggerlog", "pk": 260}, {"fields": {"trigger": 9}, "model": "accounts.triggerlog", "pk": 262}, {"fields": {"trigger": 36}, "model": "accounts.triggerlog", "pk": 263}, {"fields": {"trigger": 34}, "model": "accounts.triggerlog", "pk": 265}, {"fields": {"trigger": 8}, "model": "accounts.triggerlog", "pk": 267}, {"fields": {"trigger": 15}, "model": "accounts.triggerlog", "pk": 269}, {"fields": {"trigger": 16}, "model": "accounts.triggerlog", "pk": 270}, {"fields": {"trigger": 12}, "model": "accounts.triggerlog", "pk": 271}, {"fields": {"trigger": 11}, "model": "accounts.triggerlog", "pk": 273}, {"fields": {"trigger": 22}, "model": "accounts.triggerlog", "pk": 275}, {"fields": {"trigger": 22}, "model": "accounts.triggerlog", "pk": 277}, {"fields": {"trigger": 22}, "model": "accounts.triggerlog", "pk": 279}, {"fields": {"trigger": 22}, "model": "accounts.triggerlog", "pk": 281}, {"fields": {"trigger": 22}, "model": "accounts.triggerlog", "pk": 283}, {"fields": {"trigger": 22}, "model": "accounts.triggerlog", "pk": 285}, {"fields": {"trigger": 22}, "model": "accounts.triggerlog", "pk": 287}, {"fields": {"trigger": 22}, "model": "accounts.triggerlog", "pk": 289}, {"fields": {"trigger": 22}, "model": "accounts.triggerlog", "pk": 291}, {"fields": {"trigger": 22}, "model": "accounts.triggerlog", "pk": 293}, {"fields": {"trigger": 22}, "model": "accounts.triggerlog", "pk": 295}, {"fields": {"trigger": 22}, "model": "accounts.triggerlog", "pk": 297}, {"fields": {"trigger": 22}, "model": "accounts.triggerlog", "pk": 299}, {"fields": {"trigger": 22}, "model": "accounts.triggerlog", "pk": 301}, {"fields": {"trigger": 22}, "model": "accounts.triggerlog", "pk": 303}, {"fields": {"trigger": 22}, "model": "accounts.triggerlog", "pk": 305}, {"fields": {"trigger": 22}, "model": "accounts.triggerlog", "pk": 307}, {"fields": {"trigger": 22}, "model": "accounts.triggerlog", "pk": 309}, {"fields": {"trigger": 22}, "model": "accounts.triggerlog", "pk": 311}, {"fields": {"trigger": 22}, "model": "accounts.triggerlog", "pk": 313}, {"fields": {"trigger": 36}, "model": "accounts.triggerlog", "pk": 315}, {"fields": {"trigger": 34}, "model": "accounts.triggerlog", "pk": 317}, {"fields": {"trigger": 8}, "model": "accounts.triggerlog", "pk": 319}, {"fields": {"trigger": 15}, "model": "accounts.triggerlog", "pk": 321}, {"fields": {"trigger": 16}, "model": "accounts.triggerlog", "pk": 322}, {"fields": {"trigger": 14}, "model": "accounts.triggerlog", "pk": 323}, {"fields": {"trigger": 33}, "model": "accounts.triggerlog", "pk": 325}, {"fields": {"trigger": 9}, "model": "accounts.triggerlog", "pk": 327}, {"fields": {"trigger": 9}, "model": "accounts.triggerlog", "pk": 328}, {"fields": {"trigger": 35}, "model": "accounts.triggerlog", "pk": 329}, {"fields": {"trigger": 35}, "model": "accounts.triggerlog", "pk": 330}, {"fields": {"trigger": 41}, "model": "accounts.triggerlog", "pk": 331}, {"fields": {"trigger": 41}, "model": "accounts.triggerlog", "pk": 332}, {"fields": {"trigger": 36}, "model": "accounts.triggerlog", "pk": 333}, {"fields": {"trigger": 34}, "model": "accounts.triggerlog", "pk": 335}, {"fields": {"trigger": 8}, "model": "accounts.triggerlog", "pk": 337}, {"fields": {"trigger": 12}, "model": "accounts.triggerlog", "pk": 339}, {"fields": {"trigger": 41}, "model": "accounts.triggerlog", "pk": 341}, {"fields": {"trigger": 37}, "model": "accounts.triggerlog", "pk": 342}, {"fields": {"trigger": 52}, "model": "accounts.triggerlog", "pk": 344}, {"fields": {"trigger": 51}, "model": "accounts.triggerlog", "pk": 345}, {"fields": {"trigger": 43}, "model": "accounts.triggerlog", "pk": 347}, {"fields": {"trigger": 45}, "model": "accounts.triggerlog", "pk": 348}, {"fields": {"trigger": 43}, "model": "accounts.triggerlog", "pk": 349}, {"fields": {"trigger": 46}, "model": "accounts.triggerlog", "pk": 350}, {"fields": {"trigger": 9}, "model": "accounts.triggerlog", "pk": 351}, {"fields": {"name": "steve_home", "temporary": true}, "model": "accounts.flag", "pk": 1}, {"fields": {"name": "night", "temporary": false}, "model": "accounts.flag", "pk": 2}, {"fields": {"name": "steve_unconscious", "temporary": false}, "model": "accounts.flag", "pk": 3}, {"fields": {"name": "break_in", "temporary": true}, "model": "accounts.flag", "pk": 4}, {"fields": {"name": "affair_revealed", "temporary": false}, "model": "accounts.flag", "pk": 5}, {"fields": {"dependent_flag": 1, "dependent_flag_value": 1, "independent_flag": 2, "independent_flag_value": 1}, "model": "accounts.flagdependency", "pk": 1}, {"fields": {"flag": 2, "player": 1, "state": 1}, "model": "accounts.playerflag", "pk": 1}, {"fields": {"flag": 3, "player": 1, "state": 0}, "model": "accounts.playerflag", "pk": 16}, {"fields": {"flag": 1, "player": 1, "state": 1}, "model": "accounts.playerflag", "pk": 18}, {"fields": {"flag": 4, "player": 1, "state": 0}, "model": "accounts.playerflag", "pk": 19}, {"fields": {"flag": 5, "player": 1, "state": 1}, "model": "accounts.playerflag", "pk": 20}, {"fields": {"flag": 1, "state": 0, "log": 145}, "model": "accounts.logflag", "pk": 8}, {"fields": {"flag": 1, "state": 0, "log": 150}, "model": "accounts.logflag", "pk": 9}, {"fields": {"flag": 1, "state": 0, "log": 160}, "model": "accounts.logflag", "pk": 10}, {"fields": {"flag": 1, "state": 0, "log": 162}, "model": "accounts.logflag", "pk": 11}, {"fields": {"flag": 1, "state": 0, "log": 165}, "model": "accounts.logflag", "pk": 12}, {"fields": {"flag": 1, "state": 0, "log": 167}, "model": "accounts.logflag", "pk": 13}, {"fields": {"flag": 1, "state": 0, "log": 169}, "model": "accounts.logflag", "pk": 14}, {"fields": {"flag": 1, "state": 0, "log": 171}, "model": "accounts.logflag", "pk": 15}, {"fields": {"flag": 1, "state": 0, "log": 173}, "model": "accounts.logflag", "pk": 16}, {"fields": {"flag": 1, "state": 0, "log": 177}, "model": "accounts.logflag", "pk": 17}, {"fields": {"flag": 1, "state": 0, "log": 188}, "model": "accounts.logflag", "pk": 18}, {"fields": {"flag": 1, "state": 0, "log": 193}, "model": "accounts.logflag", "pk": 19}, {"fields": {"flag": 1, "state": 0, "log": 202}, "model": "accounts.logflag", "pk": 20}, {"fields": {"flag": 1, "state": 0, "log": 229}, "model": "accounts.logflag", "pk": 21}, {"fields": {"flag": 1, "state": 0, "log": 232}, "model": "accounts.logflag", "pk": 22}, {"fields": {"flag": 1, "state": 0, "log": 239}, "model": "accounts.logflag", "pk": 23}, {"fields": {"flag": 1, "state": 0, "log": 261}, "model": "accounts.logflag", "pk": 24}, {"fields": {"flag": 1, "state": 0, "log": 266}, "model": "accounts.logflag", "pk": 25}, {"fields": {"flag": 1, "state": 0, "log": 318}, "model": "accounts.logflag", "pk": 26}, {"fields": {"flag": 1, "state": 0, "log": 336}, "model": "accounts.logflag", "pk": 27}, {"fields": {"flag": 2, "state": 0, "log": 156}, "model": "accounts.logflag", "pk": 28}, {"fields": {"flag": 1, "state": 0, "log": 156}, "model": "accounts.logflag", "pk": 29}, {"fields": {"flag": 2, "state": 0, "log": 209}, "model": "accounts.logflag", "pk": 30}, {"fields": {"flag": 1, "state": 0, "log": 209}, "model": "accounts.logflag", "pk": 31}, {"fields": {"name": "Incriminating Documents"}, "model": "accounts.keyitem", "pk": 1}, {"fields": {"name": "Mistress Photo"}, "model": "accounts.keyitem", "pk": 2}, {"fields": {"deck": null, "name": "Carmell House", "wisdom": 0, "charm": 0, "power": 0, "resist": 0, "card": 73, "slug": "carmell_house", "force": 0, "dash": 0}, "model": "npcs.npc", "pk": 1}, {"fields": {"deck": 9, "name": "Steve Carmell", "wisdom": 0, "charm": 0, "power": 0, "resist": 0, "card": 70, "slug": "steve_carmell", "force": 0, "dash": 0}, "model": "npcs.npc", "pk": 2}, {"fields": {"deck": null, "name": "Bookcase", "wisdom": 0, "charm": 0, "power": 0, "resist": 0, "card": 72, "slug": "bookcase", "force": 0, "dash": 0}, "model": "npcs.npc", "pk": 3}, {"fields": {"deck": null, "name": "Renee Lilac", "wisdom": 0, "charm": 0, "power": 0, "resist": 0, "card": 71, "slug": "renee_lilac", "force": 0, "dash": 0}, "model": "npcs.npc", "pk": 4}, {"fields": {"player": 1, "npc": 1}, "model": "npcs.npcinstance", "pk": 20}, {"fields": {"player": 1, "npc": 2}, "model": "npcs.npcinstance", "pk": 21}, {"fields": {"npc": 1, "event": 2}, "model": "npcs.npclink", "pk": 1}, {"fields": {"npc": 1, "event": 19}, "model": "npcs.npclink", "pk": 3}, {"fields": {"name": "Can add permission", "codename": "add_permission", "content_type": 3}, "model": "auth.permission", "pk": 1}, {"fields": {"name": "Can change permission", "codename": "change_permission", "content_type": 3}, "model": "auth.permission", "pk": 2}, {"fields": {"name": "Can delete permission", "codename": "delete_permission", "content_type": 3}, "model": "auth.permission", "pk": 3}, {"fields": {"name": "Can add group", "codename": "add_group", "content_type": 4}, "model": "auth.permission", "pk": 4}, {"fields": {"name": "Can change group", "codename": "change_group", "content_type": 4}, "model": "auth.permission", "pk": 5}, {"fields": {"name": "Can delete group", "codename": "delete_group", "content_type": 4}, "model": "auth.permission", "pk": 6}, {"fields": {"name": "Can add user", "codename": "add_user", "content_type": 5}, "model": "auth.permission", "pk": 7}, {"fields": {"name": "Can change user", "codename": "change_user", "content_type": 5}, "model": "auth.permission", "pk": 8}, {"fields": {"name": "Can delete user", "codename": "delete_user", "content_type": 5}, "model": "auth.permission", "pk": 9}, {"fields": {"name": "Can add content type", "codename": "add_contenttype", "content_type": 6}, "model": "auth.permission", "pk": 10}, {"fields": {"name": "Can change content type", "codename": "change_contenttype", "content_type": 6}, "model": "auth.permission", "pk": 11}, {"fields": {"name": "Can delete content type", "codename": "delete_contenttype", "content_type": 6}, "model": "auth.permission", "pk": 12}, {"fields": {"name": "Can add session", "codename": "add_session", "content_type": 7}, "model": "auth.permission", "pk": 13}, {"fields": {"name": "Can change session", "codename": "change_session", "content_type": 7}, "model": "auth.permission", "pk": 14}, {"fields": {"name": "Can delete session", "codename": "delete_session", "content_type": 7}, "model": "auth.permission", "pk": 15}, {"fields": {"name": "Can add log entry", "codename": "add_logentry", "content_type": 8}, "model": "auth.permission", "pk": 16}, {"fields": {"name": "Can change log entry", "codename": "change_logentry", "content_type": 8}, "model": "auth.permission", "pk": 17}, {"fields": {"name": "Can delete log entry", "codename": "delete_logentry", "content_type": 8}, "model": "auth.permission", "pk": 18}, {"fields": {"name": "Can add card template", "codename": "add_cardtemplate", "content_type": 9}, "model": "auth.permission", "pk": 19}, {"fields": {"name": "Can change card template", "codename": "change_cardtemplate", "content_type": 9}, "model": "auth.permission", "pk": 20}, {"fields": {"name": "Can delete card template", "codename": "delete_cardtemplate", "content_type": 9}, "model": "auth.permission", "pk": 21}, {"fields": {"name": "Can add stat template", "codename": "add_stattemplate", "content_type": 1}, "model": "auth.permission", "pk": 22}, {"fields": {"name": "Can change stat template", "codename": "change_stattemplate", "content_type": 1}, "model": "auth.permission", "pk": 23}, {"fields": {"name": "Can delete stat template", "codename": "delete_stattemplate", "content_type": 1}, "model": "auth.permission", "pk": 24}, {"fields": {"name": "Can add item template", "codename": "add_itemtemplate", "content_type": 10}, "model": "auth.permission", "pk": 25}, {"fields": {"name": "Can change item template", "codename": "change_itemtemplate", "content_type": 10}, "model": "auth.permission", "pk": 26}, {"fields": {"name": "Can delete item template", "codename": "delete_itemtemplate", "content_type": 10}, "model": "auth.permission", "pk": 27}, {"fields": {"name": "Can add npc template", "codename": "add_npctemplate", "content_type": 11}, "model": "auth.permission", "pk": 28}, {"fields": {"name": "Can change npc template", "codename": "change_npctemplate", "content_type": 11}, "model": "auth.permission", "pk": 29}, {"fields": {"name": "Can delete npc template", "codename": "delete_npctemplate", "content_type": 11}, "model": "auth.permission", "pk": 30}, {"fields": {"name": "Can add deck", "codename": "add_deck", "content_type": 12}, "model": "auth.permission", "pk": 31}, {"fields": {"name": "Can change deck", "codename": "change_deck", "content_type": 12}, "model": "auth.permission", "pk": 32}, {"fields": {"name": "Can delete deck", "codename": "delete_deck", "content_type": 12}, "model": "auth.permission", "pk": 33}, {"fields": {"name": "Can add base card", "codename": "add_basecard", "content_type": 13}, "model": "auth.permission", "pk": 34}, {"fields": {"name": "Can change base card", "codename": "change_basecard", "content_type": 13}, "model": "auth.permission", "pk": 35}, {"fields": {"name": "Can delete base card", "codename": "delete_basecard", "content_type": 13}, "model": "auth.permission", "pk": 36}, {"fields": {"name": "Can add card", "codename": "add_card", "content_type": 14}, "model": "auth.permission", "pk": 37}, {"fields": {"name": "Can change card", "codename": "change_card", "content_type": 14}, "model": "auth.permission", "pk": 38}, {"fields": {"name": "Can delete card", "codename": "delete_card", "content_type": 14}, "model": "auth.permission", "pk": 39}, {"fields": {"name": "Can add player card", "codename": "add_playercard", "content_type": 2}, "model": "auth.permission", "pk": 40}, {"fields": {"name": "Can change player card", "codename": "change_playercard", "content_type": 2}, "model": "auth.permission", "pk": 41}, {"fields": {"name": "Can delete player card", "codename": "delete_playercard", "content_type": 2}, "model": "auth.permission", "pk": 42}, {"fields": {"name": "Can add item card", "codename": "add_itemcard", "content_type": 15}, "model": "auth.permission", "pk": 43}, {"fields": {"name": "Can change item card", "codename": "change_itemcard", "content_type": 15}, "model": "auth.permission", "pk": 44}, {"fields": {"name": "Can delete item card", "codename": "delete_itemcard", "content_type": 15}, "model": "auth.permission", "pk": 45}, {"fields": {"name": "Can add npc card", "codename": "add_npccard", "content_type": 16}, "model": "auth.permission", "pk": 46}, {"fields": {"name": "Can change npc card", "codename": "change_npccard", "content_type": 16}, "model": "auth.permission", "pk": 47}, {"fields": {"name": "Can delete npc card", "codename": "delete_npccard", "content_type": 16}, "model": "auth.permission", "pk": 48}, {"fields": {"name": "Can add effect", "codename": "add_effect", "content_type": 17}, "model": "auth.permission", "pk": 49}, {"fields": {"name": "Can change effect", "codename": "change_effect", "content_type": 17}, "model": "auth.permission", "pk": 50}, {"fields": {"name": "Can delete effect", "codename": "delete_effect", "content_type": 17}, "model": "auth.permission", "pk": 51}, {"fields": {"name": "Can add heal effect", "codename": "add_healeffect", "content_type": 18}, "model": "auth.permission", "pk": 52}, {"fields": {"name": "Can change heal effect", "codename": "change_healeffect", "content_type": 18}, "model": "auth.permission", "pk": 53}, {"fields": {"name": "Can delete heal effect", "codename": "delete_healeffect", "content_type": 18}, "model": "auth.permission", "pk": 54}, {"fields": {"name": "Can add stat change effect", "codename": "add_statchangeeffect", "content_type": 19}, "model": "auth.permission", "pk": 55}, {"fields": {"name": "Can change stat change effect", "codename": "change_statchangeeffect", "content_type": 19}, "model": "auth.permission", "pk": 56}, {"fields": {"name": "Can delete stat change effect", "codename": "delete_statchangeeffect", "content_type": 19}, "model": "auth.permission", "pk": 57}, {"fields": {"name": "Can add flag effect", "codename": "add_flageffect", "content_type": 20}, "model": "auth.permission", "pk": 58}, {"fields": {"name": "Can change flag effect", "codename": "change_flageffect", "content_type": 20}, "model": "auth.permission", "pk": 59}, {"fields": {"name": "Can delete flag effect", "codename": "delete_flageffect", "content_type": 20}, "model": "auth.permission", "pk": 60}, {"fields": {"name": "Can add add card effect", "codename": "add_addcardeffect", "content_type": 21}, "model": "auth.permission", "pk": 61}, {"fields": {"name": "Can change add card effect", "codename": "change_addcardeffect", "content_type": 21}, "model": "auth.permission", "pk": 62}, {"fields": {"name": "Can delete add card effect", "codename": "delete_addcardeffect", "content_type": 21}, "model": "auth.permission", "pk": 63}, {"fields": {"name": "Can add key item effect", "codename": "add_keyitemeffect", "content_type": 22}, "model": "auth.permission", "pk": 64}, {"fields": {"name": "Can change key item effect", "codename": "change_keyitemeffect", "content_type": 22}, "model": "auth.permission", "pk": 65}, {"fields": {"name": "Can delete key item effect", "codename": "delete_keyitemeffect", "content_type": 22}, "model": "auth.permission", "pk": 66}, {"fields": {"name": "Can add effect link", "codename": "add_effectlink", "content_type": 23}, "model": "auth.permission", "pk": 67}, {"fields": {"name": "Can change effect link", "codename": "change_effectlink", "content_type": 23}, "model": "auth.permission", "pk": 68}, {"fields": {"name": "Can delete effect link", "codename": "delete_effectlink", "content_type": 23}, "model": "auth.permission", "pk": 69}, {"fields": {"name": "Can add event", "codename": "add_event", "content_type": 24}, "model": "auth.permission", "pk": 70}, {"fields": {"name": "Can change event", "codename": "change_event", "content_type": 24}, "model": "auth.permission", "pk": 71}, {"fields": {"name": "Can delete event", "codename": "delete_event", "content_type": 24}, "model": "auth.permission", "pk": 72}, {"fields": {"name": "Can add event trigger", "codename": "add_eventtrigger", "content_type": 25}, "model": "auth.permission", "pk": 73}, {"fields": {"name": "Can change event trigger", "codename": "change_eventtrigger", "content_type": 25}, "model": "auth.permission", "pk": 74}, {"fields": {"name": "Can delete event trigger", "codename": "delete_eventtrigger", "content_type": 25}, "model": "auth.permission", "pk": 75}, {"fields": {"name": "Can add event effect", "codename": "add_eventeffect", "content_type": 26}, "model": "auth.permission", "pk": 76}, {"fields": {"name": "Can change event effect", "codename": "change_eventeffect", "content_type": 26}, "model": "auth.permission", "pk": 77}, {"fields": {"name": "Can delete event effect", "codename": "delete_eventeffect", "content_type": 26}, "model": "auth.permission", "pk": 78}, {"fields": {"name": "Can add location", "codename": "add_location", "content_type": 27}, "model": "auth.permission", "pk": 79}, {"fields": {"name": "Can change location", "codename": "change_location", "content_type": 27}, "model": "auth.permission", "pk": 80}, {"fields": {"name": "Can delete location", "codename": "delete_location", "content_type": 27}, "model": "auth.permission", "pk": 81}, {"fields": {"name": "Can add global event trigger", "codename": "add_globaleventtrigger", "content_type": 28}, "model": "auth.permission", "pk": 82}, {"fields": {"name": "Can change global event trigger", "codename": "change_globaleventtrigger", "content_type": 28}, "model": "auth.permission", "pk": 83}, {"fields": {"name": "Can delete global event trigger", "codename": "delete_globaleventtrigger", "content_type": 28}, "model": "auth.permission", "pk": 84}, {"fields": {"name": "Can add card status", "codename": "add_cardstatus", "content_type": 29}, "model": "auth.permission", "pk": 85}, {"fields": {"name": "Can change card status", "codename": "change_cardstatus", "content_type": 29}, "model": "auth.permission", "pk": 86}, {"fields": {"name": "Can delete card status", "codename": "delete_cardstatus", "content_type": 29}, "model": "auth.permission", "pk": 87}, {"fields": {"name": "Can add deck status", "codename": "add_deckstatus", "content_type": 30}, "model": "auth.permission", "pk": 88}, {"fields": {"name": "Can change deck status", "codename": "change_deckstatus", "content_type": 30}, "model": "auth.permission", "pk": 89}, {"fields": {"name": "Can delete deck status", "codename": "delete_deckstatus", "content_type": 30}, "model": "auth.permission", "pk": 90}, {"fields": {"name": "Can add player", "codename": "add_player", "content_type": 31}, "model": "auth.permission", "pk": 91}, {"fields": {"name": "Can change player", "codename": "change_player", "content_type": 31}, "model": "auth.permission", "pk": 92}, {"fields": {"name": "Can delete player", "codename": "delete_player", "content_type": 31}, "model": "auth.permission", "pk": 93}, {"fields": {"name": "Can add log", "codename": "add_log", "content_type": 32}, "model": "auth.permission", "pk": 94}, {"fields": {"name": "Can change log", "codename": "change_log", "content_type": 32}, "model": "auth.permission", "pk": 95}, {"fields": {"name": "Can delete log", "codename": "delete_log", "content_type": 32}, "model": "auth.permission", "pk": 96}, {"fields": {"name": "Can add trigger log", "codename": "add_triggerlog", "content_type": 33}, "model": "auth.permission", "pk": 97}, {"fields": {"name": "Can change trigger log", "codename": "change_triggerlog", "content_type": 33}, "model": "auth.permission", "pk": 98}, {"fields": {"name": "Can delete trigger log", "codename": "delete_triggerlog", "content_type": 33}, "model": "auth.permission", "pk": 99}, {"fields": {"name": "Can add active event", "codename": "add_activeevent", "content_type": 34}, "model": "auth.permission", "pk": 100}, {"fields": {"name": "Can change active event", "codename": "change_activeevent", "content_type": 34}, "model": "auth.permission", "pk": 101}, {"fields": {"name": "Can delete active event", "codename": "delete_activeevent", "content_type": 34}, "model": "auth.permission", "pk": 102}, {"fields": {"name": "Can add flag", "codename": "add_flag", "content_type": 35}, "model": "auth.permission", "pk": 103}, {"fields": {"name": "Can change flag", "codename": "change_flag", "content_type": 35}, "model": "auth.permission", "pk": 104}, {"fields": {"name": "Can delete flag", "codename": "delete_flag", "content_type": 35}, "model": "auth.permission", "pk": 105}, {"fields": {"name": "Can add player flag", "codename": "add_playerflag", "content_type": 36}, "model": "auth.permission", "pk": 106}, {"fields": {"name": "Can change player flag", "codename": "change_playerflag", "content_type": 36}, "model": "auth.permission", "pk": 107}, {"fields": {"name": "Can delete player flag", "codename": "delete_playerflag", "content_type": 36}, "model": "auth.permission", "pk": 108}, {"fields": {"name": "Can add log flag", "codename": "add_logflag", "content_type": 37}, "model": "auth.permission", "pk": 109}, {"fields": {"name": "Can change log flag", "codename": "change_logflag", "content_type": 37}, "model": "auth.permission", "pk": 110}, {"fields": {"name": "Can delete log flag", "codename": "delete_logflag", "content_type": 37}, "model": "auth.permission", "pk": 111}, {"fields": {"name": "Can add key item", "codename": "add_keyitem", "content_type": 38}, "model": "auth.permission", "pk": 112}, {"fields": {"name": "Can change key item", "codename": "change_keyitem", "content_type": 38}, "model": "auth.permission", "pk": 113}, {"fields": {"name": "Can delete key item", "codename": "delete_keyitem", "content_type": 38}, "model": "auth.permission", "pk": 114}, {"fields": {"name": "Can add key item instance", "codename": "add_keyiteminstance", "content_type": 39}, "model": "auth.permission", "pk": 115}, {"fields": {"name": "Can change key item instance", "codename": "change_keyiteminstance", "content_type": 39}, "model": "auth.permission", "pk": 116}, {"fields": {"name": "Can delete key item instance", "codename": "delete_keyiteminstance", "content_type": 39}, "model": "auth.permission", "pk": 117}, {"fields": {"name": "Can add npc", "codename": "add_npc", "content_type": 40}, "model": "auth.permission", "pk": 118}, {"fields": {"name": "Can change npc", "codename": "change_npc", "content_type": 40}, "model": "auth.permission", "pk": 119}, {"fields": {"name": "Can delete npc", "codename": "delete_npc", "content_type": 40}, "model": "auth.permission", "pk": 120}, {"fields": {"name": "Can add npc instance", "codename": "add_npcinstance", "content_type": 41}, "model": "auth.permission", "pk": 121}, {"fields": {"name": "Can change npc instance", "codename": "change_npcinstance", "content_type": 41}, "model": "auth.permission", "pk": 122}, {"fields": {"name": "Can delete npc instance", "codename": "delete_npcinstance", "content_type": 41}, "model": "auth.permission", "pk": 123}, {"fields": {"name": "Can add npc link", "codename": "add_npclink", "content_type": 42}, "model": "auth.permission", "pk": 124}, {"fields": {"name": "Can change npc link", "codename": "change_npclink", "content_type": 42}, "model": "auth.permission", "pk": 125}, {"fields": {"name": "Can delete npc link", "codename": "delete_npclink", "content_type": 42}, "model": "auth.permission", "pk": 126}, {"fields": {"name": "Can add damage effect", "codename": "add_damageeffect", "content_type": 43}, "model": "auth.permission", "pk": 127}, {"fields": {"name": "Can change damage effect", "codename": "change_damageeffect", "content_type": 43}, "model": "auth.permission", "pk": 128}, {"fields": {"name": "Can delete damage effect", "codename": "delete_damageeffect", "content_type": 43}, "model": "auth.permission", "pk": 129}, {"fields": {"name": "Can add location", "codename": "add_location", "content_type": 24}, "model": "auth.permission", "pk": 130}, {"fields": {"name": "Can change location", "codename": "change_location", "content_type": 24}, "model": "auth.permission", "pk": 131}, {"fields": {"name": "Can delete location", "codename": "delete_location", "content_type": 24}, "model": "auth.permission", "pk": 132}, {"fields": {"name": "Can add flag dependency", "codename": "add_flagdependency", "content_type": 44}, "model": "auth.permission", "pk": 133}, {"fields": {"name": "Can change flag dependency", "codename": "change_flagdependency", "content_type": 44}, "model": "auth.permission", "pk": 134}, {"fields": {"name": "Can delete flag dependency", "codename": "delete_flagdependency", "content_type": 44}, "model": "auth.permission", "pk": 135}, {"fields": {"is_staff": true, "date_joined": "2014-09-24T06:03:56.267Z", "is_superuser": true, "password": "pbkdf2_sha256$12000$JgAopSkAH1aN$jFKrm6ma6yVZ2+Ua1dImHOIXu6Ols/bdfUns7DpRJDI=", "last_name": "Brown", "username": "justinbrown", "groups": [], "first_name": "Justin", "email": "brown.justin.michael@gmail.com", "user_permissions": [], "is_active": true, "last_login": "2015-03-15T18:05:18.059Z"}, "model": "auth.user", "pk": 1}, {"fields": {"is_staff": true, "date_joined": "2014-09-23T04:29:44Z", "is_superuser": true, "password": "pbkdf2_sha256$12000$RJubOgT7a0Kp$pq2n0N9+HUq49f80Bk75nky2NBlWX+lZAa00ixW+l+A=", "last_name": "Brown", "username": "NathanBrown", "groups": [], "first_name": "Nathan", "email": "Brown.Nathan.Andrew@gmail.com", "user_permissions": [], "is_active": true, "last_login": "2014-09-23T04:29:44Z"}, "model": "auth.user", "pk": 2}, {"fields": {"is_staff": true, "date_joined": "2014-09-23T04:31:32Z", "is_superuser": true, "password": "pbkdf2_sha256$12000$BK8XF5EbsDeY$o7vwY2vNkNcc2JJEe/d0vwGXqpj2OFpwsaQrTea15Ow=", "last_name": "Thomas", "username": "RichardThomas", "groups": [], "first_name": "Richard", "email": "Allattos@gmail.com", "user_permissions": [], "is_active": true, "last_login": "2014-09-23T04:31:32Z"}, "model": "auth.user", "pk": 3}, {"fields": {"object_id": "1", "action_flag": 1, "content_type": 27, "change_message": "", "action_time": "2015-03-15T18:07:26.708Z", "object_repr": "Home", "user": 1}, "model": "admin.logentry", "pk": 1}, {"fields": {"object_id": "2", "action_flag": 1, "content_type": 27, "change_message": "", "action_time": "2015-03-15T18:11:10.849Z", "object_repr": "Prospect Heights", "user": 1}, "model": "admin.logentry", "pk": 2}, {"fields": {"object_id": "1", "action_flag": 2, "content_type": 27, "change_message": "Changed deck and canshuffle.", "action_time": "2015-03-15T18:11:16.885Z", "object_repr": "Home", "user": 1}, "model": "admin.logentry", "pk": 3}, {"fields": {"object_id": "6", "action_flag": 2, "content_type": 1, "change_message": "Changed name.", "action_time": "2015-03-15T18:17:19.629Z", "object_repr": "Power Template", "user": 1}, "model": "admin.logentry", "pk": 4}, {"fields": {"object_id": "5", "action_flag": 2, "content_type": 1, "change_message": "Changed name.", "action_time": "2015-03-15T18:17:27.271Z", "object_repr": "Wisdom Template", "user": 1}, "model": "admin.logentry", "pk": 5}, {"fields": {"object_id": "4", "action_flag": 2, "content_type": 1, "change_message": "Changed name.", "action_time": "2015-03-15T18:17:32.826Z", "object_repr": "Charm Template", "user": 1}, "model": "admin.logentry", "pk": 6}, {"fields": {"object_id": "3", "action_flag": 2, "content_type": 1, "change_message": "Changed name.", "action_time": "2015-03-15T18:17:41.594Z", "object_repr": "Resist Template", "user": 1}, "model": "admin.logentry", "pk": 7}, {"fields": {"object_id": "2", "action_flag": 2, "content_type": 1, "change_message": "Changed name.", "action_time": "2015-03-15T18:17:47.140Z", "object_repr": "Dash Template", "user": 1}, "model": "admin.logentry", "pk": 8}, {"fields": {"object_id": "1", "action_flag": 2, "content_type": 1, "change_message": "Changed name.", "action_time": "2015-03-15T18:17:52.946Z", "object_repr": "Force Template", "user": 1}, "model": "admin.logentry", "pk": 9}, {"fields": {"object_id": "1", "action_flag": 1, "content_type": 40, "change_message": "", "action_time": "2015-03-15T18:21:32.666Z", "object_repr": "Carmell House", "user": 1}, "model": "admin.logentry", "pk": 10}, {"fields": {"object_id": "2", "action_flag": 1, "content_type": 40, "change_message": "", "action_time": "2015-03-15T18:21:47.502Z", "object_repr": "Steve Carmell", "user": 1}, "model": "admin.logentry", "pk": 11}, {"fields": {"object_id": "3", "action_flag": 1, "content_type": 40, "change_message": "", "action_time": "2015-03-15T18:22:02.143Z", "object_repr": "Bookcase", "user": 1}, "model": "admin.logentry", "pk": 12}, {"fields": {"object_id": "4", "action_flag": 1, "content_type": 40, "change_message": "", "action_time": "2015-03-15T18:22:19.927Z", "object_repr": "Renee Lilac", "user": 1}, "model": "admin.logentry", "pk": 13}, {"fields": {"object_id": "25", "action_flag": 1, "content_type": 16, "change_message": "", "action_time": "2015-03-15T18:23:20.071Z", "object_repr": "Carmell House Template 0", "user": 1}, "model": "admin.logentry", "pk": 14}, {"fields": {"object_id": "3", "action_flag": 1, "content_type": 24, "change_message": "", "action_time": "2015-03-15T18:24:30.475Z", "object_repr": "Chief's House Threshold", "user": 1}, "model": "admin.logentry", "pk": 15}, {"fields": {"object_id": "1", "action_flag": 1, "content_type": 35, "change_message": "", "action_time": "2015-03-15T18:25:39.675Z", "object_repr": "steve_home", "user": 1}, "model": "admin.logentry", "pk": 16}, {"fields": {"object_id": "1", "action_flag": 1, "content_type": 20, "change_message": "", "action_time": "2015-03-15T18:25:43.522Z", "object_repr": "Effect: steve_home -> 1", "user": 1}, "model": "admin.logentry", "pk": 17}, {"fields": {"object_id": "4", "action_flag": 1, "content_type": 24, "change_message": "", "action_time": "2015-03-15T18:25:44.879Z", "object_repr": "Steve Arrives", "user": 1}, "model": "admin.logentry", "pk": 18}, {"fields": {"object_id": "2", "action_flag": 1, "content_type": 20, "change_message": "", "action_time": "2015-03-15T18:26:29.489Z", "object_repr": "Effect: steve_home -> 0", "user": 1}, "model": "admin.logentry", "pk": 19}, {"fields": {"object_id": "5", "action_flag": 1, "content_type": 24, "change_message": "", "action_time": "2015-03-15T18:26:30.497Z", "object_repr": "Steve Departs", "user": 1}, "model": "admin.logentry", "pk": 20}, {"fields": {"object_id": "2", "action_flag": 2, "content_type": 27, "change_message": "Changed deck. Added npc link \"NPCLink object\". Added event trigger \"Prospect Heights (Steve Carmell Template 0) -> Chief's House Threshold\". Added event trigger \"Prospect Heights (Carmell House Template -1) -> Steve Arrives\". Added event trigger \"Prospect Heights (Carmell House Template -1) -> Steve Departs\".", "action_time": "2015-03-15T18:26:43.639Z", "object_repr": "Prospect Heights", "user": 1}, "model": "admin.logentry", "pk": 21}, {"fields": {"object_id": "5", "action_flag": 2, "content_type": 24, "change_message": "Changed auto.", "action_time": "2015-03-15T18:26:50.988Z", "object_repr": "Steve Departs", "user": 1}, "model": "admin.logentry", "pk": 22}, {"fields": {"object_id": "4", "action_flag": 2, "content_type": 24, "change_message": "Changed auto.", "action_time": "2015-03-15T18:26:55.435Z", "object_repr": "Steve Arrives", "user": 1}, "model": "admin.logentry", "pk": 23}, {"fields": {"object_id": "6", "action_flag": 1, "content_type": 24, "change_message": "", "action_time": "2015-03-15T18:28:14.136Z", "object_repr": "Chief Sitting Room", "user": 1}, "model": "admin.logentry", "pk": 24}, {"fields": {"object_id": "7", "action_flag": 1, "content_type": 24, "change_message": "", "action_time": "2015-03-15T18:29:15.157Z", "object_repr": "Chief Bedroom", "user": 1}, "model": "admin.logentry", "pk": 25}, {"fields": {"object_id": "11", "action_flag": 1, "content_type": 9, "change_message": "", "action_time": "2015-03-15T18:30:02.760Z", "object_repr": "Ask Template", "user": 1}, "model": "admin.logentry", "pk": 26}, {"fields": {"object_id": "8", "action_flag": 1, "content_type": 24, "change_message": "", "action_time": "2015-03-15T18:30:28.837Z", "object_repr": "Steve at the Threshold", "user": 1}, "model": "admin.logentry", "pk": 27}, {"fields": {"object_id": "12", "action_flag": 1, "content_type": 9, "change_message": "", "action_time": "2015-03-15T18:30:49.136Z", "object_repr": "Leave Template", "user": 1}, "model": "admin.logentry", "pk": 28}, {"fields": {"object_id": "3", "action_flag": 2, "content_type": 24, "change_message": "Changed npc. Added event trigger \"Chief's House Threshold (Force Template 0) -> Chief Sitting Room\". Added event trigger \"Chief's House Threshold (Force Template 99) -> None\". Added event trigger \"Chief's House Threshold (Dash Template 0) -> Chief Bedroom\". Added event trigger \"Chief's House Threshold (Dash Template 99) -> None\". Added event trigger \"Chief's House Threshold (Ask Template 0) -> Steve at the Threshold\". Added event trigger \"Chief's House Threshold (Leave Template 0) -> None\".", "action_time": "2015-03-15T18:31:11.374Z", "object_repr": "Chief's House Threshold", "user": 1}, "model": "admin.logentry", "pk": 29}, {"fields": {"object_id": "9", "action_flag": 1, "content_type": 24, "change_message": "", "action_time": "2015-03-15T18:33:05.582Z", "object_repr": "Sitting Room Fight with Steve", "user": 1}, "model": "admin.logentry", "pk": 30}, {"fields": {"object_id": "3", "action_flag": 2, "content_type": 24, "change_message": "Added event trigger \"Chief's House Threshold (Ask Template 0) -> None\". Added event trigger \"Chief's House Threshold (Force Template 0) -> Sitting Room Fight with Steve\". Changed localOnly for event trigger \"Chief's House Threshold (Ask Template 0) -> Steve at the Threshold\". Changed localOnly for event trigger \"Chief's House Threshold (Dash Template 0) -> Chief Bedroom\". Changed conditions and localOnly for event trigger \"Chief's House Threshold (Force Template 0) -> Chief Sitting Room\". Changed localOnly for event trigger \"Chief's House Threshold (Force Template 99) -> None\". Changed localOnly for event trigger \"Chief's House Threshold (Dash Template 99) -> None\". Changed helper for event trigger \"Chief's House Threshold (Leave Template 0) -> None\".", "action_time": "2015-03-15T18:33:41.200Z", "object_repr": "Chief's House Threshold", "user": 1}, "model": "admin.logentry", "pk": 31}, {"fields": {"object_id": "8", "action_flag": 2, "content_type": 24, "change_message": "Changed npc. Added event trigger \"Steve at the Threshold (Force Template 2) -> Chief Sitting Room\". Added event trigger \"Steve at the Threshold (Dash Template 0) -> Chief Sitting Room\". Added event trigger \"Steve at the Threshold (Charm Template 3) -> Chief Sitting Room\". Added event trigger \"Steve at the Threshold (Force Template 99) -> None\". Added event trigger \"Steve at the Threshold (Dash Template 99) -> None\". Added event trigger \"Steve at the Threshold (Charm Template 99) -> None\".", "action_time": "2015-03-15T18:36:42.246Z", "object_repr": "Steve at the Threshold", "user": 1}, "model": "admin.logentry", "pk": 32}, {"fields": {"object_id": "2", "action_flag": 1, "content_type": 35, "change_message": "", "action_time": "2015-03-15T18:37:03.204Z", "object_repr": "night", "user": 1}, "model": "admin.logentry", "pk": 33}, {"fields": {"object_id": "3", "action_flag": 1, "content_type": 35, "change_message": "", "action_time": "2015-03-15T18:37:15.006Z", "object_repr": "steve_unconscious", "user": 1}, "model": "admin.logentry", "pk": 34}, {"fields": {"object_id": "3", "action_flag": 1, "content_type": 20, "change_message": "", "action_time": "2015-03-15T18:38:55.127Z", "object_repr": "Effect: steve_unconscious -> 1", "user": 1}, "model": "admin.logentry", "pk": 35}, {"fields": {"object_id": "10", "action_flag": 1, "content_type": 24, "change_message": "", "action_time": "2015-03-15T18:39:36.291Z", "object_repr": "Knock Steve Unconscious", "user": 1}, "model": "admin.logentry", "pk": 36}, {"fields": {"object_id": "10", "action_flag": 2, "content_type": 24, "change_message": "Changed generic_result.", "action_time": "2015-03-15T18:39:59.100Z", "object_repr": "Knock Steve Unconscious", "user": 1}, "model": "admin.logentry", "pk": 37}, {"fields": {"object_id": "4", "action_flag": 1, "content_type": 43, "change_message": "", "action_time": "2015-03-15T18:51:03.715Z", "object_repr": "Effect: Damage 1", "user": 1}, "model": "admin.logentry", "pk": 38}, {"fields": {"object_id": "9", "action_flag": 2, "content_type": 24, "change_message": "Added event trigger \"Sitting Room Fight with Steve (Force Template 0) -> Knock Steve Unconscious\". Added event trigger \"Sitting Room Fight with Steve (Dash Template 0) -> Knock Steve Unconscious\".", "action_time": "2015-03-15T18:53:53.914Z", "object_repr": "Sitting Room Fight with Steve", "user": 1}, "model": "admin.logentry", "pk": 39}, {"fields": {"object_id": "4", "action_flag": 1, "content_type": 35, "change_message": "", "action_time": "2015-03-15T18:55:32.018Z", "object_repr": "break_in", "user": 1}, "model": "admin.logentry", "pk": 40}, {"fields": {"object_id": "5", "action_flag": 1, "content_type": 20, "change_message": "", "action_time": "2015-03-15T18:56:21.848Z", "object_repr": "Effect: break_in -> 1", "user": 1}, "model": "admin.logentry", "pk": 41}, {"fields": {"object_id": "11", "action_flag": 1, "content_type": 24, "change_message": "", "action_time": "2015-03-15T18:56:36.572Z", "object_repr": "Break into Bedroom", "user": 1}, "model": "admin.logentry", "pk": 42}, {"fields": {"object_id": "12", "action_flag": 1, "content_type": 24, "change_message": "", "action_time": "2015-03-15T18:57:07.988Z", "object_repr": "Break into Sitting Room", "user": 1}, "model": "admin.logentry", "pk": 43}, {"fields": {"object_id": "12", "action_flag": 2, "content_type": 24, "change_message": "Changed generic_result.", "action_time": "2015-03-15T18:57:14.432Z", "object_repr": "Break into Sitting Room", "user": 1}, "model": "admin.logentry", "pk": 44}, {"fields": {"object_id": "12", "action_flag": 2, "content_type": 24, "change_message": "Changed generic_result.", "action_time": "2015-03-15T18:57:29.996Z", "object_repr": "Break into Sitting Room", "user": 1}, "model": "admin.logentry", "pk": 45}, {"fields": {"object_id": "11", "action_flag": 2, "content_type": 24, "change_message": "Changed generic_result.", "action_time": "2015-03-15T18:57:36.257Z", "object_repr": "Break into Bedroom", "user": 1}, "model": "admin.logentry", "pk": 46}, {"fields": {"object_id": "6", "action_flag": 2, "content_type": 24, "change_message": "Added event trigger \"Chief Sitting Room (None 0) -> Sitting Room Fight with Steve\".", "action_time": "2015-03-15T19:01:33.246Z", "object_repr": "Chief Sitting Room", "user": 1}, "model": "admin.logentry", "pk": 47}, {"fields": {"object_id": "9", "action_flag": 2, "content_type": 24, "change_message": "Changed title and slug.", "action_time": "2015-03-15T19:01:42.036Z", "object_repr": "Fight with Steve", "user": 1}, "model": "admin.logentry", "pk": 48}, {"fields": {"object_id": "7", "action_flag": 2, "content_type": 24, "change_message": "Added event trigger \"Chief Bedroom (None 0) -> Fight with Steve\".", "action_time": "2015-03-15T19:02:20.992Z", "object_repr": "Chief Bedroom", "user": 1}, "model": "admin.logentry", "pk": 49}, {"fields": {"object_id": "6", "action_flag": 2, "content_type": 24, "change_message": "Changed conditions for event trigger \"Chief Sitting Room (None 0) -> Fight with Steve\".", "action_time": "2015-03-15T19:03:36.357Z", "object_repr": "Chief Sitting Room", "user": 1}, "model": "admin.logentry", "pk": 50}, {"fields": {"object_id": "7", "action_flag": 2, "content_type": 24, "change_message": "Changed conditions for event trigger \"Chief Bedroom (None 0) -> Fight with Steve\".", "action_time": "2015-03-15T19:03:44.364Z", "object_repr": "Chief Bedroom", "user": 1}, "model": "admin.logentry", "pk": 51}, {"fields": {"object_id": "13", "action_flag": 1, "content_type": 24, "change_message": "", "action_time": "2015-03-15T19:05:14.899Z", "object_repr": "Pain", "user": 1}, "model": "admin.logentry", "pk": 52}, {"fields": {"object_id": "9", "action_flag": 2, "content_type": 24, "change_message": "Added event trigger \"Fight with Steve (Force Template -1) -> Pain\". Added event trigger \"Fight with Steve (Dash Template -1) -> None\".", "action_time": "2015-03-15T19:05:27.905Z", "object_repr": "Fight with Steve", "user": 1}, "model": "admin.logentry", "pk": 53}, {"fields": {"object_id": "9", "action_flag": 2, "content_type": 24, "change_message": "Added event trigger \"Fight with Steve (Charm Template -1) -> Pain\". Changed event and result for event trigger \"Fight with Steve (Dash Template -1) -> Pain\".", "action_time": "2015-03-15T19:05:59.963Z", "object_repr": "Fight with Steve", "user": 1}, "model": "admin.logentry", "pk": 54}, {"fields": {"object_id": "13", "action_flag": 1, "content_type": 9, "change_message": "", "action_time": "2015-03-15T19:06:51.696Z", "object_repr": "Blank Template", "user": 1}, "model": "admin.logentry", "pk": 55}, {"fields": {"object_id": "8", "action_flag": 1, "content_type": 12, "change_message": "", "action_time": "2015-03-15T19:12:18.909Z", "object_repr": "Deck at None", "user": 1}, "model": "admin.logentry", "pk": 56}, {"fields": {"object_id": "2", "action_flag": 2, "content_type": 27, "change_message": "Changed deck.", "action_time": "2015-03-15T19:12:29.634Z", "object_repr": "Prospect Heights", "user": 1}, "model": "admin.logentry", "pk": 57}, {"fields": {"object_id": "7", "action_flag": 3, "content_type": 12, "change_message": "", "action_time": "2015-03-15T19:13:01.800Z", "object_repr": "Deck at None", "user": 1}, "model": "admin.logentry", "pk": 58}, {"fields": {"object_id": "5", "action_flag": 3, "content_type": 12, "change_message": "", "action_time": "2015-03-15T19:13:01.803Z", "object_repr": "Deck at None", "user": 1}, "model": "admin.logentry", "pk": 59}, {"fields": {"object_id": "4", "action_flag": 3, "content_type": 12, "change_message": "", "action_time": "2015-03-15T19:13:01.805Z", "object_repr": "Deck at None", "user": 1}, "model": "admin.logentry", "pk": 60}, {"fields": {"object_id": "6", "action_flag": 2, "content_type": 12, "change_message": "Added card \"Deck at Home: Blank Template 0\". Added card \"Deck at Home: Blank Template 0\". Added card \"Deck at Home: Blank Template 0\". Added npc card \"Carmell House Template 1\". Added npc card \"Carmell House Template 1\".", "action_time": "2015-03-15T19:13:42.882Z", "object_repr": "Deck at Home", "user": 1}, "model": "admin.logentry", "pk": 61}, {"fields": {"object_id": "6", "action_flag": 3, "content_type": 12, "change_message": "", "action_time": "2015-03-15T19:13:54.105Z", "object_repr": "Deck at Home", "user": 1}, "model": "admin.logentry", "pk": 62}, {"fields": {"object_id": "8", "action_flag": 2, "content_type": 12, "change_message": "Added card \"Deck at Prospect Heights: Blank Template 0\". Added card \"Deck at Prospect Heights: Blank Template 0\". Added npc card \"Carmell House Template 1\". Added npc card \"Carmell House Template 1\".", "action_time": "2015-03-15T19:14:14.348Z", "object_repr": "Deck at Prospect Heights", "user": 1}, "model": "admin.logentry", "pk": 63}, {"fields": {"object_id": "9", "action_flag": 2, "content_type": 24, "change_message": "Deleted event trigger \"Fight with Steve (Force Template -1) -> Pain\". Deleted event trigger \"Fight with Steve (Dash Template -1) -> Pain\". Deleted event trigger \"Fight with Steve (Charm Template -1) -> Pain\".", "action_time": "2015-03-15T19:15:33.677Z", "object_repr": "Fight with Steve", "user": 1}, "model": "admin.logentry", "pk": 64}, {"fields": {"object_id": "9", "action_flag": 2, "content_type": 24, "change_message": "Added event trigger \"Fight with Steve (None 0) -> Pain\".", "action_time": "2015-03-15T19:16:43.180Z", "object_repr": "Fight with Steve", "user": 1}, "model": "admin.logentry", "pk": 65}, {"fields": {"object_id": "9", "action_flag": 2, "content_type": 24, "change_message": "Changed npc.", "action_time": "2015-03-15T19:16:52.950Z", "object_repr": "Fight with Steve", "user": 1}, "model": "admin.logentry", "pk": 66}, {"fields": {"object_id": "9", "action_flag": 1, "content_type": 12, "change_message": "", "action_time": "2015-03-15T19:17:47.677Z", "object_repr": "Deck at None", "user": 1}, "model": "admin.logentry", "pk": 67}, {"fields": {"object_id": "2", "action_flag": 2, "content_type": 40, "change_message": "Changed deck.", "action_time": "2015-03-15T19:17:49.633Z", "object_repr": "Steve Carmell", "user": 1}, "model": "admin.logentry", "pk": 68}, {"fields": {"object_id": "10", "action_flag": 1, "content_type": 12, "change_message": "", "action_time": "2015-03-15T19:18:52.002Z", "object_repr": "Deck at None", "user": 1}, "model": "admin.logentry", "pk": 69}, {"fields": {"object_id": "1", "action_flag": 1, "content_type": 38, "change_message": "", "action_time": "2015-03-15T19:20:31.592Z", "object_repr": "Incriminating Documents", "user": 1}, "model": "admin.logentry", "pk": 70}, {"fields": {"object_id": "6", "action_flag": 1, "content_type": 22, "change_message": "", "action_time": "2015-03-15T19:20:38.350Z", "object_repr": "Effect: Add Incriminating Documents", "user": 1}, "model": "admin.logentry", "pk": 71}, {"fields": {"object_id": "14", "action_flag": 1, "content_type": 24, "change_message": "", "action_time": "2015-03-15T19:20:46.711Z", "object_repr": "Incriminating Documents", "user": 1}, "model": "admin.logentry", "pk": 72}, {"fields": {"object_id": "15", "action_flag": 1, "content_type": 24, "change_message": "", "action_time": "2015-03-15T19:20:52.102Z", "object_repr": "Bookcase", "user": 1}, "model": "admin.logentry", "pk": 73}, {"fields": {"object_id": "6", "action_flag": 2, "content_type": 24, "change_message": "Changed deck. Added event trigger \"Chief Sitting Room (Bookcase Template -1) -> Bookcase\". Added event trigger \"Chief Sitting Room (Bookcase Template -2) -> None\".", "action_time": "2015-03-15T19:21:49.923Z", "object_repr": "Chief Sitting Room", "user": 1}, "model": "admin.logentry", "pk": 74}, {"fields": {"object_id": "3", "action_flag": 2, "content_type": 24, "change_message": "Changed title and slug.", "action_time": "2015-03-15T19:22:59.063Z", "object_repr": "Chief's House", "user": 1}, "model": "admin.logentry", "pk": 75}, {"fields": {"object_id": "16", "action_flag": 1, "content_type": 27, "change_message": "", "action_time": "2015-03-15T19:25:27.730Z", "object_repr": "Home", "user": 1}, "model": "admin.logentry", "pk": 76}, {"fields": {"object_id": "9", "action_flag": 2, "content_type": 30, "change_message": "Changed status for card status \"Carmell House Template 1 in (Deck at Prospect Heights viewed by justinbrown)\". Changed status for card status \"Carmell House Template 1 in (Deck at Prospect Heights viewed by justinbrown)\".", "action_time": "2015-03-15T19:28:02.731Z", "object_repr": "Deck at Prospect Heights viewed by justinbrown", "user": 1}, "model": "admin.logentry", "pk": 77}, {"fields": {"object_id": "9", "action_flag": 2, "content_type": 30, "change_message": "Changed status for card status \"Carmell House Template 1 in (Deck at Prospect Heights viewed by justinbrown)\". Changed status for card status \"Carmell House Template 1 in (Deck at Prospect Heights viewed by justinbrown)\".", "action_time": "2015-03-15T20:54:58.907Z", "object_repr": "Deck at Prospect Heights viewed by justinbrown", "user": 1}, "model": "admin.logentry", "pk": 78}, {"fields": {"object_id": "9", "action_flag": 2, "content_type": 30, "change_message": "Changed status for card status \"Carmell House Template 1 in (Deck at Prospect Heights viewed by justinbrown)\". Changed status for card status \"Carmell House Template 1 in (Deck at Prospect Heights viewed by justinbrown)\".", "action_time": "2015-03-15T20:57:49.278Z", "object_repr": "Deck at Prospect Heights viewed by justinbrown", "user": 1}, "model": "admin.logentry", "pk": 79}, {"fields": {"object_id": "9", "action_flag": 2, "content_type": 30, "change_message": "Changed status for card status \"Carmell House Template 1 in (Deck at Prospect Heights viewed by justinbrown)\". Changed status and position for card status \"Carmell House Template 1 in (Deck at Prospect Heights viewed by justinbrown)\".", "action_time": "2015-03-15T20:59:53.830Z", "object_repr": "Deck at Prospect Heights viewed by justinbrown", "user": 1}, "model": "admin.logentry", "pk": 80}, {"fields": {"object_id": "9", "action_flag": 2, "content_type": 30, "change_message": "Changed status and position for card status \"Carmell House Template 1 in (Deck at Prospect Heights viewed by justinbrown)\".", "action_time": "2015-03-15T21:01:21.097Z", "object_repr": "Deck at Prospect Heights viewed by justinbrown", "user": 1}, "model": "admin.logentry", "pk": 81}, {"fields": {"object_id": "1", "action_flag": 3, "content_type": 32, "change_message": "", "action_time": "2015-03-15T21:08:06.562Z", "object_repr": "Log object", "user": 1}, "model": "admin.logentry", "pk": 82}, {"fields": {"object_id": "2", "action_flag": 3, "content_type": 32, "change_message": "", "action_time": "2015-03-15T21:08:06.564Z", "object_repr": "Log object", "user": 1}, "model": "admin.logentry", "pk": 83}, {"fields": {"object_id": "3", "action_flag": 3, "content_type": 32, "change_message": "", "action_time": "2015-03-15T21:08:06.565Z", "object_repr": "Log object", "user": 1}, "model": "admin.logentry", "pk": 84}, {"fields": {"object_id": "4", "action_flag": 3, "content_type": 32, "change_message": "", "action_time": "2015-03-15T21:08:06.567Z", "object_repr": "Log object", "user": 1}, "model": "admin.logentry", "pk": 85}, {"fields": {"object_id": "5", "action_flag": 3, "content_type": 32, "change_message": "", "action_time": "2015-03-15T21:08:06.568Z", "object_repr": "Log object", "user": 1}, "model": "admin.logentry", "pk": 86}, {"fields": {"object_id": "6", "action_flag": 3, "content_type": 32, "change_message": "", "action_time": "2015-03-15T21:08:06.569Z", "object_repr": "Log object", "user": 1}, "model": "admin.logentry", "pk": 87}, {"fields": {"object_id": "7", "action_flag": 3, "content_type": 32, "change_message": "", "action_time": "2015-03-15T21:08:06.571Z", "object_repr": "Log object", "user": 1}, "model": "admin.logentry", "pk": 88}, {"fields": {"object_id": "8", "action_flag": 3, "content_type": 32, "change_message": "", "action_time": "2015-03-15T21:08:06.572Z", "object_repr": "Log object", "user": 1}, "model": "admin.logentry", "pk": 89}, {"fields": {"object_id": "9", "action_flag": 3, "content_type": 32, "change_message": "", "action_time": "2015-03-15T21:08:06.573Z", "object_repr": "Log object", "user": 1}, "model": "admin.logentry", "pk": 90}, {"fields": {"object_id": "10", "action_flag": 3, "content_type": 32, "change_message": "", "action_time": "2015-03-15T21:08:06.574Z", "object_repr": "Log object", "user": 1}, "model": "admin.logentry", "pk": 91}, {"fields": {"object_id": "11", "action_flag": 3, "content_type": 32, "change_message": "", "action_time": "2015-03-15T21:08:06.575Z", "object_repr": "Log object", "user": 1}, "model": "admin.logentry", "pk": 92}, {"fields": {"object_id": "12", "action_flag": 3, "content_type": 32, "change_message": "", "action_time": "2015-03-15T21:08:06.576Z", "object_repr": "Log object", "user": 1}, "model": "admin.logentry", "pk": 93}, {"fields": {"object_id": "13", "action_flag": 3, "content_type": 32, "change_message": "", "action_time": "2015-03-15T21:08:06.577Z", "object_repr": "Log object", "user": 1}, "model": "admin.logentry", "pk": 94}, {"fields": {"object_id": "14", "action_flag": 3, "content_type": 32, "change_message": "", "action_time": "2015-03-15T21:08:06.578Z", "object_repr": "Log object", "user": 1}, "model": "admin.logentry", "pk": 95}, {"fields": {"object_id": "15", "action_flag": 3, "content_type": 32, "change_message": "", "action_time": "2015-03-15T21:08:06.579Z", "object_repr": "Log object", "user": 1}, "model": "admin.logentry", "pk": 96}, {"fields": {"object_id": "16", "action_flag": 3, "content_type": 32, "change_message": "", "action_time": "2015-03-15T21:08:06.580Z", "object_repr": "Log object", "user": 1}, "model": "admin.logentry", "pk": 97}, {"fields": {"object_id": "16", "action_flag": 3, "content_type": 24, "change_message": "", "action_time": "2015-03-15T21:27:05.166Z", "object_repr": "Home", "user": 1}, "model": "admin.logentry", "pk": 98}, {"fields": {"object_id": "17", "action_flag": 1, "content_type": 27, "change_message": "", "action_time": "2015-03-15T21:27:23.839Z", "object_repr": "Home", "user": 1}, "model": "admin.logentry", "pk": 99}, {"fields": {"object_id": "17", "action_flag": 3, "content_type": 24, "change_message": "", "action_time": "2015-03-15T21:29:45.084Z", "object_repr": "Home", "user": 1}, "model": "admin.logentry", "pk": 100}, {"fields": {"object_id": "18", "action_flag": 1, "content_type": 27, "change_message": "", "action_time": "2015-03-15T21:29:58.881Z", "object_repr": "Home", "user": 1}, "model": "admin.logentry", "pk": 101}, {"fields": {"object_id": "2", "action_flag": 2, "content_type": 24, "change_message": "Changed tolog.", "action_time": "2015-03-15T21:33:16.328Z", "object_repr": "Prospect Heights", "user": 1}, "model": "admin.logentry", "pk": 102}, {"fields": {"object_id": "18", "action_flag": 2, "content_type": 24, "change_message": "Changed tolog.", "action_time": "2015-03-15T21:33:22.450Z", "object_repr": "Home", "user": 1}, "model": "admin.logentry", "pk": 103}, {"fields": {"object_id": "12", "action_flag": 2, "content_type": 12, "change_message": "Added card \"Deck at None: Blank Template 0\". Added card \"Deck at None: Blank Template 0\". Added card \"Deck at None: Blank Template 0\". Added npc card \"Carmell House Template 1\". Added npc card \"Carmell House Template 1\". Added npc card \"Carmell House Template 1\".", "action_time": "2015-03-15T21:36:01.811Z", "object_repr": "Deck at None", "user": 1}, "model": "admin.logentry", "pk": 104}, {"fields": {"object_id": "19", "action_flag": 1, "content_type": 27, "change_message": "", "action_time": "2015-03-15T21:36:09.565Z", "object_repr": "Prospect Heights", "user": 1}, "model": "admin.logentry", "pk": 105}, {"fields": {"object_id": "17", "action_flag": 3, "content_type": 32, "change_message": "", "action_time": "2015-03-15T21:47:40.829Z", "object_repr": "Log object", "user": 1}, "model": "admin.logentry", "pk": 106}, {"fields": {"object_id": "18", "action_flag": 3, "content_type": 32, "change_message": "", "action_time": "2015-03-15T21:47:40.832Z", "object_repr": "Log object", "user": 1}, "model": "admin.logentry", "pk": 107}, {"fields": {"object_id": "19", "action_flag": 3, "content_type": 32, "change_message": "", "action_time": "2015-03-15T21:47:40.833Z", "object_repr": "Log object", "user": 1}, "model": "admin.logentry", "pk": 108}, {"fields": {"object_id": "20", "action_flag": 3, "content_type": 32, "change_message": "", "action_time": "2015-03-15T21:47:40.834Z", "object_repr": "Log object", "user": 1}, "model": "admin.logentry", "pk": 109}, {"fields": {"object_id": "21", "action_flag": 3, "content_type": 32, "change_message": "", "action_time": "2015-03-15T21:47:40.835Z", "object_repr": "Log object", "user": 1}, "model": "admin.logentry", "pk": 110}, {"fields": {"object_id": "22", "action_flag": 3, "content_type": 32, "change_message": "", "action_time": "2015-03-15T21:47:40.836Z", "object_repr": "Log object", "user": 1}, "model": "admin.logentry", "pk": 111}, {"fields": {"object_id": "23", "action_flag": 3, "content_type": 32, "change_message": "", "action_time": "2015-03-15T21:47:40.837Z", "object_repr": "Log object", "user": 1}, "model": "admin.logentry", "pk": 112}, {"fields": {"object_id": "24", "action_flag": 3, "content_type": 32, "change_message": "", "action_time": "2015-03-15T21:47:40.839Z", "object_repr": "Log object", "user": 1}, "model": "admin.logentry", "pk": 113}, {"fields": {"object_id": "25", "action_flag": 3, "content_type": 32, "change_message": "", "action_time": "2015-03-15T21:47:40.840Z", "object_repr": "Log object", "user": 1}, "model": "admin.logentry", "pk": 114}, {"fields": {"object_id": "26", "action_flag": 3, "content_type": 32, "change_message": "", "action_time": "2015-03-15T21:47:40.841Z", "object_repr": "Log object", "user": 1}, "model": "admin.logentry", "pk": 115}, {"fields": {"object_id": "27", "action_flag": 3, "content_type": 32, "change_message": "", "action_time": "2015-03-15T21:47:40.843Z", "object_repr": "Log object", "user": 1}, "model": "admin.logentry", "pk": 116}, {"fields": {"object_id": "28", "action_flag": 3, "content_type": 32, "change_message": "", "action_time": "2015-03-15T21:47:40.844Z", "object_repr": "Log object", "user": 1}, "model": "admin.logentry", "pk": 117}, {"fields": {"object_id": "29", "action_flag": 3, "content_type": 32, "change_message": "", "action_time": "2015-03-15T21:47:40.845Z", "object_repr": "Log object", "user": 1}, "model": "admin.logentry", "pk": 118}, {"fields": {"object_id": "30", "action_flag": 3, "content_type": 32, "change_message": "", "action_time": "2015-03-15T21:47:40.846Z", "object_repr": "Log object", "user": 1}, "model": "admin.logentry", "pk": 119}, {"fields": {"object_id": "31", "action_flag": 3, "content_type": 32, "change_message": "", "action_time": "2015-03-15T21:47:40.847Z", "object_repr": "Log object", "user": 1}, "model": "admin.logentry", "pk": 120}, {"fields": {"object_id": "32", "action_flag": 3, "content_type": 32, "change_message": "", "action_time": "2015-03-15T21:47:40.848Z", "object_repr": "Log object", "user": 1}, "model": "admin.logentry", "pk": 121}, {"fields": {"object_id": "33", "action_flag": 3, "content_type": 32, "change_message": "", "action_time": "2015-03-15T21:47:40.849Z", "object_repr": "Log object", "user": 1}, "model": "admin.logentry", "pk": 122}, {"fields": {"object_id": "34", "action_flag": 3, "content_type": 32, "change_message": "", "action_time": "2015-03-15T21:47:40.850Z", "object_repr": "Log object", "user": 1}, "model": "admin.logentry", "pk": 123}, {"fields": {"object_id": "35", "action_flag": 3, "content_type": 32, "change_message": "", "action_time": "2015-03-15T21:47:40.852Z", "object_repr": "Log object", "user": 1}, "model": "admin.logentry", "pk": 124}, {"fields": {"object_id": "36", "action_flag": 3, "content_type": 32, "change_message": "", "action_time": "2015-03-15T21:47:40.852Z", "object_repr": "Log object", "user": 1}, "model": "admin.logentry", "pk": 125}, {"fields": {"object_id": "37", "action_flag": 3, "content_type": 32, "change_message": "", "action_time": "2015-03-15T21:47:40.853Z", "object_repr": "Log object", "user": 1}, "model": "admin.logentry", "pk": 126}, {"fields": {"object_id": "38", "action_flag": 3, "content_type": 32, "change_message": "", "action_time": "2015-03-15T21:47:40.854Z", "object_repr": "Log object", "user": 1}, "model": "admin.logentry", "pk": 127}, {"fields": {"object_id": "39", "action_flag": 3, "content_type": 32, "change_message": "", "action_time": "2015-03-15T21:47:40.855Z", "object_repr": "Log object", "user": 1}, "model": "admin.logentry", "pk": 128}, {"fields": {"object_id": "40", "action_flag": 3, "content_type": 32, "change_message": "", "action_time": "2015-03-15T21:47:40.856Z", "object_repr": "Log object", "user": 1}, "model": "admin.logentry", "pk": 129}, {"fields": {"object_id": "41", "action_flag": 3, "content_type": 32, "change_message": "", "action_time": "2015-03-15T21:47:40.857Z", "object_repr": "Log object", "user": 1}, "model": "admin.logentry", "pk": 130}, {"fields": {"object_id": "42", "action_flag": 3, "content_type": 32, "change_message": "", "action_time": "2015-03-15T21:47:40.858Z", "object_repr": "Log object", "user": 1}, "model": "admin.logentry", "pk": 131}, {"fields": {"object_id": "19", "action_flag": 2, "content_type": 24, "change_message": "Changed threshold and npcthreshold for event trigger \"Prospect Heights (Carmell House Template 1) -> Steve Departs\". Changed threshold and npcthreshold for event trigger \"Prospect Heights (Carmell House Template 1) -> Steve Arrives\". Changed npcthreshold for event trigger \"Prospect Heights (Carmell House Template 0) -> Chief's House\".", "action_time": "2015-03-15T22:49:41.823Z", "object_repr": "Prospect Heights", "user": 1}, "model": "admin.logentry", "pk": 132}, {"fields": {"object_id": "19", "action_flag": 2, "content_type": 24, "change_message": "Changed locationDeck.", "action_time": "2015-03-15T22:50:27.945Z", "object_repr": "Prospect Heights", "user": 1}, "model": "admin.logentry", "pk": 133}, {"fields": {"object_id": "13", "action_flag": 2, "content_type": 12, "change_message": "Added card \"Deck at Prospect Heights: Blank Template 0\". Added card \"Deck at Prospect Heights: Blank Template 0\". Added card \"Deck at Prospect Heights: Blank Template 0\". Added npc card \"Carmell House Template 1\". Added npc card \"Carmell House Template 1\". Added npc card \"Carmell House Template 1\".", "action_time": "2015-03-15T22:51:04.066Z", "object_repr": "Deck at Prospect Heights", "user": 1}, "model": "admin.logentry", "pk": 134}, {"fields": {"object_id": "18", "action_flag": 2, "content_type": 27, "change_message": "Changed deck.", "action_time": "2015-03-15T22:51:18.970Z", "object_repr": "Home", "user": 1}, "model": "admin.logentry", "pk": 135}, {"fields": {"object_id": "19", "action_flag": 2, "content_type": 27, "change_message": "Changed deck.", "action_time": "2015-03-15T22:51:26.296Z", "object_repr": "Prospect Heights", "user": 1}, "model": "admin.logentry", "pk": 136}, {"fields": {"object_id": "19", "action_flag": 2, "content_type": 27, "change_message": "Changed deck. Deleted npc link \"NPCLink object\".", "action_time": "2015-03-16T00:41:05.125Z", "object_repr": "Prospect Heights", "user": 1}, "model": "admin.logentry", "pk": 137}, {"fields": {"object_id": "16", "action_flag": 1, "content_type": 12, "change_message": "", "action_time": "2015-03-16T05:09:28.677Z", "object_repr": "Deck at None", "user": 1}, "model": "admin.logentry", "pk": 138}, {"fields": {"object_id": "19", "action_flag": 2, "content_type": 27, "change_message": "Changed deck.", "action_time": "2015-03-16T05:09:32.676Z", "object_repr": "Prospect Heights", "user": 1}, "model": "admin.logentry", "pk": 139}, {"fields": {"object_id": "19", "action_flag": 2, "content_type": 27, "change_message": "Added npc link \"NPCLink object\".", "action_time": "2015-03-16T05:09:42.833Z", "object_repr": "Prospect Heights", "user": 1}, "model": "admin.logentry", "pk": 140}, {"fields": {"object_id": "1", "action_flag": 2, "content_type": 40, "change_message": "No fields changed.", "action_time": "2015-03-16T05:46:56.075Z", "object_repr": "Carmell House", "user": 1}, "model": "admin.logentry", "pk": 141}, {"fields": {"object_id": "1", "action_flag": 2, "content_type": 40, "change_message": "No fields changed.", "action_time": "2015-03-16T05:47:01.328Z", "object_repr": "Carmell House", "user": 1}, "model": "admin.logentry", "pk": 142}, {"fields": {"object_id": "1", "action_flag": 2, "content_type": 40, "change_message": "No fields changed.", "action_time": "2015-03-16T05:47:49.058Z", "object_repr": "Carmell House", "user": 1}, "model": "admin.logentry", "pk": 143}, {"fields": {"object_id": "1", "action_flag": 2, "content_type": 40, "change_message": "No fields changed.", "action_time": "2015-03-16T05:48:05.140Z", "object_repr": "Carmell House", "user": 1}, "model": "admin.logentry", "pk": 144}, {"fields": {"object_id": "1", "action_flag": 2, "content_type": 40, "change_message": "No fields changed.", "action_time": "2015-03-16T05:48:59.581Z", "object_repr": "Carmell House", "user": 1}, "model": "admin.logentry", "pk": 145}, {"fields": {"object_id": "2", "action_flag": 2, "content_type": 40, "change_message": "No fields changed.", "action_time": "2015-03-16T05:49:44.102Z", "object_repr": "Steve Carmell", "user": 1}, "model": "admin.logentry", "pk": 146}, {"fields": {"object_id": "1", "action_flag": 2, "content_type": 40, "change_message": "No fields changed.", "action_time": "2015-03-16T05:50:26.430Z", "object_repr": "Carmell House", "user": 1}, "model": "admin.logentry", "pk": 147}, {"fields": {"object_id": "1", "action_flag": 2, "content_type": 40, "change_message": "No fields changed.", "action_time": "2015-03-16T05:53:45.709Z", "object_repr": "Carmell House", "user": 1}, "model": "admin.logentry", "pk": 148}, {"fields": {"object_id": "1", "action_flag": 2, "content_type": 40, "change_message": "No fields changed.", "action_time": "2015-03-16T05:55:44.765Z", "object_repr": "Carmell House", "user": 1}, "model": "admin.logentry", "pk": 149}, {"fields": {"object_id": "1", "action_flag": 2, "content_type": 40, "change_message": "Changed card.", "action_time": "2015-03-16T05:56:46.486Z", "object_repr": "Carmell House", "user": 1}, "model": "admin.logentry", "pk": 150}, {"fields": {"object_id": "1", "action_flag": 2, "content_type": 40, "change_message": "Changed card.", "action_time": "2015-03-16T05:56:51.394Z", "object_repr": "Carmell House", "user": 1}, "model": "admin.logentry", "pk": 151}, {"fields": {"object_id": "1", "action_flag": 2, "content_type": 40, "change_message": "No fields changed.", "action_time": "2015-03-16T05:56:57.953Z", "object_repr": "Carmell House", "user": 1}, "model": "admin.logentry", "pk": 152}, {"fields": {"object_id": "1", "action_flag": 2, "content_type": 40, "change_message": "No fields changed.", "action_time": "2015-03-16T05:57:25.783Z", "object_repr": "Carmell House", "user": 1}, "model": "admin.logentry", "pk": 153}, {"fields": {"object_id": "1", "action_flag": 2, "content_type": 40, "change_message": "No fields changed.", "action_time": "2015-03-16T05:57:53.703Z", "object_repr": "Carmell House", "user": 1}, "model": "admin.logentry", "pk": 154}, {"fields": {"object_id": "1", "action_flag": 2, "content_type": 40, "change_message": "No fields changed.", "action_time": "2015-03-16T06:03:11.957Z", "object_repr": "Carmell House", "user": 1}, "model": "admin.logentry", "pk": 155}, {"fields": {"object_id": "58", "action_flag": 2, "content_type": 16, "change_message": "No fields changed.", "action_time": "2015-03-16T06:07:43.992Z", "object_repr": "Carmell House Template 0", "user": 1}, "model": "admin.logentry", "pk": 156}, {"fields": {"object_id": "68", "action_flag": 3, "content_type": 13, "change_message": "", "action_time": "2015-03-16T06:08:05.319Z", "object_repr": "None: Carmell House Template 0", "user": 1}, "model": "admin.logentry", "pk": 157}, {"fields": {"object_id": "67", "action_flag": 3, "content_type": 13, "change_message": "", "action_time": "2015-03-16T06:08:05.323Z", "object_repr": "None: Carmell House Template 0", "user": 1}, "model": "admin.logentry", "pk": 158}, {"fields": {"object_id": "66", "action_flag": 3, "content_type": 13, "change_message": "", "action_time": "2015-03-16T06:08:05.327Z", "object_repr": "None: Carmell House Template 0", "user": 1}, "model": "admin.logentry", "pk": 159}, {"fields": {"object_id": "65", "action_flag": 3, "content_type": 13, "change_message": "", "action_time": "2015-03-16T06:08:05.330Z", "object_repr": "None: Carmell House Template 0", "user": 1}, "model": "admin.logentry", "pk": 160}, {"fields": {"object_id": "64", "action_flag": 3, "content_type": 13, "change_message": "", "action_time": "2015-03-16T06:08:05.333Z", "object_repr": "None: Carmell House Template 0", "user": 1}, "model": "admin.logentry", "pk": 161}, {"fields": {"object_id": "63", "action_flag": 3, "content_type": 13, "change_message": "", "action_time": "2015-03-16T06:08:05.337Z", "object_repr": "None: Carmell House Template 0", "user": 1}, "model": "admin.logentry", "pk": 162}, {"fields": {"object_id": "62", "action_flag": 3, "content_type": 13, "change_message": "", "action_time": "2015-03-16T06:08:05.340Z", "object_repr": "None: Carmell House Template 0", "user": 1}, "model": "admin.logentry", "pk": 163}, {"fields": {"object_id": "61", "action_flag": 3, "content_type": 13, "change_message": "", "action_time": "2015-03-16T06:08:05.344Z", "object_repr": "None: Steve Carmell Template 0", "user": 1}, "model": "admin.logentry", "pk": 164}, {"fields": {"object_id": "60", "action_flag": 3, "content_type": 13, "change_message": "", "action_time": "2015-03-16T06:08:05.348Z", "object_repr": "None: Carmell House Template 0", "user": 1}, "model": "admin.logentry", "pk": 165}, {"fields": {"object_id": "59", "action_flag": 3, "content_type": 13, "change_message": "", "action_time": "2015-03-16T06:08:05.351Z", "object_repr": "None: Carmell House Template 0", "user": 1}, "model": "admin.logentry", "pk": 166}, {"fields": {"object_id": "58", "action_flag": 3, "content_type": 13, "change_message": "", "action_time": "2015-03-16T06:08:05.355Z", "object_repr": "None: Carmell House Template 0", "user": 1}, "model": "admin.logentry", "pk": 167}, {"fields": {"object_id": "1", "action_flag": 2, "content_type": 40, "change_message": "No fields changed.", "action_time": "2015-03-16T06:09:32.417Z", "object_repr": "Carmell House", "user": 1}, "model": "admin.logentry", "pk": 168}, {"fields": {"object_id": "1", "action_flag": 2, "content_type": 40, "change_message": "Changed card.", "action_time": "2015-03-16T06:09:47.731Z", "object_repr": "Carmell House", "user": 1}, "model": "admin.logentry", "pk": 169}, {"fields": {"object_id": "2", "action_flag": 2, "content_type": 40, "change_message": "No fields changed.", "action_time": "2015-03-16T06:09:59.120Z", "object_repr": "Steve Carmell", "user": 1}, "model": "admin.logentry", "pk": 170}, {"fields": {"object_id": "2", "action_flag": 2, "content_type": 40, "change_message": "No fields changed.", "action_time": "2015-03-16T06:10:03.466Z", "object_repr": "Steve Carmell", "user": 1}, "model": "admin.logentry", "pk": 171}, {"fields": {"object_id": "2", "action_flag": 2, "content_type": 40, "change_message": "No fields changed.", "action_time": "2015-03-16T06:10:05.482Z", "object_repr": "Steve Carmell", "user": 1}, "model": "admin.logentry", "pk": 172}, {"fields": {"object_id": "2", "action_flag": 2, "content_type": 40, "change_message": "No fields changed.", "action_time": "2015-03-16T06:11:02.166Z", "object_repr": "Steve Carmell", "user": 1}, "model": "admin.logentry", "pk": 173}, {"fields": {"object_id": "2", "action_flag": 2, "content_type": 40, "change_message": "No fields changed.", "action_time": "2015-03-16T06:11:50.543Z", "object_repr": "Steve Carmell", "user": 1}, "model": "admin.logentry", "pk": 174}, {"fields": {"object_id": "4", "action_flag": 2, "content_type": 40, "change_message": "No fields changed.", "action_time": "2015-03-16T06:25:48.144Z", "object_repr": "Renee Lilac", "user": 1}, "model": "admin.logentry", "pk": 175}, {"fields": {"object_id": "3", "action_flag": 2, "content_type": 40, "change_message": "No fields changed.", "action_time": "2015-03-16T06:25:52.542Z", "object_repr": "Bookcase", "user": 1}, "model": "admin.logentry", "pk": 176}, {"fields": {"object_id": "1", "action_flag": 2, "content_type": 40, "change_message": "Changed card.", "action_time": "2015-03-16T06:26:06.341Z", "object_repr": "Carmell House", "user": 1}, "model": "admin.logentry", "pk": 177}, {"fields": {"object_id": "1", "action_flag": 2, "content_type": 31, "change_message": "Changed cardStatus and resolved for active event \"ActiveEvent object\".", "action_time": "2015-03-16T06:34:12.291Z", "object_repr": "justinbrown's Profile", "user": 1}, "model": "admin.logentry", "pk": 178}, {"fields": {"object_id": "1", "action_flag": 2, "content_type": 31, "change_message": "Changed cardStatus and resolved for active event \"ActiveEvent object\".", "action_time": "2015-03-16T06:35:49.364Z", "object_repr": "justinbrown's Profile", "user": 1}, "model": "admin.logentry", "pk": 179}, {"fields": {"object_id": "1", "action_flag": 2, "content_type": 31, "change_message": "Changed resolved for active event \"ActiveEvent object\".", "action_time": "2015-03-16T06:48:14.816Z", "object_repr": "justinbrown's Profile", "user": 1}, "model": "admin.logentry", "pk": 180}, {"fields": {"object_id": "19", "action_flag": 2, "content_type": 24, "change_message": "Changed deck.", "action_time": "2015-03-16T06:49:34.406Z", "object_repr": "Prospect Heights", "user": 1}, "model": "admin.logentry", "pk": 181}, {"fields": {"object_id": "17", "action_flag": 1, "content_type": 12, "change_message": "", "action_time": "2015-03-16T06:50:32.386Z", "object_repr": "Deck at None", "user": 1}, "model": "admin.logentry", "pk": 182}, {"fields": {"object_id": "3", "action_flag": 2, "content_type": 24, "change_message": "Changed deck.", "action_time": "2015-03-16T06:50:39.090Z", "object_repr": "Chief's House", "user": 1}, "model": "admin.logentry", "pk": 183}, {"fields": {"object_id": "43", "action_flag": 3, "content_type": 32, "change_message": "", "action_time": "2015-03-20T23:11:35.625Z", "object_repr": "Log object", "user": 1}, "model": "admin.logentry", "pk": 184}, {"fields": {"object_id": "44", "action_flag": 3, "content_type": 32, "change_message": "", "action_time": "2015-03-20T23:11:35.627Z", "object_repr": "Log object", "user": 1}, "model": "admin.logentry", "pk": 185}, {"fields": {"object_id": "45", "action_flag": 3, "content_type": 32, "change_message": "", "action_time": "2015-03-20T23:11:35.628Z", "object_repr": "Log object", "user": 1}, "model": "admin.logentry", "pk": 186}, {"fields": {"object_id": "46", "action_flag": 3, "content_type": 32, "change_message": "", "action_time": "2015-03-20T23:11:35.629Z", "object_repr": "Log object", "user": 1}, "model": "admin.logentry", "pk": 187}, {"fields": {"object_id": "47", "action_flag": 3, "content_type": 32, "change_message": "", "action_time": "2015-03-20T23:11:35.630Z", "object_repr": "Log object", "user": 1}, "model": "admin.logentry", "pk": 188}, {"fields": {"object_id": "48", "action_flag": 3, "content_type": 32, "change_message": "", "action_time": "2015-03-20T23:11:35.632Z", "object_repr": "Log object", "user": 1}, "model": "admin.logentry", "pk": 189}, {"fields": {"object_id": "49", "action_flag": 3, "content_type": 32, "change_message": "", "action_time": "2015-03-20T23:11:35.633Z", "object_repr": "Log object", "user": 1}, "model": "admin.logentry", "pk": 190}, {"fields": {"object_id": "50", "action_flag": 3, "content_type": 32, "change_message": "", "action_time": "2015-03-20T23:11:35.634Z", "object_repr": "Log object", "user": 1}, "model": "admin.logentry", "pk": 191}, {"fields": {"object_id": "51", "action_flag": 3, "content_type": 32, "change_message": "", "action_time": "2015-03-20T23:11:35.636Z", "object_repr": "Log object", "user": 1}, "model": "admin.logentry", "pk": 192}, {"fields": {"object_id": "52", "action_flag": 3, "content_type": 32, "change_message": "", "action_time": "2015-03-20T23:11:35.637Z", "object_repr": "Log object", "user": 1}, "model": "admin.logentry", "pk": 193}, {"fields": {"object_id": "53", "action_flag": 3, "content_type": 32, "change_message": "", "action_time": "2015-03-20T23:11:35.638Z", "object_repr": "Log object", "user": 1}, "model": "admin.logentry", "pk": 194}, {"fields": {"object_id": "54", "action_flag": 3, "content_type": 32, "change_message": "", "action_time": "2015-03-20T23:11:35.639Z", "object_repr": "Log object", "user": 1}, "model": "admin.logentry", "pk": 195}, {"fields": {"object_id": "55", "action_flag": 3, "content_type": 32, "change_message": "", "action_time": "2015-03-20T23:11:35.640Z", "object_repr": "Log object", "user": 1}, "model": "admin.logentry", "pk": 196}, {"fields": {"object_id": "56", "action_flag": 3, "content_type": 32, "change_message": "", "action_time": "2015-03-20T23:11:35.641Z", "object_repr": "Log object", "user": 1}, "model": "admin.logentry", "pk": 197}, {"fields": {"object_id": "57", "action_flag": 3, "content_type": 32, "change_message": "", "action_time": "2015-03-20T23:11:35.642Z", "object_repr": "Log object", "user": 1}, "model": "admin.logentry", "pk": 198}, {"fields": {"object_id": "58", "action_flag": 3, "content_type": 32, "change_message": "", "action_time": "2015-03-20T23:11:35.643Z", "object_repr": "Log object", "user": 1}, "model": "admin.logentry", "pk": 199}, {"fields": {"object_id": "59", "action_flag": 3, "content_type": 32, "change_message": "", "action_time": "2015-03-20T23:11:35.644Z", "object_repr": "Log object", "user": 1}, "model": "admin.logentry", "pk": 200}, {"fields": {"object_id": "60", "action_flag": 3, "content_type": 32, "change_message": "", "action_time": "2015-03-20T23:11:35.644Z", "object_repr": "Log object", "user": 1}, "model": "admin.logentry", "pk": 201}, {"fields": {"object_id": "61", "action_flag": 3, "content_type": 32, "change_message": "", "action_time": "2015-03-20T23:11:35.645Z", "object_repr": "Log object", "user": 1}, "model": "admin.logentry", "pk": 202}, {"fields": {"object_id": "62", "action_flag": 3, "content_type": 32, "change_message": "", "action_time": "2015-03-20T23:11:35.646Z", "object_repr": "Log object", "user": 1}, "model": "admin.logentry", "pk": 203}, {"fields": {"object_id": "63", "action_flag": 3, "content_type": 32, "change_message": "", "action_time": "2015-03-20T23:11:35.647Z", "object_repr": "Log object", "user": 1}, "model": "admin.logentry", "pk": 204}, {"fields": {"object_id": "64", "action_flag": 3, "content_type": 32, "change_message": "", "action_time": "2015-03-20T23:11:35.648Z", "object_repr": "Log object", "user": 1}, "model": "admin.logentry", "pk": 205}, {"fields": {"object_id": "65", "action_flag": 3, "content_type": 32, "change_message": "", "action_time": "2015-03-20T23:11:35.649Z", "object_repr": "Log object", "user": 1}, "model": "admin.logentry", "pk": 206}, {"fields": {"object_id": "66", "action_flag": 3, "content_type": 32, "change_message": "", "action_time": "2015-03-20T23:11:35.649Z", "object_repr": "Log object", "user": 1}, "model": "admin.logentry", "pk": 207}, {"fields": {"object_id": "67", "action_flag": 3, "content_type": 32, "change_message": "", "action_time": "2015-03-20T23:11:35.650Z", "object_repr": "Log object", "user": 1}, "model": "admin.logentry", "pk": 208}, {"fields": {"object_id": "68", "action_flag": 3, "content_type": 32, "change_message": "", "action_time": "2015-03-20T23:11:35.651Z", "object_repr": "Log object", "user": 1}, "model": "admin.logentry", "pk": 209}, {"fields": {"object_id": "69", "action_flag": 3, "content_type": 32, "change_message": "", "action_time": "2015-03-20T23:11:35.652Z", "object_repr": "Log object", "user": 1}, "model": "admin.logentry", "pk": 210}, {"fields": {"object_id": "70", "action_flag": 3, "content_type": 32, "change_message": "", "action_time": "2015-03-20T23:11:35.653Z", "object_repr": "Log object", "user": 1}, "model": "admin.logentry", "pk": 211}, {"fields": {"object_id": "71", "action_flag": 3, "content_type": 32, "change_message": "", "action_time": "2015-03-20T23:11:35.653Z", "object_repr": "Log object", "user": 1}, "model": "admin.logentry", "pk": 212}, {"fields": {"object_id": "72", "action_flag": 3, "content_type": 32, "change_message": "", "action_time": "2015-03-20T23:11:35.654Z", "object_repr": "Log object", "user": 1}, "model": "admin.logentry", "pk": 213}, {"fields": {"object_id": "73", "action_flag": 3, "content_type": 32, "change_message": "", "action_time": "2015-03-20T23:11:35.655Z", "object_repr": "Log object", "user": 1}, "model": "admin.logentry", "pk": 214}, {"fields": {"object_id": "74", "action_flag": 3, "content_type": 32, "change_message": "", "action_time": "2015-03-20T23:11:35.656Z", "object_repr": "Log object", "user": 1}, "model": "admin.logentry", "pk": 215}, {"fields": {"object_id": "75", "action_flag": 3, "content_type": 32, "change_message": "", "action_time": "2015-03-20T23:11:35.657Z", "object_repr": "Log object", "user": 1}, "model": "admin.logentry", "pk": 216}, {"fields": {"object_id": "76", "action_flag": 3, "content_type": 32, "change_message": "", "action_time": "2015-03-20T23:11:35.658Z", "object_repr": "Log object", "user": 1}, "model": "admin.logentry", "pk": 217}, {"fields": {"object_id": "77", "action_flag": 3, "content_type": 32, "change_message": "", "action_time": "2015-03-20T23:11:35.659Z", "object_repr": "Log object", "user": 1}, "model": "admin.logentry", "pk": 218}, {"fields": {"object_id": "78", "action_flag": 3, "content_type": 32, "change_message": "", "action_time": "2015-03-20T23:11:35.660Z", "object_repr": "Log object", "user": 1}, "model": "admin.logentry", "pk": 219}, {"fields": {"object_id": "79", "action_flag": 3, "content_type": 32, "change_message": "", "action_time": "2015-03-20T23:11:35.660Z", "object_repr": "Log object", "user": 1}, "model": "admin.logentry", "pk": 220}, {"fields": {"object_id": "80", "action_flag": 3, "content_type": 32, "change_message": "", "action_time": "2015-03-20T23:11:35.661Z", "object_repr": "Log object", "user": 1}, "model": "admin.logentry", "pk": 221}, {"fields": {"object_id": "81", "action_flag": 3, "content_type": 32, "change_message": "", "action_time": "2015-03-20T23:11:35.662Z", "object_repr": "Log object", "user": 1}, "model": "admin.logentry", "pk": 222}, {"fields": {"object_id": "82", "action_flag": 3, "content_type": 32, "change_message": "", "action_time": "2015-03-20T23:11:35.663Z", "object_repr": "Log object", "user": 1}, "model": "admin.logentry", "pk": 223}, {"fields": {"object_id": "83", "action_flag": 3, "content_type": 32, "change_message": "", "action_time": "2015-03-20T23:11:35.664Z", "object_repr": "Log object", "user": 1}, "model": "admin.logentry", "pk": 224}, {"fields": {"object_id": "84", "action_flag": 3, "content_type": 32, "change_message": "", "action_time": "2015-03-20T23:11:35.665Z", "object_repr": "Log object", "user": 1}, "model": "admin.logentry", "pk": 225}, {"fields": {"object_id": "85", "action_flag": 3, "content_type": 32, "change_message": "", "action_time": "2015-03-20T23:11:35.665Z", "object_repr": "Log object", "user": 1}, "model": "admin.logentry", "pk": 226}, {"fields": {"object_id": "86", "action_flag": 3, "content_type": 32, "change_message": "", "action_time": "2015-03-20T23:11:35.666Z", "object_repr": "Log object", "user": 1}, "model": "admin.logentry", "pk": 227}, {"fields": {"object_id": "87", "action_flag": 3, "content_type": 32, "change_message": "", "action_time": "2015-03-20T23:11:35.667Z", "object_repr": "Log object", "user": 1}, "model": "admin.logentry", "pk": 228}, {"fields": {"object_id": "88", "action_flag": 3, "content_type": 32, "change_message": "", "action_time": "2015-03-20T23:11:35.668Z", "object_repr": "Log object", "user": 1}, "model": "admin.logentry", "pk": 229}, {"fields": {"object_id": "89", "action_flag": 3, "content_type": 32, "change_message": "", "action_time": "2015-03-20T23:11:35.669Z", "object_repr": "Log object", "user": 1}, "model": "admin.logentry", "pk": 230}, {"fields": {"object_id": "90", "action_flag": 3, "content_type": 32, "change_message": "", "action_time": "2015-03-20T23:11:35.670Z", "object_repr": "Log object", "user": 1}, "model": "admin.logentry", "pk": 231}, {"fields": {"object_id": "91", "action_flag": 3, "content_type": 32, "change_message": "", "action_time": "2015-03-20T23:11:35.671Z", "object_repr": "Log object", "user": 1}, "model": "admin.logentry", "pk": 232}, {"fields": {"object_id": "92", "action_flag": 3, "content_type": 32, "change_message": "", "action_time": "2015-03-20T23:11:35.671Z", "object_repr": "Log object", "user": 1}, "model": "admin.logentry", "pk": 233}, {"fields": {"object_id": "93", "action_flag": 3, "content_type": 32, "change_message": "", "action_time": "2015-03-20T23:11:35.672Z", "object_repr": "Log object", "user": 1}, "model": "admin.logentry", "pk": 234}, {"fields": {"object_id": "94", "action_flag": 3, "content_type": 32, "change_message": "", "action_time": "2015-03-20T23:11:35.673Z", "object_repr": "Log object", "user": 1}, "model": "admin.logentry", "pk": 235}, {"fields": {"object_id": "95", "action_flag": 3, "content_type": 32, "change_message": "", "action_time": "2015-03-20T23:11:35.674Z", "object_repr": "Log object", "user": 1}, "model": "admin.logentry", "pk": 236}, {"fields": {"object_id": "96", "action_flag": 3, "content_type": 32, "change_message": "", "action_time": "2015-03-20T23:11:35.675Z", "object_repr": "Log object", "user": 1}, "model": "admin.logentry", "pk": 237}, {"fields": {"object_id": "97", "action_flag": 3, "content_type": 32, "change_message": "", "action_time": "2015-03-20T23:11:35.676Z", "object_repr": "Log object", "user": 1}, "model": "admin.logentry", "pk": 238}, {"fields": {"object_id": "98", "action_flag": 3, "content_type": 32, "change_message": "", "action_time": "2015-03-20T23:11:35.677Z", "object_repr": "Log object", "user": 1}, "model": "admin.logentry", "pk": 239}, {"fields": {"object_id": "99", "action_flag": 3, "content_type": 32, "change_message": "", "action_time": "2015-03-20T23:11:35.678Z", "object_repr": "Log object", "user": 1}, "model": "admin.logentry", "pk": 240}, {"fields": {"object_id": "100", "action_flag": 3, "content_type": 32, "change_message": "", "action_time": "2015-03-20T23:11:35.679Z", "object_repr": "Log object", "user": 1}, "model": "admin.logentry", "pk": 241}, {"fields": {"object_id": "101", "action_flag": 3, "content_type": 32, "change_message": "", "action_time": "2015-03-20T23:11:35.680Z", "object_repr": "Log object", "user": 1}, "model": "admin.logentry", "pk": 242}, {"fields": {"object_id": "102", "action_flag": 3, "content_type": 32, "change_message": "", "action_time": "2015-03-20T23:11:35.681Z", "object_repr": "Log object", "user": 1}, "model": "admin.logentry", "pk": 243}, {"fields": {"object_id": "103", "action_flag": 3, "content_type": 32, "change_message": "", "action_time": "2015-03-20T23:11:35.681Z", "object_repr": "Log object", "user": 1}, "model": "admin.logentry", "pk": 244}, {"fields": {"object_id": "104", "action_flag": 3, "content_type": 32, "change_message": "", "action_time": "2015-03-20T23:11:35.682Z", "object_repr": "Log object", "user": 1}, "model": "admin.logentry", "pk": 245}, {"fields": {"object_id": "105", "action_flag": 3, "content_type": 32, "change_message": "", "action_time": "2015-03-20T23:11:35.683Z", "object_repr": "Log object", "user": 1}, "model": "admin.logentry", "pk": 246}, {"fields": {"object_id": "106", "action_flag": 3, "content_type": 32, "change_message": "", "action_time": "2015-03-20T23:11:35.684Z", "object_repr": "Log object", "user": 1}, "model": "admin.logentry", "pk": 247}, {"fields": {"object_id": "107", "action_flag": 3, "content_type": 32, "change_message": "", "action_time": "2015-03-20T23:11:35.685Z", "object_repr": "Log object", "user": 1}, "model": "admin.logentry", "pk": 248}, {"fields": {"object_id": "78", "action_flag": 3, "content_type": 29, "change_message": "", "action_time": "2015-03-20T23:33:56.570Z", "object_repr": "Carmell House Template 1 in (Deck at None viewed by justinbrown)", "user": 1}, "model": "admin.logentry", "pk": 249}, {"fields": {"object_id": "79", "action_flag": 3, "content_type": 29, "change_message": "", "action_time": "2015-03-20T23:33:56.572Z", "object_repr": "Carmell House Template 1 in (Deck at None viewed by justinbrown)", "user": 1}, "model": "admin.logentry", "pk": 250}, {"fields": {"object_id": "75", "action_flag": 3, "content_type": 29, "change_message": "", "action_time": "2015-03-20T23:33:56.576Z", "object_repr": "Deck at None: Blank Template 0 in (Deck at None viewed by justinbrown)", "user": 1}, "model": "admin.logentry", "pk": 251}, {"fields": {"object_id": "21", "action_flag": 3, "content_type": 29, "change_message": "", "action_time": "2015-03-20T23:33:56.577Z", "object_repr": "Dash Template 2 w/ EXP 0 in (justinbrown's Deck viewed by justinbrown)", "user": 1}, "model": "admin.logentry", "pk": 252}, {"fields": {"object_id": "76", "action_flag": 3, "content_type": 29, "change_message": "", "action_time": "2015-03-20T23:33:56.580Z", "object_repr": "Deck at None: Blank Template 0 in (Deck at None viewed by justinbrown)", "user": 1}, "model": "admin.logentry", "pk": 253}, {"fields": {"object_id": "22", "action_flag": 3, "content_type": 29, "change_message": "", "action_time": "2015-03-20T23:33:56.581Z", "object_repr": "Resist Template 1 w/ EXP 0 in (justinbrown's Deck viewed by justinbrown)", "user": 1}, "model": "admin.logentry", "pk": 254}, {"fields": {"object_id": "77", "action_flag": 3, "content_type": 29, "change_message": "", "action_time": "2015-03-20T23:33:56.584Z", "object_repr": "Deck at None: Blank Template 0 in (Deck at None viewed by justinbrown)", "user": 1}, "model": "admin.logentry", "pk": 255}, {"fields": {"object_id": "23", "action_flag": 3, "content_type": 29, "change_message": "", "action_time": "2015-03-20T23:33:56.585Z", "object_repr": "Resist Template 2 w/ EXP 0 in (justinbrown's Deck viewed by justinbrown)", "user": 1}, "model": "admin.logentry", "pk": 256}, {"fields": {"object_id": "17", "action_flag": 3, "content_type": 29, "change_message": "", "action_time": "2015-03-20T23:33:56.586Z", "object_repr": "Force Template 1 w/ EXP 0 in (justinbrown's Deck viewed by justinbrown)", "user": 1}, "model": "admin.logentry", "pk": 257}, {"fields": {"object_id": "18", "action_flag": 3, "content_type": 29, "change_message": "", "action_time": "2015-03-20T23:33:56.587Z", "object_repr": "Force Template 2 w/ EXP 0 in (justinbrown's Deck viewed by justinbrown)", "user": 1}, "model": "admin.logentry", "pk": 258}, {"fields": {"object_id": "19", "action_flag": 3, "content_type": 29, "change_message": "", "action_time": "2015-03-20T23:33:56.588Z", "object_repr": "Force Template 3 w/ EXP 0 in (justinbrown's Deck viewed by justinbrown)", "user": 1}, "model": "admin.logentry", "pk": 259}, {"fields": {"object_id": "282", "action_flag": 3, "content_type": 29, "change_message": "", "action_time": "2015-03-20T23:33:56.590Z", "object_repr": "Carmell House Template 0 in (Deck at None viewed by justinbrown)", "user": 1}, "model": "admin.logentry", "pk": 260}, {"fields": {"object_id": "142", "action_flag": 3, "content_type": 29, "change_message": "", "action_time": "2015-03-20T23:33:56.593Z", "object_repr": "Deck at None: Blank Template 0 in (Deck at None viewed by justinbrown)", "user": 1}, "model": "admin.logentry", "pk": 261}, {"fields": {"object_id": "20", "action_flag": 3, "content_type": 29, "change_message": "", "action_time": "2015-03-20T23:33:56.594Z", "object_repr": "Dash Template 1 w/ EXP 0 in (justinbrown's Deck viewed by justinbrown)", "user": 1}, "model": "admin.logentry", "pk": 262}, {"fields": {"object_id": "146", "action_flag": 3, "content_type": 29, "change_message": "", "action_time": "2015-03-20T23:33:56.595Z", "object_repr": "Carmell House Template 1 in (Deck at None viewed by justinbrown)", "user": 1}, "model": "admin.logentry", "pk": 263}, {"fields": {"object_id": "24", "action_flag": 3, "content_type": 29, "change_message": "", "action_time": "2015-03-20T23:33:56.596Z", "object_repr": "Charm Template 1 w/ EXP 0 in (justinbrown's Deck viewed by justinbrown)", "user": 1}, "model": "admin.logentry", "pk": 264}, {"fields": {"object_id": "143", "action_flag": 3, "content_type": 29, "change_message": "", "action_time": "2015-03-20T23:33:56.598Z", "object_repr": "Deck at None: Blank Template 0 in (Deck at None viewed by justinbrown)", "user": 1}, "model": "admin.logentry", "pk": 265}, {"fields": {"object_id": "147", "action_flag": 3, "content_type": 29, "change_message": "", "action_time": "2015-03-20T23:33:56.600Z", "object_repr": "Carmell House Template 1 in (Deck at None viewed by justinbrown)", "user": 1}, "model": "admin.logentry", "pk": 266}, {"fields": {"object_id": "144", "action_flag": 3, "content_type": 29, "change_message": "", "action_time": "2015-03-20T23:33:56.602Z", "object_repr": "Deck at None: Blank Template 0 in (Deck at None viewed by justinbrown)", "user": 1}, "model": "admin.logentry", "pk": 267}, {"fields": {"object_id": "145", "action_flag": 3, "content_type": 29, "change_message": "", "action_time": "2015-03-20T23:33:56.603Z", "object_repr": "Carmell House Template 1 in (Deck at None viewed by justinbrown)", "user": 1}, "model": "admin.logentry", "pk": 268}, {"fields": {"object_id": "244", "action_flag": 3, "content_type": 29, "change_message": "", "action_time": "2015-03-20T23:33:56.605Z", "object_repr": "Carmell House Template 0 in (None)", "user": 1}, "model": "admin.logentry", "pk": 269}, {"fields": {"object_id": "3", "action_flag": 2, "content_type": 24, "change_message": "Changed content.", "action_time": "2015-03-20T23:40:25.693Z", "object_repr": "Chief's House", "user": 1}, "model": "admin.logentry", "pk": 270}, {"fields": {"object_id": "3", "action_flag": 2, "content_type": 24, "change_message": "Changed content.", "action_time": "2015-03-20T23:42:36.136Z", "object_repr": "Chief's House", "user": 1}, "model": "admin.logentry", "pk": 271}, {"fields": {"object_id": "3", "action_flag": 2, "content_type": 24, "change_message": "Changed event and content for event trigger \"Chief's House (Force Template 0) -> Break into Sitting Room\". Changed content for event trigger \"Chief's House (Ask Template 0) -> Steve at the Threshold\". Changed content for event trigger \"Chief's House (Dash Template 0) -> Chief Bedroom\". Changed content for event trigger \"Chief's House (Force Template 99) -> None\". Changed content for event trigger \"Chief's House (Dash Template 99) -> None\". Changed content for event trigger \"Chief's House (Ask Template 0) -> None\". Changed content for event trigger \"Chief's House (Leave Template 0) -> None\". Deleted event trigger \"Chief's House (Force Template 0) -> Chief Sitting Room\".", "action_time": "2015-03-20T23:46:00.289Z", "object_repr": "Chief's House", "user": 1}, "model": "admin.logentry", "pk": 272}, {"fields": {"object_id": "3", "action_flag": 2, "content_type": 24, "change_message": "Changed result for event trigger \"Chief's House (Ask Template 0) -> Steve at the Threshold\". Changed result for event trigger \"Chief's House (Dash Template 0) -> Chief Bedroom\".", "action_time": "2015-03-21T00:13:28.466Z", "object_repr": "Chief's House", "user": 1}, "model": "admin.logentry", "pk": 273}, {"fields": {"object_id": "1", "action_flag": 2, "content_type": 31, "change_message": "Changed cardStatus and resolved for active event \"ActiveEvent object\".", "action_time": "2015-03-21T00:14:16.699Z", "object_repr": "justinbrown's Profile", "user": 1}, "model": "admin.logentry", "pk": 274}, {"fields": {"object_id": "108", "action_flag": 3, "content_type": 32, "change_message": "", "action_time": "2015-03-21T00:29:23.584Z", "object_repr": "Log object", "user": 1}, "model": "admin.logentry", "pk": 275}, {"fields": {"object_id": "109", "action_flag": 3, "content_type": 32, "change_message": "", "action_time": "2015-03-21T00:29:23.587Z", "object_repr": "Log object", "user": 1}, "model": "admin.logentry", "pk": 276}, {"fields": {"object_id": "110", "action_flag": 3, "content_type": 32, "change_message": "", "action_time": "2015-03-21T00:29:23.589Z", "object_repr": "Log object", "user": 1}, "model": "admin.logentry", "pk": 277}, {"fields": {"object_id": "111", "action_flag": 3, "content_type": 32, "change_message": "", "action_time": "2015-03-21T00:29:23.590Z", "object_repr": "Log object", "user": 1}, "model": "admin.logentry", "pk": 278}, {"fields": {"object_id": "112", "action_flag": 3, "content_type": 32, "change_message": "", "action_time": "2015-03-21T00:29:23.591Z", "object_repr": "Log object", "user": 1}, "model": "admin.logentry", "pk": 279}, {"fields": {"object_id": "113", "action_flag": 3, "content_type": 32, "change_message": "", "action_time": "2015-03-21T00:29:23.593Z", "object_repr": "Log object", "user": 1}, "model": "admin.logentry", "pk": 280}, {"fields": {"object_id": "114", "action_flag": 3, "content_type": 32, "change_message": "", "action_time": "2015-03-21T00:29:23.594Z", "object_repr": "Log object", "user": 1}, "model": "admin.logentry", "pk": 281}, {"fields": {"object_id": "115", "action_flag": 3, "content_type": 32, "change_message": "", "action_time": "2015-03-21T00:29:23.596Z", "object_repr": "Log object", "user": 1}, "model": "admin.logentry", "pk": 282}, {"fields": {"object_id": "116", "action_flag": 3, "content_type": 32, "change_message": "", "action_time": "2015-03-21T00:29:23.598Z", "object_repr": "Log object", "user": 1}, "model": "admin.logentry", "pk": 283}, {"fields": {"object_id": "117", "action_flag": 3, "content_type": 32, "change_message": "", "action_time": "2015-03-21T00:29:23.599Z", "object_repr": "Log object", "user": 1}, "model": "admin.logentry", "pk": 284}, {"fields": {"object_id": "118", "action_flag": 3, "content_type": 32, "change_message": "", "action_time": "2015-03-21T00:29:23.600Z", "object_repr": "Log object", "user": 1}, "model": "admin.logentry", "pk": 285}, {"fields": {"object_id": "119", "action_flag": 3, "content_type": 32, "change_message": "", "action_time": "2015-03-21T00:29:23.601Z", "object_repr": "Log object", "user": 1}, "model": "admin.logentry", "pk": 286}, {"fields": {"object_id": "120", "action_flag": 3, "content_type": 32, "change_message": "", "action_time": "2015-03-21T00:29:23.602Z", "object_repr": "Log object", "user": 1}, "model": "admin.logentry", "pk": 287}, {"fields": {"object_id": "121", "action_flag": 3, "content_type": 32, "change_message": "", "action_time": "2015-03-21T00:29:23.603Z", "object_repr": "Log object", "user": 1}, "model": "admin.logentry", "pk": 288}, {"fields": {"object_id": "122", "action_flag": 3, "content_type": 32, "change_message": "", "action_time": "2015-03-21T00:29:23.604Z", "object_repr": "Log object", "user": 1}, "model": "admin.logentry", "pk": 289}, {"fields": {"object_id": "123", "action_flag": 3, "content_type": 32, "change_message": "", "action_time": "2015-03-21T00:29:23.605Z", "object_repr": "Log object", "user": 1}, "model": "admin.logentry", "pk": 290}, {"fields": {"object_id": "124", "action_flag": 3, "content_type": 32, "change_message": "", "action_time": "2015-03-21T00:29:23.606Z", "object_repr": "Log object", "user": 1}, "model": "admin.logentry", "pk": 291}, {"fields": {"object_id": "125", "action_flag": 3, "content_type": 32, "change_message": "", "action_time": "2015-03-21T00:29:23.607Z", "object_repr": "Log object", "user": 1}, "model": "admin.logentry", "pk": 292}, {"fields": {"object_id": "126", "action_flag": 3, "content_type": 32, "change_message": "", "action_time": "2015-03-21T00:29:23.607Z", "object_repr": "Log object", "user": 1}, "model": "admin.logentry", "pk": 293}, {"fields": {"object_id": "127", "action_flag": 3, "content_type": 32, "change_message": "", "action_time": "2015-03-21T00:29:23.608Z", "object_repr": "Log object", "user": 1}, "model": "admin.logentry", "pk": 294}, {"fields": {"object_id": "128", "action_flag": 3, "content_type": 32, "change_message": "", "action_time": "2015-03-21T00:29:23.609Z", "object_repr": "Log object", "user": 1}, "model": "admin.logentry", "pk": 295}, {"fields": {"object_id": "129", "action_flag": 3, "content_type": 32, "change_message": "", "action_time": "2015-03-21T00:29:23.610Z", "object_repr": "Log object", "user": 1}, "model": "admin.logentry", "pk": 296}, {"fields": {"object_id": "130", "action_flag": 3, "content_type": 32, "change_message": "", "action_time": "2015-03-21T00:29:23.611Z", "object_repr": "Log object", "user": 1}, "model": "admin.logentry", "pk": 297}, {"fields": {"object_id": "4", "action_flag": 2, "content_type": 24, "change_message": "Changed content.", "action_time": "2015-03-21T00:29:56.005Z", "object_repr": "Steve Arrives", "user": 1}, "model": "admin.logentry", "pk": 298}, {"fields": {"object_id": "5", "action_flag": 2, "content_type": 24, "change_message": "Changed content.", "action_time": "2015-03-21T00:30:07.134Z", "object_repr": "Steve Departs", "user": 1}, "model": "admin.logentry", "pk": 299}, {"fields": {"object_id": "131", "action_flag": 3, "content_type": 32, "change_message": "", "action_time": "2015-03-21T00:41:22.387Z", "object_repr": "Log object", "user": 1}, "model": "admin.logentry", "pk": 300}, {"fields": {"object_id": "132", "action_flag": 3, "content_type": 32, "change_message": "", "action_time": "2015-03-21T00:41:22.388Z", "object_repr": "Log object", "user": 1}, "model": "admin.logentry", "pk": 301}, {"fields": {"object_id": "133", "action_flag": 3, "content_type": 32, "change_message": "", "action_time": "2015-03-21T00:41:22.389Z", "object_repr": "Log object", "user": 1}, "model": "admin.logentry", "pk": 302}, {"fields": {"object_id": "134", "action_flag": 3, "content_type": 32, "change_message": "", "action_time": "2015-03-21T00:41:22.390Z", "object_repr": "Log object", "user": 1}, "model": "admin.logentry", "pk": 303}, {"fields": {"object_id": "135", "action_flag": 3, "content_type": 32, "change_message": "", "action_time": "2015-03-21T00:41:22.391Z", "object_repr": "Log object", "user": 1}, "model": "admin.logentry", "pk": 304}, {"fields": {"object_id": "136", "action_flag": 3, "content_type": 32, "change_message": "", "action_time": "2015-03-21T00:41:22.392Z", "object_repr": "Log object", "user": 1}, "model": "admin.logentry", "pk": 305}, {"fields": {"object_id": "137", "action_flag": 3, "content_type": 32, "change_message": "", "action_time": "2015-03-21T00:41:22.393Z", "object_repr": "Log object", "user": 1}, "model": "admin.logentry", "pk": 306}, {"fields": {"object_id": "138", "action_flag": 3, "content_type": 32, "change_message": "", "action_time": "2015-03-21T00:41:22.395Z", "object_repr": "Log object", "user": 1}, "model": "admin.logentry", "pk": 307}, {"fields": {"object_id": "139", "action_flag": 3, "content_type": 32, "change_message": "", "action_time": "2015-03-21T00:41:22.397Z", "object_repr": "Log object", "user": 1}, "model": "admin.logentry", "pk": 308}, {"fields": {"object_id": "140", "action_flag": 3, "content_type": 32, "change_message": "", "action_time": "2015-03-21T00:41:22.404Z", "object_repr": "Log object", "user": 1}, "model": "admin.logentry", "pk": 309}, {"fields": {"object_id": "141", "action_flag": 3, "content_type": 32, "change_message": "", "action_time": "2015-03-21T00:41:22.405Z", "object_repr": "Log object", "user": 1}, "model": "admin.logentry", "pk": 310}, {"fields": {"object_id": "142", "action_flag": 3, "content_type": 32, "change_message": "", "action_time": "2015-03-21T00:41:22.406Z", "object_repr": "Log object", "user": 1}, "model": "admin.logentry", "pk": 311}, {"fields": {"object_id": "143", "action_flag": 3, "content_type": 32, "change_message": "", "action_time": "2015-03-21T00:41:22.407Z", "object_repr": "Log object", "user": 1}, "model": "admin.logentry", "pk": 312}, {"fields": {"object_id": "3", "action_flag": 2, "content_type": 24, "change_message": "Changed result for event trigger \"Chief's House (Ask Template 0) -> None\".", "action_time": "2015-03-21T00:42:38.664Z", "object_repr": "Chief's House", "user": 1}, "model": "admin.logentry", "pk": 313}, {"fields": {"object_id": "8", "action_flag": 2, "content_type": 24, "change_message": "Changed content. Changed content for event trigger \"Steve at the Threshold (Force Template 2) -> Chief Sitting Room\". Changed content for event trigger \"Steve at the Threshold (Dash Template 0) -> Chief Sitting Room\". Changed content for event trigger \"Steve at the Threshold (Charm Template 3) -> Chief Sitting Room\". Changed content for event trigger \"Steve at the Threshold (Force Template 99) -> None\". Changed content for event trigger \"Steve at the Threshold (Dash Template 99) -> None\". Changed content for event trigger \"Steve at the Threshold (Charm Template 99) -> None\".", "action_time": "2015-03-21T00:53:28.388Z", "object_repr": "Steve at the Threshold", "user": 1}, "model": "admin.logentry", "pk": 314}, {"fields": {"object_id": "6", "action_flag": 2, "content_type": 24, "change_message": "Changed deck. Added event trigger \"Chief Sitting Room (Steve Carmell Template 0) -> None\". Added event trigger \"Chief Sitting Room (None 0) -> None\". Added event trigger \"Chief Sitting Room (None 0) -> None\". Changed threshold, content and result for event trigger \"Chief Sitting Room (Bookcase Template 1) -> Bookcase\". Changed content for event trigger \"Chief Sitting Room (None 0) -> Fight with Steve\". Changed threshold, event, content and result for event trigger \"Chief Sitting Room (Bookcase Template 2) -> Bookcase\".", "action_time": "2015-03-21T01:00:20.923Z", "object_repr": "Chief Sitting Room", "user": 1}, "model": "admin.logentry", "pk": 315}, {"fields": {"object_id": "6", "action_flag": 2, "content_type": 24, "change_message": "Deleted event trigger \"Chief Sitting Room (None 0) -> None\". Deleted event trigger \"Chief Sitting Room (None 0) -> None\".", "action_time": "2015-03-21T01:00:49.392Z", "object_repr": "Chief Sitting Room", "user": 1}, "model": "admin.logentry", "pk": 316}, {"fields": {"object_id": "18", "action_flag": 1, "content_type": 12, "change_message": "", "action_time": "2015-03-21T01:02:12.775Z", "object_repr": "Deck at None", "user": 1}, "model": "admin.logentry", "pk": 317}, {"fields": {"object_id": "20", "action_flag": 1, "content_type": 24, "change_message": "", "action_time": "2015-03-21T01:07:14.566Z", "object_repr": "Heart to Heart", "user": 1}, "model": "admin.logentry", "pk": 318}, {"fields": {"object_id": "6", "action_flag": 2, "content_type": 24, "change_message": "Changed locationDeck. Added event trigger \"Chief Sitting Room (Steve Carmell Template 0) -> Steve Arrives\". Changed event for event trigger \"Chief Sitting Room (Steve Carmell Template 0) -> Heart to Heart\".", "action_time": "2015-03-21T01:07:21.529Z", "object_repr": "Chief Sitting Room", "user": 1}, "model": "admin.logentry", "pk": 319}, {"fields": {"object_id": "1", "action_flag": 2, "content_type": 31, "change_message": "Changed resolved for active event \"ActiveEvent object\".", "action_time": "2015-03-26T04:32:11.712Z", "object_repr": "justinbrown's Profile", "user": 1}, "model": "admin.logentry", "pk": 320}, {"fields": {"object_id": "69", "action_flag": 2, "content_type": 30, "change_message": "Changed status for card status \"Dash Template 1 w/ EXP 2 in (justinbrown's Deck viewed by justinbrown)\".", "action_time": "2015-03-26T04:32:57.955Z", "object_repr": "justinbrown's Deck viewed by justinbrown", "user": 1}, "model": "admin.logentry", "pk": 321}, {"fields": {"object_id": "933", "action_flag": 3, "content_type": 29, "change_message": "", "action_time": "2015-03-26T05:25:39.819Z", "object_repr": "Deck at None: Leave Template 0 in (None)", "user": 1}, "model": "admin.logentry", "pk": 322}, {"fields": {"object_id": "932", "action_flag": 3, "content_type": 29, "change_message": "", "action_time": "2015-03-26T05:25:39.822Z", "object_repr": "Deck at None: Ask Template 0 in (None)", "user": 1}, "model": "admin.logentry", "pk": 323}, {"fields": {"object_id": "926", "action_flag": 3, "content_type": 29, "change_message": "", "action_time": "2015-03-26T05:25:39.824Z", "object_repr": "Deck at Chief Sitting Room: Blank Template 0 in (Deck at Chief Sitting Room viewed by justinbrown)", "user": 1}, "model": "admin.logentry", "pk": 324}, {"fields": {"object_id": "928", "action_flag": 3, "content_type": 29, "change_message": "", "action_time": "2015-03-26T05:25:39.826Z", "object_repr": "Bookcase Template 1 in (Deck at Chief Sitting Room viewed by justinbrown)", "user": 1}, "model": "admin.logentry", "pk": 325}, {"fields": {"object_id": "916", "action_flag": 3, "content_type": 29, "change_message": "", "action_time": "2015-03-26T05:25:39.828Z", "object_repr": "Resist Template 1 w/ EXP 0 in (Deck at None viewed by justinbrown)", "user": 1}, "model": "admin.logentry", "pk": 326}, {"fields": {"object_id": "906", "action_flag": 3, "content_type": 29, "change_message": "", "action_time": "2015-03-26T05:25:39.831Z", "object_repr": "Deck at Prospect Heights: Blank Template 0 in (Deck at Prospect Heights viewed by justinbrown)", "user": 1}, "model": "admin.logentry", "pk": 327}, {"fields": {"object_id": "927", "action_flag": 3, "content_type": 29, "change_message": "", "action_time": "2015-03-26T05:25:39.833Z", "object_repr": "Bookcase Template 1 in (Deck at Chief Sitting Room viewed by justinbrown)", "user": 1}, "model": "admin.logentry", "pk": 328}, {"fields": {"object_id": "915", "action_flag": 3, "content_type": 29, "change_message": "", "action_time": "2015-03-26T05:25:39.834Z", "object_repr": "Dash Template 1 w/ EXP 0 in (Deck at None viewed by justinbrown)", "user": 1}, "model": "admin.logentry", "pk": 329}, {"fields": {"object_id": "908", "action_flag": 3, "content_type": 29, "change_message": "", "action_time": "2015-03-26T05:25:39.836Z", "object_repr": "Carmell House Template 1 in (Deck at Prospect Heights viewed by justinbrown)", "user": 1}, "model": "admin.logentry", "pk": 330}, {"fields": {"object_id": "896", "action_flag": 3, "content_type": 29, "change_message": "", "action_time": "2015-03-26T05:25:39.837Z", "object_repr": "Force Template 1 w/ EXP 0 in (justinbrown's Deck viewed by justinbrown)", "user": 1}, "model": "admin.logentry", "pk": 331}, {"fields": {"object_id": "925", "action_flag": 3, "content_type": 29, "change_message": "", "action_time": "2015-03-26T05:25:39.839Z", "object_repr": "Deck at Chief Sitting Room: Blank Template 0 in (Deck at Chief Sitting Room viewed by justinbrown)", "user": 1}, "model": "admin.logentry", "pk": 332}, {"fields": {"object_id": "905", "action_flag": 3, "content_type": 29, "change_message": "", "action_time": "2015-03-26T05:25:39.841Z", "object_repr": "Deck at Prospect Heights: Blank Template 0 in (Deck at Prospect Heights viewed by justinbrown)", "user": 1}, "model": "admin.logentry", "pk": 333}, {"fields": {"object_id": "903", "action_flag": 3, "content_type": 29, "change_message": "", "action_time": "2015-03-26T05:25:39.842Z", "object_repr": "Charm Template 1 w/ EXP 0 in (justinbrown's Deck viewed by justinbrown)", "user": 1}, "model": "admin.logentry", "pk": 334}, {"fields": {"object_id": "931", "action_flag": 3, "content_type": 29, "change_message": "", "action_time": "2015-03-26T05:25:39.844Z", "object_repr": "Steve Carmell Template 0 in (Deck at Chief Sitting Room viewed by justinbrown)", "user": 1}, "model": "admin.logentry", "pk": 335}, {"fields": {"object_id": "907", "action_flag": 3, "content_type": 29, "change_message": "", "action_time": "2015-03-26T05:25:39.846Z", "object_repr": "Carmell House Template 1 in (Deck at Prospect Heights viewed by justinbrown)", "user": 1}, "model": "admin.logentry", "pk": 336}, {"fields": {"object_id": "902", "action_flag": 3, "content_type": 29, "change_message": "", "action_time": "2015-03-26T05:25:39.846Z", "object_repr": "Resist Template 2 w/ EXP 0 in (justinbrown's Deck viewed by justinbrown)", "user": 1}, "model": "admin.logentry", "pk": 337}, {"fields": {"object_id": "929", "action_flag": 3, "content_type": 29, "change_message": "", "action_time": "2015-03-26T05:25:39.848Z", "object_repr": "Steve Carmell Template 0 in (Deck at Chief Sitting Room viewed by justinbrown)", "user": 1}, "model": "admin.logentry", "pk": 338}, {"fields": {"object_id": "900", "action_flag": 3, "content_type": 29, "change_message": "", "action_time": "2015-03-26T05:25:39.849Z", "object_repr": "Dash Template 2 w/ EXP 0 in (justinbrown's Deck viewed by justinbrown)", "user": 1}, "model": "admin.logentry", "pk": 339}, {"fields": {"object_id": "897", "action_flag": 3, "content_type": 29, "change_message": "", "action_time": "2015-03-26T05:25:39.850Z", "object_repr": "Force Template 2 w/ EXP 0 in (justinbrown's Deck viewed by justinbrown)", "user": 1}, "model": "admin.logentry", "pk": 340}, {"fields": {"object_id": "930", "action_flag": 3, "content_type": 29, "change_message": "", "action_time": "2015-03-26T05:25:39.852Z", "object_repr": "Bookcase Template 2 in (Deck at Chief Sitting Room viewed by justinbrown)", "user": 1}, "model": "admin.logentry", "pk": 341}, {"fields": {"object_id": "917", "action_flag": 3, "content_type": 29, "change_message": "", "action_time": "2015-03-26T05:25:39.853Z", "object_repr": "Resist Template 2 w/ EXP 3 in (Deck at None viewed by justinbrown)", "user": 1}, "model": "admin.logentry", "pk": 342}, {"fields": {"object_id": "904", "action_flag": 3, "content_type": 29, "change_message": "", "action_time": "2015-03-26T05:25:39.855Z", "object_repr": "Deck at Prospect Heights: Blank Template 0 in (Deck at Prospect Heights viewed by justinbrown)", "user": 1}, "model": "admin.logentry", "pk": 343}, {"fields": {"object_id": "899", "action_flag": 3, "content_type": 29, "change_message": "", "action_time": "2015-03-26T05:25:39.856Z", "object_repr": "Dash Template 1 w/ EXP 5 in (justinbrown's Deck viewed by justinbrown)", "user": 1}, "model": "admin.logentry", "pk": 344}, {"fields": {"object_id": "914", "action_flag": 3, "content_type": 29, "change_message": "", "action_time": "2015-03-26T05:25:39.858Z", "object_repr": "Force Template 1 w/ EXP 0 in (Deck at None viewed by justinbrown)", "user": 1}, "model": "admin.logentry", "pk": 345}, {"fields": {"object_id": "909", "action_flag": 3, "content_type": 29, "change_message": "", "action_time": "2015-03-26T05:25:39.860Z", "object_repr": "Carmell House Template 1 in (Deck at Prospect Heights viewed by justinbrown)", "user": 1}, "model": "admin.logentry", "pk": 346}, {"fields": {"object_id": "898", "action_flag": 3, "content_type": 29, "change_message": "", "action_time": "2015-03-26T05:25:39.861Z", "object_repr": "Force Template 3 w/ EXP 1 in (justinbrown's Deck viewed by justinbrown)", "user": 1}, "model": "admin.logentry", "pk": 347}, {"fields": {"object_id": "935", "action_flag": 3, "content_type": 29, "change_message": "", "action_time": "2015-03-26T05:25:39.863Z", "object_repr": "Deck at None: Leave Template 0 in (Deck at None viewed by justinbrown)", "user": 1}, "model": "admin.logentry", "pk": 348}, {"fields": {"object_id": "924", "action_flag": 3, "content_type": 29, "change_message": "", "action_time": "2015-03-26T05:25:39.865Z", "object_repr": "Bookcase Template 0 in (Deck at None viewed by justinbrown)", "user": 1}, "model": "admin.logentry", "pk": 349}, {"fields": {"object_id": "919", "action_flag": 3, "content_type": 29, "change_message": "", "action_time": "2015-03-26T05:25:39.867Z", "object_repr": "Deck at None: Blank Template 0 in (Deck at None viewed by justinbrown)", "user": 1}, "model": "admin.logentry", "pk": 350}, {"fields": {"object_id": "934", "action_flag": 3, "content_type": 29, "change_message": "", "action_time": "2015-03-26T05:25:39.870Z", "object_repr": "Deck at None: Ask Template 0 in (Deck at None viewed by justinbrown)", "user": 1}, "model": "admin.logentry", "pk": 351}, {"fields": {"object_id": "901", "action_flag": 3, "content_type": 29, "change_message": "", "action_time": "2015-03-26T05:25:39.871Z", "object_repr": "Resist Template 1 w/ EXP 0 in (justinbrown's Deck viewed by justinbrown)", "user": 1}, "model": "admin.logentry", "pk": 352}, {"fields": {"object_id": "918", "action_flag": 3, "content_type": 29, "change_message": "", "action_time": "2015-03-26T05:25:39.873Z", "object_repr": "Deck at None: Blank Template 0 in (Deck at None viewed by justinbrown)", "user": 1}, "model": "admin.logentry", "pk": 353}, {"fields": {"object_id": "921", "action_flag": 3, "content_type": 29, "change_message": "", "action_time": "2015-03-26T05:25:39.875Z", "object_repr": "Bookcase Template 0 in (Deck at None viewed by justinbrown)", "user": 1}, "model": "admin.logentry", "pk": 354}, {"fields": {"object_id": "920", "action_flag": 3, "content_type": 29, "change_message": "", "action_time": "2015-03-26T05:25:39.878Z", "object_repr": "Deck at None: Blank Template 0 in (Deck at None viewed by justinbrown)", "user": 1}, "model": "admin.logentry", "pk": 355}, {"fields": {"object_id": "788", "action_flag": 3, "content_type": 29, "change_message": "", "action_time": "2015-03-26T05:25:39.879Z", "object_repr": "Carmell House Template 0 in (None)", "user": 1}, "model": "admin.logentry", "pk": 356}, {"fields": {"object_id": "76", "action_flag": 3, "content_type": 30, "change_message": "", "action_time": "2015-03-26T05:26:31.729Z", "object_repr": "Deck at None viewed by justinbrown", "user": 1}, "model": "admin.logentry", "pk": 357}, {"fields": {"object_id": "75", "action_flag": 3, "content_type": 30, "change_message": "", "action_time": "2015-03-26T05:26:31.731Z", "object_repr": "Deck at Chief Sitting Room viewed by justinbrown", "user": 1}, "model": "admin.logentry", "pk": 358}, {"fields": {"object_id": "74", "action_flag": 3, "content_type": 30, "change_message": "", "action_time": "2015-03-26T05:26:31.733Z", "object_repr": "Deck at None viewed by justinbrown", "user": 1}, "model": "admin.logentry", "pk": 359}, {"fields": {"object_id": "73", "action_flag": 3, "content_type": 30, "change_message": "", "action_time": "2015-03-26T05:26:31.735Z", "object_repr": "Deck at None viewed by justinbrown", "user": 1}, "model": "admin.logentry", "pk": 360}, {"fields": {"object_id": "70", "action_flag": 3, "content_type": 30, "change_message": "", "action_time": "2015-03-26T05:26:31.736Z", "object_repr": "Deck at Prospect Heights viewed by justinbrown", "user": 1}, "model": "admin.logentry", "pk": 361}, {"fields": {"object_id": "69", "action_flag": 3, "content_type": 30, "change_message": "", "action_time": "2015-03-26T05:26:31.738Z", "object_repr": "justinbrown's Deck viewed by justinbrown", "user": 1}, "model": "admin.logentry", "pk": 362}, {"fields": {"object_id": "79", "action_flag": 3, "content_type": 30, "change_message": "", "action_time": "2015-03-26T05:33:41.244Z", "object_repr": "Deck at Prospect Heights viewed by justinbrown", "user": 1}, "model": "admin.logentry", "pk": 363}, {"fields": {"object_id": "949", "action_flag": 3, "content_type": 29, "change_message": "", "action_time": "2015-03-26T05:34:30.510Z", "object_repr": "Deck at Prospect Heights: Blank Template 0 in (None)", "user": 1}, "model": "admin.logentry", "pk": 364}, {"fields": {"object_id": "948", "action_flag": 3, "content_type": 29, "change_message": "", "action_time": "2015-03-26T05:34:30.512Z", "object_repr": "Deck at Prospect Heights: Blank Template 0 in (None)", "user": 1}, "model": "admin.logentry", "pk": 365}, {"fields": {"object_id": "947", "action_flag": 3, "content_type": 29, "change_message": "", "action_time": "2015-03-26T05:34:30.513Z", "object_repr": "Deck at Prospect Heights: Blank Template 0 in (None)", "user": 1}, "model": "admin.logentry", "pk": 366}, {"fields": {"object_id": "952", "action_flag": 3, "content_type": 29, "change_message": "", "action_time": "2015-03-26T05:34:30.515Z", "object_repr": "Carmell House Template 1 in (None)", "user": 1}, "model": "admin.logentry", "pk": 367}, {"fields": {"object_id": "950", "action_flag": 3, "content_type": 29, "change_message": "", "action_time": "2015-03-26T05:34:30.516Z", "object_repr": "Carmell House Template 1 in (None)", "user": 1}, "model": "admin.logentry", "pk": 368}, {"fields": {"object_id": "951", "action_flag": 3, "content_type": 29, "change_message": "", "action_time": "2015-03-26T05:34:30.517Z", "object_repr": "Carmell House Template 1 in (None)", "user": 1}, "model": "admin.logentry", "pk": 369}, {"fields": {"object_id": "959", "action_flag": 3, "content_type": 29, "change_message": "", "action_time": "2015-03-26T05:36:02.021Z", "object_repr": "Carmell House Template 1 in (None)", "user": 1}, "model": "admin.logentry", "pk": 370}, {"fields": {"object_id": "958", "action_flag": 3, "content_type": 29, "change_message": "", "action_time": "2015-03-26T05:36:02.024Z", "object_repr": "Carmell House Template 1 in (None)", "user": 1}, "model": "admin.logentry", "pk": 371}, {"fields": {"object_id": "954", "action_flag": 3, "content_type": 29, "change_message": "", "action_time": "2015-03-26T05:36:02.027Z", "object_repr": "Deck at Prospect Heights: Blank Template 0 in (None)", "user": 1}, "model": "admin.logentry", "pk": 372}, {"fields": {"object_id": "940", "action_flag": 3, "content_type": 29, "change_message": "", "action_time": "2015-03-26T05:36:02.028Z", "object_repr": "Dash Template 2 w/ EXP 0 in (justinbrown's Deck viewed by justinbrown)", "user": 1}, "model": "admin.logentry", "pk": 373}, {"fields": {"object_id": "956", "action_flag": 3, "content_type": 29, "change_message": "", "action_time": "2015-03-26T05:36:02.031Z", "object_repr": "Deck at Prospect Heights: Blank Template 0 in (None)", "user": 1}, "model": "admin.logentry", "pk": 374}, {"fields": {"object_id": "939", "action_flag": 3, "content_type": 29, "change_message": "", "action_time": "2015-03-26T05:36:02.032Z", "object_repr": "Dash Template 1 w/ EXP 5 in (justinbrown's Deck viewed by justinbrown)", "user": 1}, "model": "admin.logentry", "pk": 375}, {"fields": {"object_id": "957", "action_flag": 3, "content_type": 29, "change_message": "", "action_time": "2015-03-26T05:36:02.033Z", "object_repr": "Carmell House Template 1 in (None)", "user": 1}, "model": "admin.logentry", "pk": 376}, {"fields": {"object_id": "953", "action_flag": 3, "content_type": 29, "change_message": "", "action_time": "2015-03-26T05:36:02.035Z", "object_repr": "Deck at Prospect Heights: Blank Template 0 in (None)", "user": 1}, "model": "admin.logentry", "pk": 377}, {"fields": {"object_id": "942", "action_flag": 3, "content_type": 29, "change_message": "", "action_time": "2015-03-26T05:36:02.036Z", "object_repr": "Resist Template 2 w/ EXP 0 in (justinbrown's Deck viewed by justinbrown)", "user": 1}, "model": "admin.logentry", "pk": 378}, {"fields": {"object_id": "955", "action_flag": 3, "content_type": 29, "change_message": "", "action_time": "2015-03-26T05:36:02.038Z", "object_repr": "Deck at Prospect Heights: Blank Template 0 in (None)", "user": 1}, "model": "admin.logentry", "pk": 379}, {"fields": {"object_id": "941", "action_flag": 3, "content_type": 29, "change_message": "", "action_time": "2015-03-26T05:36:02.040Z", "object_repr": "Resist Template 1 w/ EXP 0 in (justinbrown's Deck viewed by justinbrown)", "user": 1}, "model": "admin.logentry", "pk": 380}, {"fields": {"object_id": "938", "action_flag": 3, "content_type": 29, "change_message": "", "action_time": "2015-03-26T05:36:02.041Z", "object_repr": "Force Template 3 w/ EXP 1 in (justinbrown's Deck viewed by justinbrown)", "user": 1}, "model": "admin.logentry", "pk": 381}, {"fields": {"object_id": "937", "action_flag": 3, "content_type": 29, "change_message": "", "action_time": "2015-03-26T05:36:02.042Z", "object_repr": "Force Template 2 w/ EXP 0 in (justinbrown's Deck viewed by justinbrown)", "user": 1}, "model": "admin.logentry", "pk": 382}, {"fields": {"object_id": "943", "action_flag": 3, "content_type": 29, "change_message": "", "action_time": "2015-03-26T05:36:02.043Z", "object_repr": "Charm Template 1 w/ EXP 0 in (justinbrown's Deck viewed by justinbrown)", "user": 1}, "model": "admin.logentry", "pk": 383}, {"fields": {"object_id": "936", "action_flag": 3, "content_type": 29, "change_message": "", "action_time": "2015-03-26T05:36:02.044Z", "object_repr": "Force Template 1 w/ EXP 0 in (justinbrown's Deck viewed by justinbrown)", "user": 1}, "model": "admin.logentry", "pk": 384}, {"fields": {"object_id": "944", "action_flag": 3, "content_type": 29, "change_message": "", "action_time": "2015-03-26T05:36:02.045Z", "object_repr": "Carmell House Template 0 in (None)", "user": 1}, "model": "admin.logentry", "pk": 385}, {"fields": {"object_id": "80", "action_flag": 3, "content_type": 30, "change_message": "", "action_time": "2015-03-26T05:36:30.725Z", "object_repr": "Deck at Prospect Heights viewed by justinbrown", "user": 1}, "model": "admin.logentry", "pk": 386}, {"fields": {"object_id": "81", "action_flag": 3, "content_type": 30, "change_message": "", "action_time": "2015-03-26T05:39:26.997Z", "object_repr": "Deck at Prospect Heights viewed by justinbrown", "user": 1}, "model": "admin.logentry", "pk": 387}, {"fields": {"object_id": "961", "action_flag": 3, "content_type": 29, "change_message": "", "action_time": "2015-03-26T05:39:34.065Z", "object_repr": "Deck at Prospect Heights: Blank Template 0 in (None)", "user": 1}, "model": "admin.logentry", "pk": 388}, {"fields": {"object_id": "962", "action_flag": 3, "content_type": 29, "change_message": "", "action_time": "2015-03-26T05:39:34.068Z", "object_repr": "Deck at Prospect Heights: Blank Template 0 in (None)", "user": 1}, "model": "admin.logentry", "pk": 389}, {"fields": {"object_id": "963", "action_flag": 3, "content_type": 29, "change_message": "", "action_time": "2015-03-26T05:39:34.070Z", "object_repr": "Carmell House Template 1 in (None)", "user": 1}, "model": "admin.logentry", "pk": 390}, {"fields": {"object_id": "960", "action_flag": 3, "content_type": 29, "change_message": "", "action_time": "2015-03-26T05:39:34.072Z", "object_repr": "Deck at Prospect Heights: Blank Template 0 in (None)", "user": 1}, "model": "admin.logentry", "pk": 391}, {"fields": {"object_id": "965", "action_flag": 3, "content_type": 29, "change_message": "", "action_time": "2015-03-26T05:39:34.073Z", "object_repr": "Carmell House Template 1 in (None)", "user": 1}, "model": "admin.logentry", "pk": 392}, {"fields": {"object_id": "964", "action_flag": 3, "content_type": 29, "change_message": "", "action_time": "2015-03-26T05:39:34.074Z", "object_repr": "Carmell House Template 1 in (None)", "user": 1}, "model": "admin.logentry", "pk": 393}, {"fields": {"object_id": "970", "action_flag": 2, "content_type": 29, "change_message": "Changed deck.", "action_time": "2015-03-26T05:39:48.265Z", "object_repr": "Carmell House Template 1 in (Deck at Prospect Heights viewed by justinbrown)", "user": 1}, "model": "admin.logentry", "pk": 394}, {"fields": {"object_id": "970", "action_flag": 3, "content_type": 29, "change_message": "", "action_time": "2015-03-26T05:42:16.580Z", "object_repr": "Carmell House Template 1 in (Deck at Prospect Heights viewed by justinbrown)", "user": 1}, "model": "admin.logentry", "pk": 395}, {"fields": {"object_id": "969", "action_flag": 3, "content_type": 29, "change_message": "", "action_time": "2015-03-26T05:42:16.582Z", "object_repr": "Carmell House Template 1 in (None)", "user": 1}, "model": "admin.logentry", "pk": 396}, {"fields": {"object_id": "966", "action_flag": 3, "content_type": 29, "change_message": "", "action_time": "2015-03-26T05:42:16.584Z", "object_repr": "Deck at Prospect Heights: Blank Template 0 in (None)", "user": 1}, "model": "admin.logentry", "pk": 397}, {"fields": {"object_id": "968", "action_flag": 3, "content_type": 29, "change_message": "", "action_time": "2015-03-26T05:42:16.587Z", "object_repr": "Deck at Prospect Heights: Blank Template 0 in (None)", "user": 1}, "model": "admin.logentry", "pk": 398}, {"fields": {"object_id": "967", "action_flag": 3, "content_type": 29, "change_message": "", "action_time": "2015-03-26T05:42:16.589Z", "object_repr": "Deck at Prospect Heights: Blank Template 0 in (None)", "user": 1}, "model": "admin.logentry", "pk": 399}, {"fields": {"object_id": "971", "action_flag": 3, "content_type": 29, "change_message": "", "action_time": "2015-03-26T05:42:16.590Z", "object_repr": "Carmell House Template 1 in (None)", "user": 1}, "model": "admin.logentry", "pk": 400}, {"fields": {"object_id": "82", "action_flag": 3, "content_type": 30, "change_message": "", "action_time": "2015-03-26T05:42:23.325Z", "object_repr": "Deck at Prospect Heights viewed by justinbrown", "user": 1}, "model": "admin.logentry", "pk": 401}, {"fields": {"object_id": "83", "action_flag": 3, "content_type": 30, "change_message": "", "action_time": "2015-03-26T05:43:12.868Z", "object_repr": "Deck at Prospect Heights viewed by justinbrown", "user": 1}, "model": "admin.logentry", "pk": 402}, {"fields": {"object_id": "1", "action_flag": 2, "content_type": 31, "change_message": "Changed resolved for active event \"ActiveEvent object\".", "action_time": "2015-03-26T05:53:25.920Z", "object_repr": "justinbrown's Profile", "user": 1}, "model": "admin.logentry", "pk": 403}, {"fields": {"object_id": "1", "action_flag": 2, "content_type": 31, "change_message": "Changed resolved for active event \"ActiveEvent object\".", "action_time": "2015-03-26T05:54:47.101Z", "object_repr": "justinbrown's Profile", "user": 1}, "model": "admin.logentry", "pk": 404}, {"fields": {"object_id": "1", "action_flag": 2, "content_type": 31, "change_message": "Changed resolved for active event \"ActiveEvent object\".", "action_time": "2015-03-26T05:57:45.615Z", "object_repr": "justinbrown's Profile", "user": 1}, "model": "admin.logentry", "pk": 405}, {"fields": {"object_id": "1", "action_flag": 2, "content_type": 31, "change_message": "Changed resolved for active event \"ActiveEvent object\".", "action_time": "2015-03-26T06:00:11.263Z", "object_repr": "justinbrown's Profile", "user": 1}, "model": "admin.logentry", "pk": 406}, {"fields": {"object_id": "1", "action_flag": 2, "content_type": 31, "change_message": "Changed resolved for active event \"ActiveEvent object\".", "action_time": "2015-03-26T06:05:40.707Z", "object_repr": "justinbrown's Profile", "user": 1}, "model": "admin.logentry", "pk": 407}, {"fields": {"object_id": "97", "action_flag": 2, "content_type": 30, "change_message": "Changed status for card status \"Force Template 3 w/ EXP 2 in (justinbrown's Deck viewed by justinbrown)\". Changed status for card status \"Resist Template 1 w/ EXP 0 in (justinbrown's Deck viewed by justinbrown)\". Changed status for card status \"Dash Template 2 w/ EXP 1 in (justinbrown's Deck viewed by justinbrown)\". Changed status for card status \"Charm Template 1 w/ EXP 2 in (justinbrown's Deck viewed by justinbrown)\". Changed status for card status \"Force Template 1 w/ EXP 2 in (justinbrown's Deck viewed by justinbrown)\". Changed status for card status \"Force Template 2 w/ EXP 2 in (justinbrown's Deck viewed by justinbrown)\".", "action_time": "2015-03-26T06:24:24.862Z", "object_repr": "justinbrown's Deck viewed by justinbrown", "user": 1}, "model": "admin.logentry", "pk": 408}, {"fields": {"object_id": "82", "action_flag": 3, "content_type": 34, "change_message": "", "action_time": "2015-03-26T06:40:58.073Z", "object_repr": "ActiveEvent object", "user": 1}, "model": "admin.logentry", "pk": 409}, {"fields": {"object_id": "81", "action_flag": 3, "content_type": 34, "change_message": "", "action_time": "2015-03-26T06:40:58.076Z", "object_repr": "ActiveEvent object", "user": 1}, "model": "admin.logentry", "pk": 410}, {"fields": {"object_id": "80", "action_flag": 3, "content_type": 34, "change_message": "", "action_time": "2015-03-26T06:40:58.077Z", "object_repr": "ActiveEvent object", "user": 1}, "model": "admin.logentry", "pk": 411}, {"fields": {"object_id": "79", "action_flag": 3, "content_type": 34, "change_message": "", "action_time": "2015-03-26T06:40:58.079Z", "object_repr": "ActiveEvent object", "user": 1}, "model": "admin.logentry", "pk": 412}, {"fields": {"object_id": "78", "action_flag": 3, "content_type": 34, "change_message": "", "action_time": "2015-03-26T06:40:58.080Z", "object_repr": "ActiveEvent object", "user": 1}, "model": "admin.logentry", "pk": 413}, {"fields": {"object_id": "77", "action_flag": 3, "content_type": 34, "change_message": "", "action_time": "2015-03-26T06:40:58.081Z", "object_repr": "ActiveEvent object", "user": 1}, "model": "admin.logentry", "pk": 414}, {"fields": {"object_id": "76", "action_flag": 3, "content_type": 34, "change_message": "", "action_time": "2015-03-26T06:40:58.083Z", "object_repr": "ActiveEvent object", "user": 1}, "model": "admin.logentry", "pk": 415}, {"fields": {"object_id": "75", "action_flag": 3, "content_type": 34, "change_message": "", "action_time": "2015-03-26T06:40:58.084Z", "object_repr": "ActiveEvent object", "user": 1}, "model": "admin.logentry", "pk": 416}, {"fields": {"object_id": "74", "action_flag": 3, "content_type": 34, "change_message": "", "action_time": "2015-03-26T06:40:58.085Z", "object_repr": "ActiveEvent object", "user": 1}, "model": "admin.logentry", "pk": 417}, {"fields": {"object_id": "73", "action_flag": 3, "content_type": 34, "change_message": "", "action_time": "2015-03-26T06:40:58.086Z", "object_repr": "ActiveEvent object", "user": 1}, "model": "admin.logentry", "pk": 418}, {"fields": {"object_id": "72", "action_flag": 3, "content_type": 34, "change_message": "", "action_time": "2015-03-26T06:40:58.087Z", "object_repr": "ActiveEvent object", "user": 1}, "model": "admin.logentry", "pk": 419}, {"fields": {"object_id": "70", "action_flag": 3, "content_type": 34, "change_message": "", "action_time": "2015-03-26T06:40:58.088Z", "object_repr": "ActiveEvent object", "user": 1}, "model": "admin.logentry", "pk": 420}, {"fields": {"object_id": "69", "action_flag": 3, "content_type": 34, "change_message": "", "action_time": "2015-03-26T06:40:58.089Z", "object_repr": "ActiveEvent object", "user": 1}, "model": "admin.logentry", "pk": 421}, {"fields": {"object_id": "99", "action_flag": 3, "content_type": 34, "change_message": "", "action_time": "2015-03-26T06:45:56.464Z", "object_repr": "ActiveEvent object", "user": 1}, "model": "admin.logentry", "pk": 422}, {"fields": {"object_id": "98", "action_flag": 3, "content_type": 34, "change_message": "", "action_time": "2015-03-26T06:45:56.466Z", "object_repr": "ActiveEvent object", "user": 1}, "model": "admin.logentry", "pk": 423}, {"fields": {"object_id": "97", "action_flag": 3, "content_type": 34, "change_message": "", "action_time": "2015-03-26T06:45:56.468Z", "object_repr": "ActiveEvent object", "user": 1}, "model": "admin.logentry", "pk": 424}, {"fields": {"object_id": "96", "action_flag": 3, "content_type": 34, "change_message": "", "action_time": "2015-03-26T06:45:56.469Z", "object_repr": "ActiveEvent object", "user": 1}, "model": "admin.logentry", "pk": 425}, {"fields": {"object_id": "95", "action_flag": 3, "content_type": 34, "change_message": "", "action_time": "2015-03-26T06:45:56.470Z", "object_repr": "ActiveEvent object", "user": 1}, "model": "admin.logentry", "pk": 426}, {"fields": {"object_id": "94", "action_flag": 3, "content_type": 34, "change_message": "", "action_time": "2015-03-26T06:45:56.471Z", "object_repr": "ActiveEvent object", "user": 1}, "model": "admin.logentry", "pk": 427}, {"fields": {"object_id": "93", "action_flag": 3, "content_type": 34, "change_message": "", "action_time": "2015-03-26T06:45:56.473Z", "object_repr": "ActiveEvent object", "user": 1}, "model": "admin.logentry", "pk": 428}, {"fields": {"object_id": "92", "action_flag": 3, "content_type": 34, "change_message": "", "action_time": "2015-03-26T06:45:56.474Z", "object_repr": "ActiveEvent object", "user": 1}, "model": "admin.logentry", "pk": 429}, {"fields": {"object_id": "90", "action_flag": 3, "content_type": 34, "change_message": "", "action_time": "2015-03-26T06:45:56.475Z", "object_repr": "ActiveEvent object", "user": 1}, "model": "admin.logentry", "pk": 430}, {"fields": {"object_id": "89", "action_flag": 3, "content_type": 34, "change_message": "", "action_time": "2015-03-26T06:45:56.476Z", "object_repr": "ActiveEvent object", "user": 1}, "model": "admin.logentry", "pk": 431}, {"fields": {"object_id": "12", "action_flag": 2, "content_type": 24, "change_message": "Changed localOnly for event trigger \"Break into Sitting Room (Carmell House Template 0) -> Chief Sitting Room\".", "action_time": "2015-03-26T07:04:18.046Z", "object_repr": "Break into Sitting Room", "user": 1}, "model": "admin.logentry", "pk": 432}, {"fields": {"object_id": "128", "action_flag": 3, "content_type": 34, "change_message": "", "action_time": "2015-03-26T07:06:34.819Z", "object_repr": "ActiveEvent object", "user": 1}, "model": "admin.logentry", "pk": 433}, {"fields": {"object_id": "127", "action_flag": 3, "content_type": 34, "change_message": "", "action_time": "2015-03-26T07:06:34.821Z", "object_repr": "ActiveEvent object", "user": 1}, "model": "admin.logentry", "pk": 434}, {"fields": {"object_id": "126", "action_flag": 3, "content_type": 34, "change_message": "", "action_time": "2015-03-26T07:06:34.822Z", "object_repr": "ActiveEvent object", "user": 1}, "model": "admin.logentry", "pk": 435}, {"fields": {"object_id": "125", "action_flag": 3, "content_type": 34, "change_message": "", "action_time": "2015-03-26T07:06:34.823Z", "object_repr": "ActiveEvent object", "user": 1}, "model": "admin.logentry", "pk": 436}, {"fields": {"object_id": "124", "action_flag": 3, "content_type": 34, "change_message": "", "action_time": "2015-03-26T07:06:34.825Z", "object_repr": "ActiveEvent object", "user": 1}, "model": "admin.logentry", "pk": 437}, {"fields": {"object_id": "123", "action_flag": 3, "content_type": 34, "change_message": "", "action_time": "2015-03-26T07:06:34.826Z", "object_repr": "ActiveEvent object", "user": 1}, "model": "admin.logentry", "pk": 438}, {"fields": {"object_id": "122", "action_flag": 3, "content_type": 34, "change_message": "", "action_time": "2015-03-26T07:06:34.827Z", "object_repr": "ActiveEvent object", "user": 1}, "model": "admin.logentry", "pk": 439}, {"fields": {"object_id": "121", "action_flag": 3, "content_type": 34, "change_message": "", "action_time": "2015-03-26T07:06:34.828Z", "object_repr": "ActiveEvent object", "user": 1}, "model": "admin.logentry", "pk": 440}, {"fields": {"object_id": "120", "action_flag": 3, "content_type": 34, "change_message": "", "action_time": "2015-03-26T07:06:34.830Z", "object_repr": "ActiveEvent object", "user": 1}, "model": "admin.logentry", "pk": 441}, {"fields": {"object_id": "119", "action_flag": 3, "content_type": 34, "change_message": "", "action_time": "2015-03-26T07:06:34.831Z", "object_repr": "ActiveEvent object", "user": 1}, "model": "admin.logentry", "pk": 442}, {"fields": {"object_id": "118", "action_flag": 3, "content_type": 34, "change_message": "", "action_time": "2015-03-26T07:06:34.832Z", "object_repr": "ActiveEvent object", "user": 1}, "model": "admin.logentry", "pk": 443}, {"fields": {"object_id": "117", "action_flag": 3, "content_type": 34, "change_message": "", "action_time": "2015-03-26T07:06:34.833Z", "object_repr": "ActiveEvent object", "user": 1}, "model": "admin.logentry", "pk": 444}, {"fields": {"object_id": "116", "action_flag": 3, "content_type": 34, "change_message": "", "action_time": "2015-03-26T07:06:34.834Z", "object_repr": "ActiveEvent object", "user": 1}, "model": "admin.logentry", "pk": 445}, {"fields": {"object_id": "115", "action_flag": 3, "content_type": 34, "change_message": "", "action_time": "2015-03-26T07:06:34.835Z", "object_repr": "ActiveEvent object", "user": 1}, "model": "admin.logentry", "pk": 446}, {"fields": {"object_id": "114", "action_flag": 3, "content_type": 34, "change_message": "", "action_time": "2015-03-26T07:06:34.836Z", "object_repr": "ActiveEvent object", "user": 1}, "model": "admin.logentry", "pk": 447}, {"fields": {"object_id": "113", "action_flag": 3, "content_type": 34, "change_message": "", "action_time": "2015-03-26T07:06:34.837Z", "object_repr": "ActiveEvent object", "user": 1}, "model": "admin.logentry", "pk": 448}, {"fields": {"object_id": "112", "action_flag": 3, "content_type": 34, "change_message": "", "action_time": "2015-03-26T07:06:34.838Z", "object_repr": "ActiveEvent object", "user": 1}, "model": "admin.logentry", "pk": 449}, {"fields": {"object_id": "111", "action_flag": 3, "content_type": 34, "change_message": "", "action_time": "2015-03-26T07:06:34.839Z", "object_repr": "ActiveEvent object", "user": 1}, "model": "admin.logentry", "pk": 450}, {"fields": {"object_id": "110", "action_flag": 3, "content_type": 34, "change_message": "", "action_time": "2015-03-26T07:06:34.840Z", "object_repr": "ActiveEvent object", "user": 1}, "model": "admin.logentry", "pk": 451}, {"fields": {"object_id": "109", "action_flag": 3, "content_type": 34, "change_message": "", "action_time": "2015-03-26T07:06:34.841Z", "object_repr": "ActiveEvent object", "user": 1}, "model": "admin.logentry", "pk": 452}, {"fields": {"object_id": "108", "action_flag": 3, "content_type": 34, "change_message": "", "action_time": "2015-03-26T07:06:34.843Z", "object_repr": "ActiveEvent object", "user": 1}, "model": "admin.logentry", "pk": 453}, {"fields": {"object_id": "107", "action_flag": 3, "content_type": 34, "change_message": "", "action_time": "2015-03-26T07:06:34.843Z", "object_repr": "ActiveEvent object", "user": 1}, "model": "admin.logentry", "pk": 454}, {"fields": {"object_id": "105", "action_flag": 3, "content_type": 34, "change_message": "", "action_time": "2015-03-26T07:06:34.844Z", "object_repr": "ActiveEvent object", "user": 1}, "model": "admin.logentry", "pk": 455}, {"fields": {"object_id": "104", "action_flag": 3, "content_type": 34, "change_message": "", "action_time": "2015-03-26T07:06:34.845Z", "object_repr": "ActiveEvent object", "user": 1}, "model": "admin.logentry", "pk": 456}, {"fields": {"object_id": "6", "action_flag": 2, "content_type": 24, "change_message": "Changed npcthreshold for event trigger \"Chief Sitting Room (Bookcase Template 1) -> Bookcase\". Changed npcthreshold for event trigger \"Chief Sitting Room (Bookcase Template 2) -> Bookcase\".", "action_time": "2015-03-26T14:46:19.572Z", "object_repr": "Chief Sitting Room", "user": 1}, "model": "admin.logentry", "pk": 457}, {"fields": {"object_id": "121", "action_flag": 3, "content_type": 30, "change_message": "", "action_time": "2015-03-26T14:46:45.323Z", "object_repr": "Deck at Chief Sitting Room viewed by justinbrown", "user": 1}, "model": "admin.logentry", "pk": 458}, {"fields": {"object_id": "6", "action_flag": 2, "content_type": 24, "change_message": "Changed npcthreshold for event trigger \"Chief Sitting Room (Steve Carmell Template 0) -> Heart to Heart\". Changed npcthreshold for event trigger \"Chief Sitting Room (None 0) -> Fight with Steve\". Changed npcthreshold for event trigger \"Chief Sitting Room (Steve Carmell Template 0) -> Steve Arrives\".", "action_time": "2015-03-26T14:47:52.971Z", "object_repr": "Chief Sitting Room", "user": 1}, "model": "admin.logentry", "pk": 459}, {"fields": {"object_id": "1", "action_flag": 2, "content_type": 35, "change_message": "Added flag dependency \"FlagDependency object\".", "action_time": "2015-03-26T15:02:49.499Z", "object_repr": "steve_home", "user": 1}, "model": "admin.logentry", "pk": 460}, {"fields": {"object_id": "1", "action_flag": 2, "content_type": 31, "change_message": "Changed state for player flag \"PlayerFlag object\".", "action_time": "2015-03-26T15:05:40.191Z", "object_repr": "justinbrown's Profile", "user": 1}, "model": "admin.logentry", "pk": 461}, {"fields": {"object_id": "19", "action_flag": 2, "content_type": 24, "change_message": "Added event trigger \"Prospect Heights (Blank Template 0) -> None\".", "action_time": "2015-03-26T15:36:49.557Z", "object_repr": "Prospect Heights", "user": 1}, "model": "admin.logentry", "pk": 462}, {"fields": {"object_id": "6", "action_flag": 2, "content_type": 24, "change_message": "Added event trigger \"Chief Sitting Room (Bookcase Template 0) -> None\".", "action_time": "2015-03-26T15:41:13.362Z", "object_repr": "Chief Sitting Room", "user": 1}, "model": "admin.logentry", "pk": 463}, {"fields": {"object_id": "14", "action_flag": 1, "content_type": 9, "change_message": "", "action_time": "2015-03-26T16:16:08.253Z", "object_repr": "Reassure Template", "user": 1}, "model": "admin.logentry", "pk": 464}, {"fields": {"object_id": "5", "action_flag": 1, "content_type": 35, "change_message": "", "action_time": "2015-03-26T16:19:41.492Z", "object_repr": "affair_revealed", "user": 1}, "model": "admin.logentry", "pk": 465}, {"fields": {"object_id": "7", "action_flag": 1, "content_type": 20, "change_message": "", "action_time": "2015-03-26T16:19:52.523Z", "object_repr": "Effect: affair_revealed -> 1", "user": 1}, "model": "admin.logentry", "pk": 466}, {"fields": {"object_id": "21", "action_flag": 1, "content_type": 24, "change_message": "", "action_time": "2015-03-26T16:20:12.949Z", "object_repr": "Confessions", "user": 1}, "model": "admin.logentry", "pk": 467}, {"fields": {"object_id": "20", "action_flag": 2, "content_type": 24, "change_message": "Added event trigger \"Heart to Heart (Force Template 0) -> Confessions\". Added event trigger \"Heart to Heart (Force Template 99) -> None\". Added event trigger \"Heart to Heart (Dash Template 0) -> Knock Steve Unconscious\". Added event trigger \"Heart to Heart (Dash Template 99) -> Fight with Steve\". Added event trigger \"Heart to Heart (Charm Template 0) -> Heart to Heart\".", "action_time": "2015-03-26T16:34:56.386Z", "object_repr": "Heart to Heart", "user": 1}, "model": "admin.logentry", "pk": 468}, {"fields": {"object_id": "20", "action_flag": 2, "content_type": 24, "change_message": "No fields changed.", "action_time": "2015-03-26T16:35:55.563Z", "object_repr": "Heart to Heart", "user": 1}, "model": "admin.logentry", "pk": 469}, {"fields": {"object_id": "20", "action_flag": 2, "content_type": 24, "change_message": "No fields changed.", "action_time": "2015-03-26T16:38:35.062Z", "object_repr": "Heart to Heart", "user": 1}, "model": "admin.logentry", "pk": 470}, {"fields": {"object_id": "19", "action_flag": 1, "content_type": 12, "change_message": "", "action_time": "2015-03-26T16:58:53.939Z", "object_repr": "Deck at None", "user": 1}, "model": "admin.logentry", "pk": 471}, {"fields": {"object_id": "20", "action_flag": 2, "content_type": 24, "change_message": "Changed deck. Added event trigger \"Heart to Heart (Charm Template 99) -> None\". Changed content for event trigger \"Heart to Heart (Force Template 0) -> Confessions\". Changed event, content and result for event trigger \"Heart to Heart (Charm Template 0) -> Confessions\".", "action_time": "2015-03-26T16:59:53.804Z", "object_repr": "Heart to Heart", "user": 1}, "model": "admin.logentry", "pk": 472}, {"fields": {"object_id": "20", "action_flag": 1, "content_type": 12, "change_message": "", "action_time": "2015-03-26T17:00:34.963Z", "object_repr": "Deck at None", "user": 1}, "model": "admin.logentry", "pk": 473}, {"fields": {"object_id": "21", "action_flag": 2, "content_type": 24, "change_message": "Changed deck.", "action_time": "2015-03-26T17:01:12.930Z", "object_repr": "Confessions", "user": 1}, "model": "admin.logentry", "pk": 474}, {"fields": {"object_id": "21", "action_flag": 1, "content_type": 12, "change_message": "", "action_time": "2015-03-26T17:02:44.601Z", "object_repr": "Deck at None", "user": 1}, "model": "admin.logentry", "pk": 475}, {"fields": {"object_id": "15", "action_flag": 2, "content_type": 24, "change_message": "Changed content and locationDeck. Added event trigger \"Bookcase (Steve Carmell Template 0) -> Heart to Heart\". Changed content for event trigger \"Bookcase (Resist Template 3) -> Incriminating Documents\". Deleted event trigger \"Bookcase (Force Template 0) -> None\". Deleted event trigger \"Bookcase (Force Template 99) -> None\".", "action_time": "2015-03-26T17:09:26.666Z", "object_repr": "Bookcase", "user": 1}, "model": "admin.logentry", "pk": 476}, {"fields": {"object_id": "21", "action_flag": 2, "content_type": 12, "change_message": "Added player card \"Resist Template 1 w/ EXP 0\".", "action_time": "2015-03-26T17:10:09.967Z", "object_repr": "Deck at Bookcase", "user": 1}, "model": "admin.logentry", "pk": 477}, {"fields": {"object_id": "14", "action_flag": 2, "content_type": 24, "change_message": "Changed content.", "action_time": "2015-03-26T17:16:08.977Z", "object_repr": "Incriminating Documents", "user": 1}, "model": "admin.logentry", "pk": 478}, {"fields": {"object_id": "15", "action_flag": 2, "content_type": 24, "change_message": "No fields changed.", "action_time": "2015-03-26T17:16:14.487Z", "object_repr": "Bookcase", "user": 1}, "model": "admin.logentry", "pk": 479}, {"fields": {"object_id": "21", "action_flag": 2, "content_type": 24, "change_message": "Changed content for event trigger \"Confessions (Ask Template 0) -> None\".", "action_time": "2015-03-26T17:16:33.354Z", "object_repr": "Confessions", "user": 1}, "model": "admin.logentry", "pk": 480}, {"fields": {"object_id": "22", "action_flag": 1, "content_type": 12, "change_message": "", "action_time": "2015-03-26T17:23:32.046Z", "object_repr": "Deck at None", "user": 1}, "model": "admin.logentry", "pk": 481}, {"fields": {"object_id": "2", "action_flag": 1, "content_type": 38, "change_message": "", "action_time": "2015-03-26T17:29:11.694Z", "object_repr": "Mistress Photo", "user": 1}, "model": "admin.logentry", "pk": 482}, {"fields": {"object_id": "8", "action_flag": 1, "content_type": 22, "change_message": "", "action_time": "2015-03-26T17:29:13.575Z", "object_repr": "Effect: Add Mistress Photo", "user": 1}, "model": "admin.logentry", "pk": 483}, {"fields": {"object_id": "22", "action_flag": 1, "content_type": 24, "change_message": "", "action_time": "2015-03-26T17:29:52.458Z", "object_repr": "Picture", "user": 1}, "model": "admin.logentry", "pk": 484}, {"fields": {"object_id": "7", "action_flag": 2, "content_type": 24, "change_message": "Changed content and locationDeck. Added event trigger \"Chief Bedroom (Resist Template 4) -> Picture\". Changed npcthreshold for event trigger \"Chief Bedroom (None 0) -> Fight with Steve\".", "action_time": "2015-03-26T17:30:04.170Z", "object_repr": "Chief Bedroom", "user": 1}, "model": "admin.logentry", "pk": 485}, {"fields": {"object_id": "14", "action_flag": 2, "content_type": 24, "change_message": "Changed content.", "action_time": "2015-03-26T17:30:29.362Z", "object_repr": "Incriminating Documents", "user": 1}, "model": "admin.logentry", "pk": 486}, {"fields": {"object_id": "21", "action_flag": 2, "content_type": 24, "change_message": "No fields changed.", "action_time": "2015-03-26T17:41:47.788Z", "object_repr": "Confessions", "user": 1}, "model": "admin.logentry", "pk": 487}, {"fields": {"object_id": "21", "action_flag": 2, "content_type": 24, "change_message": "Changed npcthreshold for event trigger \"Confessions (Ask Template 0) -> None\". Changed npcthreshold for event trigger \"Confessions (Ask Template 1) -> None\". Changed npcthreshold for event trigger \"Confessions (Leave Template 0) -> None\". Changed npcthreshold for event trigger \"Confessions (Reassure Template 0) -> None\".", "action_time": "2015-03-26T17:45:35.215Z", "object_repr": "Confessions", "user": 1}, "model": "admin.logentry", "pk": 488}, {"fields": {"deck": 1, "wisdom": 0, "charm": 1, "power": 0, "resist": 2, "money": 0, "user": 1, "force": 3, "dash": 2}, "model": "accounts.player", "pk": 1}, {"fields": {"deck": 2, "wisdom": 0, "charm": 1, "power": 0, "resist": 2, "money": 0, "user": 2, "force": 3, "dash": 2}, "model": "accounts.player", "pk": 2}, {"fields": {"deck": 3, "wisdom": 0, "charm": 1, "power": 0, "resist": 2, "money": 0, "user": 3, "force": 3, "dash": 2}, "model": "accounts.player", "pk": 3}]