[{"model": "cards.cardtemplate", "fields": {"name": "Force", "requiresTarget": false, "polymorphic_ctype": 1}, "pk": 1}, {"model": "cards.cardtemplate", "fields": {"name": "Dash", "requiresTarget": false, "polymorphic_ctype": 1}, "pk": 2}, {"model": "cards.cardtemplate", "fields": {"name": "Resist", "requiresTarget": false, "polymorphic_ctype": 1}, "pk": 3}, {"model": "cards.cardtemplate", "fields": {"name": "Charm", "requiresTarget": false, "polymorphic_ctype": 1}, "pk": 4}, {"model": "cards.cardtemplate", "fields": {"name": "Wisdom", "requiresTarget": false, "polymorphic_ctype": 1}, "pk": 5}, {"model": "cards.cardtemplate", "fields": {"name": "Power", "requiresTarget": false, "polymorphic_ctype": 1}, "pk": 6}, {"model": "cards.cardtemplate", "fields": {"name": "Carmell House", "requiresTarget": false, "polymorphic_ctype": 11}, "pk": 7}, {"model": "cards.cardtemplate", "fields": {"name": "Steve Carmell", "requiresTarget": false, "polymorphic_ctype": 11}, "pk": 8}, {"model": "cards.cardtemplate", "fields": {"name": "Bookcase", "requiresTarget": false, "polymorphic_ctype": 11}, "pk": 9}, {"model": "cards.cardtemplate", "fields": {"name": "Renee Lilac", "requiresTarget": false, "polymorphic_ctype": 11}, "pk": 10}, {"model": "cards.cardtemplate", "fields": {"name": "Ask", "requiresTarget": false, "polymorphic_ctype": 9}, "pk": 11}, {"model": "cards.cardtemplate", "fields": {"name": "Leave", "requiresTarget": false, "polymorphic_ctype": 9}, "pk": 12}, {"model": "cards.cardtemplate", "fields": {"name": "Blank", "requiresTarget": false, "polymorphic_ctype": 9}, "pk": 13}, {"model": "cards.cardtemplate", "fields": {"name": "Reassure", "requiresTarget": false, "polymorphic_ctype": 9}, "pk": 14}, {"model": "cards.stattemplate", "fields": {"statistic": "force"}, "pk": 1}, {"model": "cards.stattemplate", "fields": {"statistic": "dash"}, "pk": 2}, {"model": "cards.stattemplate", "fields": {"statistic": "resist"}, "pk": 3}, {"model": "cards.stattemplate", "fields": {"statistic": "charm"}, "pk": 4}, {"model": "cards.stattemplate", "fields": {"statistic": "wisdom"}, "pk": 5}, {"model": "cards.stattemplate", "fields": {"statistic": "power"}, "pk": 6}, {"model": "cards.npctemplate", "fields": {"npc": 1}, "pk": 7}, {"model": "cards.npctemplate", "fields": {"npc": 2}, "pk": 8}, {"model": "cards.npctemplate", "fields": {"npc": 3}, "pk": 9}, {"model": "cards.npctemplate", "fields": {"npc": 4}, "pk": 10}, {"model": "cards.deck", "fields": {}, "pk": 1}, {"model": "cards.deck", "fields": {}, "pk": 2}, {"model": "cards.deck", "fields": {}, "pk": 3}, {"model": "cards.deck", "fields": {}, "pk": 8}, {"model": "cards.deck", "fields": {}, "pk": 9}, {"model": "cards.deck", "fields": {}, "pk": 10}, {"model": "cards.deck", "fields": {}, "pk": 11}, {"model": "cards.deck", "fields": {}, "pk": 12}, {"model": "cards.deck", "fields": {}, "pk": 13}, {"model": "cards.deck", "fields": {}, "pk": 14}, {"model": "cards.deck", "fields": {}, "pk": 15}, {"model": "cards.deck", "fields": {}, "pk": 16}, {"model": "cards.deck", "fields": {}, "pk": 17}, {"model": "cards.deck", "fields": {}, "pk": 18}, {"model": "cards.deck", "fields": {}, "pk": 19}, {"model": "cards.deck", "fields": {}, "pk": 20}, {"model": "cards.deck", "fields": {}, "pk": 21}, {"model": "cards.deck", "fields": {}, "pk": 22}, {"model": "cards.basecard", "fields": {"name": "Force Template", "description": null, "modifier": 1, "polymorphic_ctype": 2, "deck": 1}, "pk": 1}, {"model": "cards.basecard", "fields": {"name": "Force Template", "description": null, "modifier": 2, "polymorphic_ctype": 2, "deck": 1}, "pk": 2}, {"model": "cards.basecard", "fields": {"name": "Force Template", "description": null, "modifier": 3, "polymorphic_ctype": 2, "deck": 1}, "pk": 3}, {"model": "cards.basecard", "fields": {"name": "Dash Template", "description": null, "modifier": 1, "polymorphic_ctype": 2, "deck": 1}, "pk": 4}, {"model": "cards.basecard", "fields": {"name": "Dash Template", "description": null, "modifier": 2, "polymorphic_ctype": 2, "deck": 1}, "pk": 5}, {"model": "cards.basecard", "fields": {"name": "Resist Template", "description": null, "modifier": 1, "polymorphic_ctype": 2, "deck": 1}, "pk": 6}, {"model": "cards.basecard", "fields": {"name": "Resist Template", "description": null, "modifier": 2, "polymorphic_ctype": 2, "deck": 1}, "pk": 7}, {"model": "cards.basecard", "fields": {"name": "Charm Template", "description": null, "modifier": 1, "polymorphic_ctype": 2, "deck": 1}, "pk": 8}, {"model": "cards.basecard", "fields": {"name": "", "description": null, "modifier": 1, "polymorphic_ctype": 2, "deck": 2}, "pk": 9}, {"model": "cards.basecard", "fields": {"name": "", "description": null, "modifier": 2, "polymorphic_ctype": 2, "deck": 2}, "pk": 10}, {"model": "cards.basecard", "fields": {"name": "", "description": null, "modifier": 3, "polymorphic_ctype": 2, "deck": 2}, "pk": 11}, {"model": "cards.basecard", "fields": {"name": "", "description": null, "modifier": 1, "polymorphic_ctype": 2, "deck": 2}, "pk": 12}, {"model": "cards.basecard", "fields": {"name": "", "description": null, "modifier": 2, "polymorphic_ctype": 2, "deck": 2}, "pk": 13}, {"model": "cards.basecard", "fields": {"name": "", "description": null, "modifier": 1, "polymorphic_ctype": 2, "deck": 2}, "pk": 14}, {"model": "cards.basecard", "fields": {"name": "", "description": null, "modifier": 2, "polymorphic_ctype": 2, "deck": 2}, "pk": 15}, {"model": "cards.basecard", "fields": {"name": "", "description": null, "modifier": 1, "polymorphic_ctype": 2, "deck": 2}, "pk": 16}, {"model": "cards.basecard", "fields": {"name": "", "description": null, "modifier": 1, "polymorphic_ctype": 2, "deck": 3}, "pk": 17}, {"model": "cards.basecard", "fields": {"name": "", "description": null, "modifier": 2, "polymorphic_ctype": 2, "deck": 3}, "pk": 18}, {"model": "cards.basecard", "fields": {"name": "", "description": null, "modifier": 3, "polymorphic_ctype": 2, "deck": 3}, "pk": 19}, {"model": "cards.basecard", "fields": {"name": "", "description": null, "modifier": 1, "polymorphic_ctype": 2, "deck": 3}, "pk": 20}, {"model": "cards.basecard", "fields": {"name": "", "description": null, "modifier": 2, "polymorphic_ctype": 2, "deck": 3}, "pk": 21}, {"model": "cards.basecard", "fields": {"name": "", "description": null, "modifier": 1, "polymorphic_ctype": 2, "deck": 3}, "pk": 22}, {"model": "cards.basecard", "fields": {"name": "", "description": null, "modifier": 2, "polymorphic_ctype": 2, "deck": 3}, "pk": 23}, {"model": "cards.basecard", "fields": {"name": "", "description": null, "modifier": 1, "polymorphic_ctype": 2, "deck": 3}, "pk": 24}, {"model": "cards.basecard", "fields": {"name": "Carmell House Template", "description": "", "modifier": 0, "polymorphic_ctype": 16, "deck": null}, "pk": 25}, {"model": "cards.basecard", "fields": {"name": "Blank Template", "description": "", "modifier": 0, "polymorphic_ctype": 14, "deck": 8}, "pk": 26}, {"model": "cards.basecard", "fields": {"name": "Blank Template", "description": "", "modifier": 0, "polymorphic_ctype": 14, "deck": 8}, "pk": 32}, {"model": "cards.basecard", "fields": {"name": "Blank Template", "description": "", "modifier": 0, "polymorphic_ctype": 14, "deck": 8}, "pk": 33}, {"model": "cards.basecard", "fields": {"name": "Carmell House Template", "description": "", "modifier": 1, "polymorphic_ctype": 16, "deck": 8}, "pk": 34}, {"model": "cards.basecard", "fields": {"name": "Carmell House Template", "description": "", "modifier": 1, "polymorphic_ctype": 16, "deck": 8}, "pk": 35}, {"model": "cards.basecard", "fields": {"name": "Force Template", "description": "", "modifier": 1, "polymorphic_ctype": 2, "deck": 9}, "pk": 36}, {"model": "cards.basecard", "fields": {"name": "Dash Template", "description": "", "modifier": 1, "polymorphic_ctype": 2, "deck": 9}, "pk": 37}, {"model": "cards.basecard", "fields": {"name": "Resist Template", "description": "", "modifier": 1, "polymorphic_ctype": 2, "deck": 9}, "pk": 38}, {"model": "cards.basecard", "fields": {"name": "Resist Template", "description": "", "modifier": 2, "polymorphic_ctype": 2, "deck": 9}, "pk": 39}, {"model": "cards.basecard", "fields": {"name": "Blank Template", "description": "", "modifier": 0, "polymorphic_ctype": 14, "deck": 10}, "pk": 40}, {"model": "cards.basecard", "fields": {"name": "Blank Template", "description": "", "modifier": 0, "polymorphic_ctype": 14, "deck": 10}, "pk": 41}, {"model": "cards.basecard", "fields": {"name": "Blank Template", "description": "", "modifier": 0, "polymorphic_ctype": 14, "deck": 10}, "pk": 42}, {"model": "cards.basecard", "fields": {"name": "Bookcase Template", "description": "", "modifier": 0, "polymorphic_ctype": 16, "deck": 10}, "pk": 43}, {"model": "cards.basecard", "fields": {"name": "Bookcase Template", "description": "", "modifier": 0, "polymorphic_ctype": 16, "deck": 10}, "pk": 44}, {"model": "cards.basecard", "fields": {"name": "Blank Template", "description": "", "modifier": 0, "polymorphic_ctype": 14, "deck": 12}, "pk": 45}, {"model": "cards.basecard", "fields": {"name": "Blank Template", "description": "", "modifier": 0, "polymorphic_ctype": 14, "deck": 12}, "pk": 46}, {"model": "cards.basecard", "fields": {"name": "Blank Template", "description": "", "modifier": 0, "polymorphic_ctype": 14, "deck": 12}, "pk": 47}, {"model": "cards.basecard", "fields": {"name": "Carmell House Template", "description": "", "modifier": 1, "polymorphic_ctype": 16, "deck": 12}, "pk": 48}, {"model": "cards.basecard", "fields": {"name": "Carmell House Template", "description": "", "modifier": 1, "polymorphic_ctype": 16, "deck": 12}, "pk": 49}, {"model": "cards.basecard", "fields": {"name": "Carmell House Template", "description": "", "modifier": 1, "polymorphic_ctype": 16, "deck": 12}, "pk": 50}, {"model": "cards.basecard", "fields": {"name": "Blank Template", "description": "", "modifier": 0, "polymorphic_ctype": 14, "deck": 13}, "pk": 51}, {"model": "cards.basecard", "fields": {"name": "Blank Template", "description": "", "modifier": 0, "polymorphic_ctype": 14, "deck": 13}, "pk": 52}, {"model": "cards.basecard", "fields": {"name": "Blank Template", "description": "", "modifier": 0, "polymorphic_ctype": 14, "deck": 13}, "pk": 53}, {"model": "cards.basecard", "fields": {"name": "Carmell House Template", "description": "", "modifier": 1, "polymorphic_ctype": 16, "deck": 13}, "pk": 54}, {"model": "cards.basecard", "fields": {"name": "Carmell House Template", "description": "", "modifier": 1, "polymorphic_ctype": 16, "deck": 13}, "pk": 55}, {"model": "cards.basecard", "fields": {"name": "Carmell House Template", "description": "", "modifier": 1, "polymorphic_ctype": 16, "deck": 13}, "pk": 56}, {"model": "cards.basecard", "fields": {"name": "Carmell House Template", "description": "", "modifier": 0, "polymorphic_ctype": 16, "deck": 16}, "pk": 57}, {"model": "cards.basecard", "fields": {"name": "Steve Carmell Template", "description": null, "modifier": 0, "polymorphic_ctype": 16, "deck": null}, "pk": 69}, {"model": "cards.basecard", "fields": {"name": "Steve Carmell Template", "description": null, "modifier": 0, "polymorphic_ctype": 16, "deck": null}, "pk": 70}, {"model": "cards.basecard", "fields": {"name": "Renee Lilac Template", "description": null, "modifier": 0, "polymorphic_ctype": 16, "deck": null}, "pk": 71}, {"model": "cards.basecard", "fields": {"name": "Bookcase Template", "description": null, "modifier": 0, "polymorphic_ctype": 16, "deck": null}, "pk": 72}, {"model": "cards.basecard", "fields": {"name": "Carmell House Template", "description": null, "modifier": 0, "polymorphic_ctype": 16, "deck": null}, "pk": 73}, {"model": "cards.basecard", "fields": {"name": "Ask Template", "description": "", "modifier": 0, "polymorphic_ctype": 14, "deck": 17}, "pk": 74}, {"model": "cards.basecard", "fields": {"name": "Leave Template", "description": "", "modifier": 0, "polymorphic_ctype": 14, "deck": 17}, "pk": 75}, {"model": "cards.basecard", "fields": {"name": "Blank Template", "description": "", "modifier": 0, "polymorphic_ctype": 14, "deck": 18}, "pk": 76}, {"model": "cards.basecard", "fields": {"name": "Blank Template", "description": "", "modifier": 0, "polymorphic_ctype": 14, "deck": 18}, "pk": 77}, {"model": "cards.basecard", "fields": {"name": "Bookcase Template", "description": "", "modifier": 1, "polymorphic_ctype": 16, "deck": 18}, "pk": 78}, {"model": "cards.basecard", "fields": {"name": "Bookcase Template", "description": "", "modifier": 1, "polymorphic_ctype": 16, "deck": 18}, "pk": 79}, {"model": "cards.basecard", "fields": {"name": "Steve Carmell Template", "description": "", "modifier": 0, "polymorphic_ctype": 16, "deck": 18}, "pk": 80}, {"model": "cards.basecard", "fields": {"name": "Bookcase Template", "description": "", "modifier": 2, "polymorphic_ctype": 16, "deck": 18}, "pk": 81}, {"model": "cards.basecard", "fields": {"name": "Steve Carmell Template", "description": "", "modifier": 0, "polymorphic_ctype": 16, "deck": 18}, "pk": 82}, {"model": "cards.basecard", "fields": {"name": "Charm Template", "description": "", "modifier": 0, "polymorphic_ctype": 2, "deck": 19}, "pk": 83}, {"model": "cards.basecard", "fields": {"name": "Ask Template", "description": "", "modifier": 0, "polymorphic_ctype": 14, "deck": 20}, "pk": 84}, {"model": "cards.basecard", "fields": {"name": "Ask Template", "description": "", "modifier": 1, "polymorphic_ctype": 14, "deck": 20}, "pk": 85}, {"model": "cards.basecard", "fields": {"name": "Leave Template", "description": "", "modifier": 0, "polymorphic_ctype": 14, "deck": 20}, "pk": 86}, {"model": "cards.basecard", "fields": {"name": "Reassure Template", "description": "", "modifier": 0, "polymorphic_ctype": 14, "deck": 20}, "pk": 87}, {"model": "cards.basecard", "fields": {"name": "Blank Template", "description": "", "modifier": 0, "polymorphic_ctype": 14, "deck": 21}, "pk": 88}, {"model": "cards.basecard", "fields": {"name": "Blank Template", "description": "", "modifier": 0, "polymorphic_ctype": 14, "deck": 21}, "pk": 89}, {"model": "cards.basecard", "fields": {"name": "Blank Template", "description": "", "modifier": 0, "polymorphic_ctype": 14, "deck": 21}, "pk": 90}, {"model": "cards.basecard", "fields": {"name": "Steve Carmell Template", "description": "", "modifier": 0, "polymorphic_ctype": 16, "deck": 21}, "pk": 91}, {"model": "cards.basecard", "fields": {"name": "Resist Template", "description": "", "modifier": 1, "polymorphic_ctype": 2, "deck": 21}, "pk": 92}, {"model": "cards.basecard", "fields": {"name": "Blank Template", "description": "", "modifier": 0, "polymorphic_ctype": 14, "deck": 22}, "pk": 93}, {"model": "cards.basecard", "fields": {"name": "Blank Template", "description": "", "modifier": 0, "polymorphic_ctype": 14, "deck": 22}, "pk": 94}, {"model": "cards.basecard", "fields": {"name": "Resist Template", "description": "", "modifier": 1, "polymorphic_ctype": 2, "deck": 22}, "pk": 95}, {"model": "cards.basecard", "fields": {"name": "Resist Template", "description": "", "modifier": 1, "polymorphic_ctype": 2, "deck": 22}, "pk": 96}, {"model": "cards.basecard", "fields": {"name": "Steve Carmell Template", "description": "", "modifier": 0, "polymorphic_ctype": 16, "deck": 22}, "pk": 97}, {"model": "cards.card", "fields": {"template": 13}, "pk": 26}, {"model": "cards.card", "fields": {"template": 13}, "pk": 32}, {"model": "cards.card", "fields": {"template": 13}, "pk": 33}, {"model": "cards.card", "fields": {"template": 13}, "pk": 40}, {"model": "cards.card", "fields": {"template": 13}, "pk": 41}, {"model": "cards.card", "fields": {"template": 13}, "pk": 42}, {"model": "cards.card", "fields": {"template": 13}, "pk": 45}, {"model": "cards.card", "fields": {"template": 13}, "pk": 46}, {"model": "cards.card", "fields": {"template": 13}, "pk": 47}, {"model": "cards.card", "fields": {"template": 13}, "pk": 51}, {"model": "cards.card", "fields": {"template": 13}, "pk": 52}, {"model": "cards.card", "fields": {"template": 13}, "pk": 53}, {"model": "cards.card", "fields": {"template": 11}, "pk": 74}, {"model": "cards.card", "fields": {"template": 12}, "pk": 75}, {"model": "cards.card", "fields": {"template": 13}, "pk": 76}, {"model": "cards.card", "fields": {"template": 13}, "pk": 77}, {"model": "cards.card", "fields": {"template": 11}, "pk": 84}, {"model": "cards.card", "fields": {"template": 11}, "pk": 85}, {"model": "cards.card", "fields": {"template": 12}, "pk": 86}, {"model": "cards.card", "fields": {"template": 14}, "pk": 87}, {"model": "cards.card", "fields": {"template": 13}, "pk": 88}, {"model": "cards.card", "fields": {"template": 13}, "pk": 89}, {"model": "cards.card", "fields": {"template": 13}, "pk": 90}, {"model": "cards.card", "fields": {"template": 13}, "pk": 93}, {"model": "cards.card", "fields": {"template": 13}, "pk": 94}, {"model": "cards.playercard", "fields": {"template": 1, "experience": 8}, "pk": 1}, {"model": "cards.playercard", "fields": {"template": 1, "experience": 6}, "pk": 2}, {"model": "cards.playercard", "fields": {"template": 1, "experience": 5}, "pk": 3}, {"model": "cards.playercard", "fields": {"template": 2, "experience": 10}, "pk": 4}, {"model": "cards.playercard", "fields": {"template": 2, "experience": 8}, "pk": 5}, {"model": "cards.playercard", "fields": {"template": 3, "experience": 3}, "pk": 6}, {"model": "cards.playercard", "fields": {"template": 3, "experience": 6}, "pk": 7}, {"model": "cards.playercard", "fields": {"template": 4, "experience": 9}, "pk": 8}, {"model": "cards.playercard", "fields": {"template": 1, "experience": 0}, "pk": 9}, {"model": "cards.playercard", "fields": {"template": 1, "experience": 0}, "pk": 10}, {"model": "cards.playercard", "fields": {"template": 1, "experience": 0}, "pk": 11}, {"model": "cards.playercard", "fields": {"template": 2, "experience": 0}, "pk": 12}, {"model": "cards.playercard", "fields": {"template": 2, "experience": 0}, "pk": 13}, {"model": "cards.playercard", "fields": {"template": 3, "experience": 0}, "pk": 14}, {"model": "cards.playercard", "fields": {"template": 3, "experience": 0}, "pk": 15}, {"model": "cards.playercard", "fields": {"template": 4, "experience": 0}, "pk": 16}, {"model": "cards.playercard", "fields": {"template": 1, "experience": 0}, "pk": 17}, {"model": "cards.playercard", "fields": {"template": 1, "experience": 0}, "pk": 18}, {"model": "cards.playercard", "fields": {"template": 1, "experience": 0}, "pk": 19}, {"model": "cards.playercard", "fields": {"template": 2, "experience": 0}, "pk": 20}, {"model": "cards.playercard", "fields": {"template": 2, "experience": 0}, "pk": 21}, {"model": "cards.playercard", "fields": {"template": 3, "experience": 0}, "pk": 22}, {"model": "cards.playercard", "fields": {"template": 3, "experience": 0}, "pk": 23}, {"model": "cards.playercard", "fields": {"template": 4, "experience": 0}, "pk": 24}, {"model": "cards.playercard", "fields": {"template": 1, "experience": 2}, "pk": 36}, {"model": "cards.playercard", "fields": {"template": 2, "experience": 0}, "pk": 37}, {"model": "cards.playercard", "fields": {"template": 3, "experience": 3}, "pk": 38}, {"model": "cards.playercard", "fields": {"template": 3, "experience": 13}, "pk": 39}, {"model": "cards.playercard", "fields": {"template": 4, "experience": 1}, "pk": 83}, {"model": "cards.playercard", "fields": {"template": 3, "experience": 0}, "pk": 92}, {"model": "cards.playercard", "fields": {"template": 3, "experience": 0}, "pk": 95}, {"model": "cards.playercard", "fields": {"template": 3, "experience": 0}, "pk": 96}, {"model": "cards.npccard", "fields": {"template": 7}, "pk": 25}, {"model": "cards.npccard", "fields": {"template": 7}, "pk": 34}, {"model": "cards.npccard", "fields": {"template": 7}, "pk": 35}, {"model": "cards.npccard", "fields": {"template": 9}, "pk": 43}, {"model": "cards.npccard", "fields": {"template": 9}, "pk": 44}, {"model": "cards.npccard", "fields": {"template": 7}, "pk": 48}, {"model": "cards.npccard", "fields": {"template": 7}, "pk": 49}, {"model": "cards.npccard", "fields": {"template": 7}, "pk": 50}, {"model": "cards.npccard", "fields": {"template": 7}, "pk": 54}, {"model": "cards.npccard", "fields": {"template": 7}, "pk": 55}, {"model": "cards.npccard", "fields": {"template": 7}, "pk": 56}, {"model": "cards.npccard", "fields": {"template": 7}, "pk": 57}, {"model": "cards.npccard", "fields": {"template": 8}, "pk": 69}, {"model": "cards.npccard", "fields": {"template": 8}, "pk": 70}, {"model": "cards.npccard", "fields": {"template": 10}, "pk": 71}, {"model": "cards.npccard", "fields": {"template": 9}, "pk": 72}, {"model": "cards.npccard", "fields": {"template": 7}, "pk": 73}, {"model": "cards.npccard", "fields": {"template": 9}, "pk": 78}, {"model": "cards.npccard", "fields": {"template": 9}, "pk": 79}, {"model": "cards.npccard", "fields": {"template": 8}, "pk": 80}, {"model": "cards.npccard", "fields": {"template": 9}, "pk": 81}, {"model": "cards.npccard", "fields": {"template": 8}, "pk": 82}, {"model": "cards.npccard", "fields": {"template": 8}, "pk": 91}, {"model": "cards.npccard", "fields": {"template": 8}, "pk": 97}, {"model": "cards.effect", "fields": {"name": "Steve Arrives", "polymorphic_ctype": 20}, "pk": 1}, {"model": "cards.effect", "fields": {"name": "Steve Departs", "polymorphic_ctype": 20}, "pk": 2}, {"model": "cards.effect", "fields": {"name": "Steve Unconscious", "polymorphic_ctype": 20}, "pk": 3}, {"model": "cards.effect", "fields": {"name": "Damage x1", "polymorphic_ctype": 43}, "pk": 4}, {"model": "cards.effect", "fields": {"name": "Break In", "polymorphic_ctype": 20}, "pk": 5}, {"model": "cards.effect", "fields": {"name": "Incriminating Documents", "polymorphic_ctype": 22}, "pk": 6}, {"model": "cards.effect", "fields": {"name": "Reveal Affair", "polymorphic_ctype": 20}, "pk": 7}, {"model": "cards.effect", "fields": {"name": "Photo of the Mistress", "polymorphic_ctype": 22}, "pk": 8}, {"model": "cards.flageffect", "fields": {"value": 1, "flag": 1}, "pk": 1}, {"model": "cards.flageffect", "fields": {"value": 0, "flag": 1}, "pk": 2}, {"model": "cards.flageffect", "fields": {"value": 1, "flag": 3}, "pk": 3}, {"model": "cards.flageffect", "fields": {"value": 1, "flag": 4}, "pk": 5}, {"model": "cards.flageffect", "fields": {"value": 1, "flag": 5}, "pk": 7}, {"model": "cards.keyitemeffect", "fields": {"keyitem": 1}, "pk": 6}, {"model": "cards.keyitemeffect", "fields": {"keyitem": 2}, "pk": 8}, {"model": "cards.damageeffect", "fields": {"number": 1}, "pk": 4}, {"model": "events.event", "fields": {"generic_result": null, "canshuffle": false, "content": "", "auto": false, "slug": "prospect_heights", "tolog": false, "deck": 8, "created": "2015-03-15T18:11:10.847Z", "locationDeck": null, "npc": null, "blocking": false, "description": "", "title": "Prospect Heights", "published": true}, "pk": 2}, {"model": "events.event", "fields": {"generic_result": null, "canshuffle": false, "content": "You arrive at the house of the Chief of Police. {steve_home?It looks like her husband is home.:}", "auto": false, "slug": "chiefs_house", "tolog": true, "deck": 17, "created": "2015-03-15T18:24:30.473Z", "locationDeck": null, "npc": 1, "blocking": false, "description": "", "title": "Chief's House", "published": true}, "pk": 3}, {"model": "events.event", "fields": {"generic_result": null, "canshuffle": false, "content": "You see Steve Carmell enter the house.", "auto": true, "slug": "steve_arrives", "tolog": true, "deck": null, "created": "2015-03-15T18:25:44.877Z", "locationDeck": null, "npc": null, "blocking": false, "description": "", "title": "Steve Arrives", "published": true}, "pk": 4}, {"model": "events.event", "fields": {"generic_result": null, "canshuffle": false, "content": "You see Steve Carmell leave the house.", "auto": true, "slug": "steve_departs", "tolog": true, "deck": null, "created": "2015-03-15T18:26:30.495Z", "locationDeck": null, "npc": null, "blocking": false, "description": "", "title": "Steve Departs", "published": true}, "pk": 5}, {"model": "events.event", "fields": {"generic_result": null, "canshuffle": false, "content": "", "auto": false, "slug": "chief_sitting_room", "tolog": true, "deck": null, "created": "2015-03-15T18:28:14.134Z", "locationDeck": 18, "npc": null, "blocking": false, "description": "", "title": "Chief Sitting Room", "published": true}, "pk": 6}, {"model": "events.event", "fields": {"generic_result": null, "canshuffle": false, "content": "{steve_home?{night?The lights turn on suddenly. :}Steve is standing in the bedroom, looking both perplexed and increasingly angry. :The Chief's bedroom looks more practical than functional, but perhaps you'll be able to find something here.}", "auto": false, "slug": "chief_bedroom", "tolog": true, "deck": null, "created": "2015-03-15T18:29:15.155Z", "locationDeck": 22, "npc": null, "blocking": false, "description": "", "title": "Chief Bedroom", "published": true}, "pk": 7}, {"model": "events.event", "fields": {"generic_result": null, "canshuffle": false, "content": "The Chief's husband looks out from behind the door. \"Can I help you?\"", "auto": false, "slug": "steve_at_threshold", "tolog": true, "deck": null, "created": "2015-03-15T18:30:28.836Z", "locationDeck": null, "npc": 2, "blocking": false, "description": "", "title": "Steve at the Threshold", "published": true}, "pk": 8}, {"model": "events.event", "fields": {"generic_result": null, "canshuffle": false, "content": "", "auto": false, "slug": "fight_with_steve", "tolog": true, "deck": null, "created": "2015-03-15T18:33:05.581Z", "locationDeck": null, "npc": 2, "blocking": false, "description": "", "title": "Fight with Steve", "published": true}, "pk": 9}, {"model": "events.event", "fields": {"generic_result": 18, "canshuffle": false, "content": "", "auto": true, "slug": "steve_unconscious", "tolog": true, "deck": null, "created": "2015-03-15T18:39:36.289Z", "locationDeck": null, "npc": null, "blocking": false, "description": "", "title": "Knock Steve Unconscious", "published": true}, "pk": 10}, {"model": "events.event", "fields": {"generic_result": 21, "canshuffle": false, "content": "", "auto": true, "slug": "break_into_bedroom", "tolog": true, "deck": null, "created": "2015-03-15T18:56:36.569Z", "locationDeck": null, "npc": null, "blocking": false, "description": "", "title": "Break into Bedroom", "published": true}, "pk": 11}, {"model": "events.event", "fields": {"generic_result": 22, "canshuffle": false, "content": "", "auto": true, "slug": "break_into_sitting", "tolog": true, "deck": null, "created": "2015-03-15T18:57:07.986Z", "locationDeck": null, "npc": null, "blocking": false, "description": "", "title": "Break into Sitting Room", "published": true}, "pk": 12}, {"model": "events.event", "fields": {"generic_result": null, "canshuffle": false, "content": "", "auto": true, "slug": "pain", "tolog": true, "deck": null, "created": "2015-03-15T19:05:14.897Z", "locationDeck": null, "npc": null, "blocking": false, "description": "", "title": "Pain", "published": true}, "pk": 13}, {"model": "events.event", "fields": {"generic_result": null, "canshuffle": false, "content": "You find some documents that look quite thoroughly suspicious. The documents have many romantic flourishes and all share the signed initials RL. From the letters, you gather that this RL was previously in the Black Hand and has been trying to leave for years. You doubt that the initials would be enough to locate her, though.", "auto": true, "slug": "incriminating_documents", "tolog": true, "deck": null, "created": "2015-03-15T19:20:46.709Z", "locationDeck": null, "npc": null, "blocking": false, "description": "", "title": "Incriminating Documents", "published": true}, "pk": 14}, {"model": "events.event", "fields": {"generic_result": null, "canshuffle": false, "content": "The bookcase looks to be a complete mess. It's probably going to take you a while to try to search it.", "auto": false, "slug": "bookcase", "tolog": true, "deck": null, "created": "2015-03-15T19:20:52.099Z", "locationDeck": 21, "npc": 3, "blocking": false, "description": "", "title": "Bookcase", "published": true}, "pk": 15}, {"model": "events.event", "fields": {"generic_result": null, "canshuffle": true, "content": "", "auto": false, "slug": "home", "tolog": false, "deck": 14, "created": "2015-03-15T21:29:58.878Z", "locationDeck": null, "npc": null, "blocking": false, "description": "", "title": "Home", "published": true}, "pk": 18}, {"model": "events.event", "fields": {"generic_result": null, "canshuffle": false, "content": "", "auto": false, "slug": "prospect_heights_2", "tolog": false, "deck": null, "created": "2015-03-15T21:36:09.547Z", "locationDeck": 13, "npc": null, "blocking": false, "description": "", "title": "Prospect Heights", "published": true}, "pk": 19}, {"model": "events.event", "fields": {"generic_result": null, "canshuffle": false, "content": "Steve sits in his armchair, waiting for your questions.", "auto": false, "slug": "heart_to_heart", "tolog": true, "deck": 19, "created": "2015-03-21T01:07:14.564Z", "locationDeck": null, "npc": 2, "blocking": false, "description": "", "title": "Heart to Heart", "published": true}, "pk": 20}, {"model": "events.event", "fields": {"generic_result": null, "canshuffle": false, "content": "With a choked sob, Steve confesses to his affair, telling you the name of his mistress: Renee Lilac. He swears he'll break it off if you don't tell the Chief.", "auto": false, "slug": "confessions", "tolog": true, "deck": 20, "created": "2015-03-26T16:20:12.946Z", "locationDeck": null, "npc": null, "blocking": false, "description": "Steve confesses his Affair", "title": "Confessions", "published": true}, "pk": 21}, {"model": "events.event", "fields": {"generic_result": null, "canshuffle": false, "content": "You find a picture deep in the drawers of a woman of Italian descent. You take it with you. You could probably identify her if you saw her, but you have no idea where to start looking.", "auto": true, "slug": "picture", "tolog": true, "deck": null, "created": "2015-03-26T17:29:52.456Z", "locationDeck": null, "npc": null, "blocking": false, "description": "Picture in the Drawers", "title": "Picture", "published": true}, "pk": 22}, {"model": "events.eventtrigger", "fields": {"onlyWhenNotPlayed": false, "npcthreshold": true, "content": "", "event": 3, "helper": "", "threshold": 0, "result": "switch", "conditions": "", "localOnly": false, "originalEvent": 2, "template": 8}, "pk": 1}, {"model": "events.eventtrigger", "fields": {"onlyWhenNotPlayed": false, "npcthreshold": true, "content": "", "event": 4, "helper": "", "threshold": -1, "result": null, "conditions": "not steve_home", "localOnly": false, "originalEvent": 2, "template": 7}, "pk": 2}, {"model": "events.eventtrigger", "fields": {"onlyWhenNotPlayed": false, "npcthreshold": true, "content": "", "event": 5, "helper": "", "threshold": -1, "result": null, "conditions": "steve_home", "localOnly": false, "originalEvent": 2, "template": 7}, "pk": 3}, {"model": "events.eventtrigger", "fields": {"onlyWhenNotPlayed": false, "npcthreshold": true, "content": "That's one sturdy door.", "event": null, "helper": "", "threshold": 99, "result": null, "conditions": "", "localOnly": true, "originalEvent": 3, "template": 1}, "pk": 5}, {"model": "events.eventtrigger", "fields": {"onlyWhenNotPlayed": false, "npcthreshold": true, "content": "You climb the fire escape and head into the second story window.", "event": 7, "helper": "Climb the fire escape", "threshold": 0, "result": null, "conditions": "", "localOnly": true, "originalEvent": 3, "template": 2}, "pk": 6}, {"model": "events.eventtrigger", "fields": {"onlyWhenNotPlayed": false, "npcthreshold": true, "content": "You can't quite reach the fire escape.", "event": null, "helper": "", "threshold": 99, "result": null, "conditions": "", "localOnly": true, "originalEvent": 3, "template": 2}, "pk": 7}, {"model": "events.eventtrigger", "fields": {"onlyWhenNotPlayed": false, "npcthreshold": true, "content": "You knock on the door, and hear an unlatching sound as Steve Carmell answers the door.", "event": 8, "helper": "Knock on the door", "threshold": 0, "result": null, "conditions": "steve_home", "localOnly": true, "originalEvent": 3, "template": 11}, "pk": 8}, {"model": "events.eventtrigger", "fields": {"onlyWhenNotPlayed": false, "npcthreshold": true, "content": "You leave the premises.", "event": null, "helper": "Leave the premises", "threshold": 0, "result": "resolve", "conditions": "", "localOnly": false, "originalEvent": 3, "template": 12}, "pk": 9}, {"model": "events.eventtrigger", "fields": {"onlyWhenNotPlayed": false, "npcthreshold": true, "content": "No one answers.", "event": null, "helper": "Knock on the door", "threshold": 0, "result": null, "conditions": "not steve_home", "localOnly": true, "originalEvent": 3, "template": 11}, "pk": 10}, {"model": "events.eventtrigger", "fields": {"onlyWhenNotPlayed": false, "npcthreshold": true, "content": "You break down the door.", "event": 12, "helper": "Break down the door", "threshold": 0, "result": "resolve", "conditions": "steve_home", "localOnly": true, "originalEvent": 3, "template": 1}, "pk": 11}, {"model": "events.eventtrigger", "fields": {"onlyWhenNotPlayed": false, "npcthreshold": true, "content": "\"Look, I'm a busy fella. I just have a few questions. Let me in, and we can resolve this quickly.\"", "event": 6, "helper": "Intimidate", "threshold": 2, "result": "switch", "conditions": "", "localOnly": false, "originalEvent": 8, "template": 1}, "pk": 12}, {"model": "events.eventtrigger", "fields": {"onlyWhenNotPlayed": false, "npcthreshold": true, "content": "Would have thought that the Chief of Police's husband would have had better self defense training. Oh well. You drag him into a corner of the sitting room.", "event": 6, "helper": "Knock him out", "threshold": 0, "result": "switch", "conditions": "", "localOnly": false, "originalEvent": 8, "template": 2}, "pk": 13}, {"model": "events.eventtrigger", "fields": {"onlyWhenNotPlayed": false, "npcthreshold": true, "content": "\"Don't suppose you could let me in to talk, sweetie? It's a bit chilly out here.\" With a sly grin, he steps aside.", "event": 6, "helper": "Seduce him", "threshold": 3, "result": "switch", "conditions": "", "localOnly": false, "originalEvent": 8, "template": 4}, "pk": 14}, {"model": "events.eventtrigger", "fields": {"onlyWhenNotPlayed": false, "npcthreshold": true, "content": "\"Umm... You know, I can get pretty scary when I get angry, so maybe you could just let me in, please...?\" He doesn't look convinced.", "event": null, "helper": "", "threshold": 99, "result": null, "conditions": "", "localOnly": false, "originalEvent": 8, "template": 1}, "pk": 15}, {"model": "events.eventtrigger", "fields": {"onlyWhenNotPlayed": false, "npcthreshold": true, "content": "\"What's that behind you!\" He eyes you suspiciously.", "event": null, "helper": "", "threshold": 99, "result": null, "conditions": "", "localOnly": false, "originalEvent": 8, "template": 2}, "pk": 16}, {"model": "events.eventtrigger", "fields": {"onlyWhenNotPlayed": false, "npcthreshold": true, "content": "\"Don't suppose you could let me in to talk, sweetie? It's a bit chilly out here.\"\r\n\r\n\"I'm not interested.\"", "event": null, "helper": "", "threshold": 99, "result": null, "conditions": "", "localOnly": false, "originalEvent": 8, "template": 4}, "pk": 17}, {"model": "events.eventtrigger", "fields": {"onlyWhenNotPlayed": false, "npcthreshold": true, "content": "", "event": 6, "helper": "", "threshold": 0, "result": "resolve", "conditions": "", "localOnly": false, "originalEvent": 10, "template": 8}, "pk": 18}, {"model": "events.eventtrigger", "fields": {"onlyWhenNotPlayed": false, "npcthreshold": true, "content": "", "event": 10, "helper": "", "threshold": 0, "result": "switch", "conditions": "", "localOnly": false, "originalEvent": 9, "template": 1}, "pk": 19}, {"model": "events.eventtrigger", "fields": {"onlyWhenNotPlayed": false, "npcthreshold": true, "content": "", "event": 10, "helper": "", "threshold": 0, "result": "switch", "conditions": "", "localOnly": false, "originalEvent": 9, "template": 2}, "pk": 20}, {"model": "events.eventtrigger", "fields": {"onlyWhenNotPlayed": false, "npcthreshold": true, "content": "", "event": 7, "helper": "", "threshold": 0, "result": "resolve", "conditions": "", "localOnly": false, "originalEvent": 11, "template": 7}, "pk": 21}, {"model": "events.eventtrigger", "fields": {"onlyWhenNotPlayed": false, "npcthreshold": true, "content": "", "event": 6, "helper": "", "threshold": 0, "result": "resolve", "conditions": "", "localOnly": true, "originalEvent": 12, "template": 7}, "pk": 22}, {"model": "events.eventtrigger", "fields": {"onlyWhenNotPlayed": false, "npcthreshold": false, "content": "Looks like Steve is not taking kindly to your break in. That's awfully inconsiderate.", "event": 9, "helper": "", "threshold": 0, "result": null, "conditions": "steve_home and break_in and not steve_unconscious", "localOnly": false, "originalEvent": 6, "template": null}, "pk": 23}, {"model": "events.eventtrigger", "fields": {"onlyWhenNotPlayed": false, "npcthreshold": false, "content": "", "event": 9, "helper": "", "threshold": 0, "result": null, "conditions": "steve_home and break_in and not steve_unconscious", "localOnly": false, "originalEvent": 7, "template": null}, "pk": 24}, {"model": "events.eventtrigger", "fields": {"onlyWhenNotPlayed": true, "npcthreshold": true, "content": "", "event": 13, "helper": "", "threshold": 0, "result": null, "conditions": "", "localOnly": false, "originalEvent": 9, "template": null}, "pk": 28}, {"model": "events.eventtrigger", "fields": {"onlyWhenNotPlayed": false, "npcthreshold": true, "content": "After a methodical search, you find some papers of interest.", "event": 14, "helper": "", "threshold": 3, "result": "resolve", "conditions": "", "localOnly": false, "originalEvent": 15, "template": 3}, "pk": 31}, {"model": "events.eventtrigger", "fields": {"onlyWhenNotPlayed": false, "npcthreshold": false, "content": "The bookcase catches your attention.", "event": 15, "helper": "", "threshold": 1, "result": null, "conditions": "not night", "localOnly": false, "originalEvent": 6, "template": 9}, "pk": 32}, {"model": "events.eventtrigger", "fields": {"onlyWhenNotPlayed": false, "npcthreshold": false, "content": "You stumble across a bookcase in the dark.", "event": 15, "helper": "", "threshold": 2, "result": null, "conditions": "night", "localOnly": false, "originalEvent": 6, "template": 9}, "pk": 33}, {"model": "events.eventtrigger", "fields": {"onlyWhenNotPlayed": false, "npcthreshold": false, "content": "", "event": 3, "helper": "", "threshold": 0, "result": "resolve", "conditions": "", "localOnly": false, "originalEvent": 19, "template": 7}, "pk": 34}, {"model": "events.eventtrigger", "fields": {"onlyWhenNotPlayed": false, "npcthreshold": false, "content": "", "event": 5, "helper": "", "threshold": 1, "result": "resolve", "conditions": "steve_home", "localOnly": false, "originalEvent": 19, "template": 7}, "pk": 35}, {"model": "events.eventtrigger", "fields": {"onlyWhenNotPlayed": false, "npcthreshold": false, "content": "", "event": 4, "helper": "", "threshold": 1, "result": "resolve", "conditions": "not steve_home", "localOnly": false, "originalEvent": 19, "template": 7}, "pk": 36}, {"model": "events.eventtrigger", "fields": {"onlyWhenNotPlayed": false, "npcthreshold": false, "content": "\"You wanted to talk? Let's talk.\"", "event": 20, "helper": "", "threshold": 0, "result": null, "conditions": "steve_home and not steve_unconscious and not break_in", "localOnly": false, "originalEvent": 6, "template": 8}, "pk": 37}, {"model": "events.eventtrigger", "fields": {"onlyWhenNotPlayed": false, "npcthreshold": false, "content": "Well, it looks like your time is up. Steve walks in the door and sees you.", "event": 4, "helper": "", "threshold": 0, "result": null, "conditions": "not steve_home", "localOnly": false, "originalEvent": 6, "template": 8}, "pk": 40}, {"model": "events.eventtrigger", "fields": {"onlyWhenNotPlayed": false, "npcthreshold": false, "content": "You find nothing of interest.", "event": null, "helper": "", "threshold": 0, "result": null, "conditions": "", "localOnly": false, "originalEvent": 19, "template": 13}, "pk": 41}, {"model": "events.eventtrigger", "fields": {"onlyWhenNotPlayed": false, "npcthreshold": false, "content": "Your search reveals nothing.", "event": null, "helper": "", "threshold": 0, "result": null, "conditions": "", "localOnly": false, "originalEvent": 6, "template": 9}, "pk": 42}, {"model": "events.eventtrigger", "fields": {"onlyWhenNotPlayed": false, "npcthreshold": false, "content": "\"Why did you do it?\"<br>\r\n\r\nAccording to his account, she's a member of  some gang and has been trying desperately to leave. In his haste to help her, the two developed a bond.", "event": null, "helper": "Why did you do it?", "threshold": 0, "result": null, "conditions": "", "localOnly": false, "originalEvent": 21, "template": 11}, "pk": 43}, {"model": "events.eventtrigger", "fields": {"onlyWhenNotPlayed": false, "npcthreshold": false, "content": "\"I can't promise anything.\"<br>\r\n\r\nYou make no promises and leave the man to his grief.", "event": null, "helper": "I can't promise anything.", "threshold": 0, "result": "resolve", "conditions": "", "localOnly": false, "originalEvent": 21, "template": 12}, "pk": 44}, {"model": "events.eventtrigger", "fields": {"onlyWhenNotPlayed": false, "npcthreshold": false, "content": "\"Where can I find her?\"<br>\r\n\r\nHe isn't sure, but she first approached him near the docks.", "event": null, "helper": "Where can I find her?", "threshold": 1, "result": null, "conditions": "", "localOnly": false, "originalEvent": 21, "template": 11}, "pk": 45}, {"model": "events.eventtrigger", "fields": {"onlyWhenNotPlayed": false, "npcthreshold": false, "content": "\"I don't want either of you to get hurt.\"<br>\r\n\r\nHe looks immensely relieved.", "event": null, "helper": "I don't want either of you to get hurt.", "threshold": 0, "result": "resolve", "conditions": "", "localOnly": false, "originalEvent": 21, "template": 14}, "pk": 46}, {"model": "events.eventtrigger", "fields": {"onlyWhenNotPlayed": false, "npcthreshold": true, "content": "\"I really don't have time to sit around and exchange pleasantries. Tell me about the affair.\"", "event": 21, "helper": "Intimidate him", "threshold": 0, "result": "switch", "conditions": "", "localOnly": false, "originalEvent": 20, "template": 1}, "pk": 47}, {"model": "events.eventtrigger", "fields": {"onlyWhenNotPlayed": false, "npcthreshold": true, "content": "You begin a tirade, but in the middle of it, your voice cracks. He doesn't look very intimidated.", "event": null, "helper": "", "threshold": 99, "result": null, "conditions": "", "localOnly": false, "originalEvent": 20, "template": 1}, "pk": 48}, {"model": "events.eventtrigger", "fields": {"onlyWhenNotPlayed": false, "npcthreshold": true, "content": "Before he can get another word in, you hit him over the head with a candelabra. He slumps to the ground.", "event": 10, "helper": "Knock him unconscious", "threshold": 0, "result": "resolve", "conditions": "", "localOnly": false, "originalEvent": 20, "template": 2}, "pk": 49}, {"model": "events.eventtrigger", "fields": {"onlyWhenNotPlayed": false, "npcthreshold": true, "content": "", "event": 9, "helper": "", "threshold": 99, "result": "switch", "conditions": "", "localOnly": false, "originalEvent": 20, "template": 2}, "pk": 50}, {"model": "events.eventtrigger", "fields": {"onlyWhenNotPlayed": false, "npcthreshold": true, "content": "\"The Chief knows what's been going on. She sent me to resolve this quietly. Let's just get this out into the open so that we can figure out how to resolve this.\"", "event": 21, "helper": "Persuade him to come clean.", "threshold": 0, "result": "switch", "conditions": "", "localOnly": false, "originalEvent": 20, "template": 4}, "pk": 51}, {"model": "events.eventtrigger", "fields": {"onlyWhenNotPlayed": false, "npcthreshold": true, "content": "\"Well... you know that most married couples are happier when they're honest with each other, right? ...I suppose not that I would know from personal experience...\"", "event": null, "helper": "", "threshold": 99, "result": null, "conditions": "", "localOnly": false, "originalEvent": 20, "template": 4}, "pk": 52}, {"model": "events.eventtrigger", "fields": {"onlyWhenNotPlayed": false, "npcthreshold": true, "content": "\"I thought you wanted to talk, not peruse our collection of books.\" He eyes you suspiciously and gestures to one of the seats.", "event": 20, "helper": "", "threshold": 0, "result": "switch", "conditions": "not steve_unconscious and steve_home and not night", "localOnly": false, "originalEvent": 15, "template": 8}, "pk": 53}, {"model": "events.eventtrigger", "fields": {"onlyWhenNotPlayed": false, "npcthreshold": true, "content": "", "event": 22, "helper": "", "threshold": 4, "result": null, "conditions": "", "localOnly": false, "originalEvent": 7, "template": 3}, "pk": 54}, {"model": "events.eventeffect", "fields": {"effect": 1, "event": 4}, "pk": 1}, {"model": "events.eventeffect", "fields": {"effect": 2, "event": 5}, "pk": 2}, {"model": "events.eventeffect", "fields": {"effect": 3, "event": 10}, "pk": 3}, {"model": "events.eventeffect", "fields": {"effect": 5, "event": 11}, "pk": 4}, {"model": "events.eventeffect", "fields": {"effect": 5, "event": 12}, "pk": 5}, {"model": "events.eventeffect", "fields": {"effect": 4, "event": 13}, "pk": 6}, {"model": "events.eventeffect", "fields": {"effect": 6, "event": 14}, "pk": 7}, {"model": "events.eventeffect", "fields": {"effect": 7, "event": 21}, "pk": 8}, {"model": "events.eventeffect", "fields": {"effect": 8, "event": 22}, "pk": 9}, {"model": "locations.location", "fields": {}, "pk": 19}, {"model": "locations.location", "fields": {}, "pk": 18}, {"model": "npcs.npc", "fields": {"deck": null, "dash": 0, "power": 0, "force": 0, "wisdom": 0, "slug": "carmell_house", "name": "Carmell House", "resist": 0, "card": 73, "charm": 0}, "pk": 1}, {"model": "npcs.npc", "fields": {"deck": 9, "dash": 0, "power": 0, "force": 0, "wisdom": 0, "slug": "steve_carmell", "name": "Steve Carmell", "resist": 0, "card": 70, "charm": 0}, "pk": 2}, {"model": "npcs.npc", "fields": {"deck": null, "dash": 0, "power": 0, "force": 0, "wisdom": 0, "slug": "bookcase", "name": "Bookcase", "resist": 0, "card": 72, "charm": 0}, "pk": 3}, {"model": "npcs.npc", "fields": {"deck": null, "dash": 0, "power": 0, "force": 0, "wisdom": 0, "slug": "renee_lilac", "name": "Renee Lilac", "resist": 0, "card": 71, "charm": 0}, "pk": 4}, {"model": "npcs.npcinstance", "fields": {"npc": 1, "player": 1}, "pk": 20}, {"model": "npcs.npcinstance", "fields": {"npc": 2, "player": 1}, "pk": 21}, {"model": "npcs.npclink", "fields": {"npc": 1, "event": 2}, "pk": 1}, {"model": "npcs.npclink", "fields": {"npc": 1, "event": 19}, "pk": 3}]